"school","school_slug","region","programme_name","url","format","partner","level","fee_currency","fee_amount","duration_days","duration_weeks","is_new","scheduled_runs","school_category","channel","mark","theme","subtheme","topic","topic_id","secondary_topic_id","ai_era_flag","match_confidence"
"Emeritus","emeritus","India","Professional Certificate in Instructional Design","https://admissions.emeritus.org/programs/emeritus/professional-certificate-in-instructional-design?src_trk=em680a3aebd165d2.30287792886357090&utm_campaign=organic&utm_medium=EmWebsite&utm_source=google&_gl=1*1a2ahvo*_gcl_au*MTA2NjM2MDUyNy4xNzQ1NTA3MDc5*_ga*NjQ2NjMxNzg4LjE3NDU1MDExMzM.*_ga_Q6TD6R55VD*czE3NTA2MDM2MzEkbzI4JGcxJHQxNzUwNjA4NTg0JGozMSRsMCRoMTI5NjEwOTE5MQ..","Self-paced Online","","Mixed","INR","302000","","21.6","","1","","Direct","","UNCLASSIFIED","","","","","","none"
"Emeritus","emeritus","India","Professional Certificate in Data Engineering with Microsoft Azure","https://admissions.emeritus.org/programs/emeritus/professional-certificate-in-data-engineering-with-microsoft-azure?src_trk=em680a3aebd165d2.30287792886357090&utm_campaign=organic&utm_medium=EmWebsite&utm_source=google&_gl=1*ic5z79*_gcl_au*MTA2NjM2MDUyNy4xNzQ1NTA3MDc5*_ga*NjQ2NjMxNzg4LjE3NDU1MDExMzM.*_ga_Q6TD6R55VD*czE3NTA2MDM2MzEkbzI4JGcxJHQxNzUwNjA4NTg0JGozMSRsMCRoMTI5NjEwOTE5MQ..","Campus","","Mid-career","INR","259000","","26.0","","1","","Direct","","UNCLASSIFIED","","","","","","none"
"Emeritus","emeritus","India","Global Executive Immersion: Silicon Valley","https://online.emeritus.org/global-executive-ai-immersion?src_trk=em680a3aebd165d2.302877921704543147&utm_campaign=organic&utm_medium=EmWebsite&utm_source=google&_gl=1*juyogx*_gcl_au*MTA2NjM2MDUyNy4xNzQ1NTA3MDc5*_ga*NjQ2NjMxNzg4LjE3NDU1MDExMzM.*_ga_Q6TD6R55VD*czE3NTA2MTg2MjQkbzI5JGcxJHQxNzUwNjIwNDk1JGo2MCRsMCRoNjg1NjQ3NjQ2","Blended","","C-suite/Senior","","","6","1.2","","1","","Direct","","Leadership & Executive Capability","Senior and C-suite leadership","Becoming a C-suite officer (role-specific ladders)","T01.S02.P02","T03.S03.P04","Stable","low"
"Emeritus","emeritus","India","Post Graduate Program in Data Science and AI","https://executive-ed.xpro.mit.edu/post-graduate-program-in-data-science-and-ai?src_trk=em680a3aebd165d2.3028779295613785&utm_campaign=organic&utm_medium=EmWebsite&utm_source=google","Campus","","Mixed","INR","260000","","39.0","","1","","Direct","","AI, Data & Digital","Data, analytics and decisions","Data science and applied statistics for managers","T03.S04.P02","","Stable","high"
"Emeritus","emeritus","India","Advanced Program in Technology Leadership and Innovation","https://executive-ed.xpro.mit.edu/technology-leadership-and-innovation?src_trk=em680a3aebd165d2.3028779295613785&utm_campaign=organic&utm_medium=EmWebsite&utm_source=google","Campus","","C-suite/Senior","INR","385000","","39.0","","1","","Direct","","Leadership & Executive Capability","Senior and C-suite leadership","Becoming a C-suite officer (role-specific ladders)","T01.S02.P02","T03.S03.P04","Stable","low"
"Emeritus","emeritus","India","Building AI Products and Services","https://executive-ed.xpro.mit.edu/building-ai-products-and-services?src_trk=em680a3aebd165d2.3028779295613785&utm_campaign=organic&utm_medium=EmWebsite&utm_source=google","Self-paced Online","","Mixed","INR","191000","","12.0","","1","","Direct","","Marketing, Sales & Customer","Marketing strategy and brand","Product management and product marketing","T05.S01.P05","","Stable","low"
"Emeritus","emeritus","India","Post Graduate Certificate in Cybersecurity","https://executive-ed.xpro.mit.edu/post-graduate-certificate-in-cybersecurity?src_trk=em680a3aebd165d2.3028779295613785&utm_campaign=organic&utm_medium=EmWebsite&utm_source=google","Campus","","Mid-career","INR","261000","","43.3","","1","","Direct","","AI, Data & Digital","Cybersecurity and technology risk","Cybersecurity strategy for leaders and boards","T03.S05.P01","","Transformed","high"
"Emeritus","emeritus","India","Post Graduate Program in AI and Machine Learning","https://em-executive.berkeley.edu/post-graduate-program-in-ai-and-ml?src_trk=em680a3aebd165d2.302877921058966122&utm_campaign=organic&utm_medium=EmWebsite&utm_source=google","Campus","","Mixed","INR","265000","","39.0","","1","","Direct","","Marketing, Sales & Customer","Marketing strategy and brand","Product management and product marketing","T05.S01.P05","","Stable","low"
"Emeritus","emeritus","India","Artificial Intelligence & GenAI: Business Strategies and Applications","https://em-executive.berkeley.edu/artificial-intelligence-and-genai-business-strategies-and-applications?src_trk=em680a3aebd165d2.302877921058966122&utm_campaign=organic&utm_medium=EmWebsite&utm_source=google","Campus","","Mid-career","INR","149000","","13.0","","1","","Direct","","AI, Data & Digital","AI foundations for leaders","Generative AI foundations and prompting","T03.S01.P02","","New","high"
"Emeritus","emeritus","India","Data Analytics for Business Strategy: Essential Tools and Applications","https://iimkozhikode.emeritus.org/iimk-professional-certificate-programme-in-data-analytics-for-business-strategy?src_trk=em680a3aebd165d2.30287792886357090&utm_campaign=organic&utm_medium=EmWebsite&utm_source=google&_gl=1*qqq71a*_gcl_au*MTA2NjM2MDUyNy4xNzQ1NTA3MDc5*_ga*NjQ2NjMxNzg4LjE3NDU1MDExMzM.*_ga_Q6TD6R55VD*czE3NTA2MDM2MzEkbzI4JGcxJHQxNzUwNjA0NjM5JGo0MiRsMCRoMTI5NjEwOTE5MQ..","Blended","","Mid-career","INR","210000","","43.3","","1","","Direct","","AI, Data & Digital","Data, analytics and decisions","Business analytics for decision-making","T03.S04.P01","","Stable","high"
"Emeritus","emeritus","India","General Management Programme for Business Excellence","https://iimkozhikode.emeritus.org/iimk-general-management-programme-for-business-excellence?src_trk=em680a3aebd165d2.30287792886357090&utm_campaign=organic&utm_medium=EmWebsite&utm_source=google&_gl=1*1lvhrp3*_gcl_au*MTA2NjM2MDUyNy4xNzQ1NTA3MDc5*_ga*NjQ2NjMxNzg4LjE3NDU1MDExMzM.*_ga_Q6TD6R55VD*czE3NTA2MDM2MzEkbzI4JGcxJHQxNzUwNjA1NjUwJGo2MCRsMCRoMTI5NjEwOTE5MQ..","Self-paced Online","","Mid-career","INR","248500","","43.3","","1","","Direct","","General Management (Integrative)","Comprehensive general management","General management programmes for senior leaders","T15.S01.P01","T01.S02.P03","Stable","high"
"Harvard Business School","hbs","Global","Senior Executive Leadership Program—India","https://www.exed.hbs.edu/senior-executive-leadership-program-india","Blended","","C-suite/Senior","INR","4400000","","32","","1","HBS ExEd: Leadership Immersions; Leadership","Direct","","Leadership & Executive Capability","Foundational leadership","Leadership styles and situational leadership","T01.S01.P05","","Stable","fallback"
"Harvard Business School","hbs","Global","Leading in the Digital Era","https://www.exed.hbs.edu/leading-digital-era","Campus","","Mid-career","USD","15500","6","1.2","","1","HBS ExEd: Topic-Focused Programs; AI & Digital Transformation; Leadership","Direct","","AI, Data & Digital","Digital transformation","Enterprise digital transformation strategy and roadmaps","T03.S03.P01","","Transformed","low"
"Harvard Business School","hbs","Global","Leadership for Senior Executives","https://www.exed.hbs.edu/leadership-senior-executives","Campus","","C-suite/Senior","USD","18500","6","1.2","","1","HBS ExEd: Topic-Focused Programs; Leadership","Direct","","Leadership & Executive Capability","Foundational leadership","Leadership styles and situational leadership","T01.S01.P05","","Stable","fallback"
"Harvard Business School","hbs","Global","Public Education Leadership Project","https://www.exed.hbs.edu/public-education-leadership-project","Campus","","Mid-career","USD","37000","5","1.0","","1","HBS ExEd: Topic-Focused Programs; Social Enterprise & Nonprofits","Direct","","Innovation & Entrepreneurship","Entrepreneurship","Social entrepreneurship and impact ventures","T09.S02.P04","T11.S02.P01","Stable","low"
"Harvard Business School","hbs","Global","The Women's Leadership Forum","https://www.exed.hbs.edu/womens-leadership-forum","Campus","","Mid-career","USD","14500","5","1.0","","1","HBS ExEd: Topic-Focused Programs; Leadership","Direct","","People, Talent & Organisation","Culture, DEI and organisational behaviour","Women's leadership and gender in the workplace","T07.S04.P03","","Stable","high"
"Harvard Business School","hbs","Global","Advancing Women of Color in Leadership","https://www.exed.hbs.edu/advancing-women-color-leadership","Campus","","Early/Emerging","USD","6250","4","0.8","","1","HBS ExEd: Topic-Focused Programs; Leadership","Direct","","People, Talent & Organisation","Culture, DEI and organisational behaviour","Women's leadership and gender in the workplace","T07.S04.P03","T01.S01.P03","Stable","high"
"Harvard Business School","hbs","Global","Owner/President Management","https://www.exed.hbs.edu/owner-president-management","Campus","","C-suite/Senior","USD","55000","20","103.9","","1","HBS ExEd: Leadership Immersions; Leadership","Direct","","Leadership & Executive Capability","Senior and C-suite leadership","CEO / top management leadership","T01.S02.P01","T01.S02.P02","Stable","officer-rule"
"Harvard Business School","hbs","Global","Program for Leadership Development","https://www.exed.hbs.edu/leadership-development","Blended","","C-suite/Senior","USD","57000","","28","","1","HBS ExEd: Leadership Immersions; General Management","Direct","","People, Talent & Organisation","Talent, learning and workforce","Leadership development and succession architecture","T07.S02.P05","","Stable","high"
"Harvard Business School","hbs","Global","Senior Executive Leadership Program—China","https://www.exed.hbs.edu/senior-executive-leadership-program-china","Campus","","C-suite/Senior","other","680000","","7.0","","1","HBS ExEd: Leadership Immersions; Leadership","Direct","","Innovation & Entrepreneurship","Entrepreneurship","Starting and scaling a venture","T09.S02.P01","","Stable","low"
"Harvard Business School","hbs","Global","Senior Executive Leadership Program—Middle East","https://www.exed.hbs.edu/senior-executive-leadership-program-middle-east","Campus","","C-suite/Senior","USD","85000","","7.0","","1","HBS ExEd: Leadership Immersions; Leadership","Direct","","Innovation & Entrepreneurship","Entrepreneurship","Starting and scaling a venture","T09.S02.P01","","Stable","low"
"Harvard Business School","hbs","Global","Driving Strategic Decisions—Virtual","https://www.exed.hbs.edu/driving-strategic-decisions-virtual","Live Online","","Mid-career","USD","7250","","6","","1","HBS ExEd: Topic-Focused Programs; Negotiation & Decision-Making","Direct","","Marketing, Sales & Customer","Sales and go-to-market","Negotiation for commercial outcomes","T05.S04.P05","T14.S02.P01","Stable","low"
"Harvard Business School","hbs","Global","Real Estate Management Program","https://www.exed.hbs.edu/real-estate-management-program","Campus","","Mid-career","USD","16000","6","1.2","","1","HBS ExEd: Topic-Focused Programs; General Management","Direct","","Finance & Accounting","Investment and capital markets","Real estate finance and investment","T04.S02.P04","","Stable","high"
"Harvard Business School","hbs","Global","Designing and Executing Corporate Revitalization","https://www.exed.hbs.edu/designing-executing-corporate-revitalization","Campus","","Mid-career","USD","16000","6","1.2","","1","HBS ExEd: Topic-Focused Programs; Strategy","Direct","","Leadership & Executive Capability","Senior and C-suite leadership","Becoming a C-suite officer (role-specific ladders)","T01.S02.P02","T03.S03.P04","Stable","low"
"Harvard Business School","hbs","Global","Transforming Health Care Delivery","https://www.exed.hbs.edu/transforming-health-care-delivery","Blended","","Mid-career","USD","28000","","24","","1","HBS ExEd: Topic-Focused Programs; Health Care","Direct","","Healthcare & Life Sciences","Healthcare management","Hospital and healthcare operations management","T12.S01.P01","","Stable","fallback"
"Harvard Business School","hbs","Global","Leading Change and Organizational Renewal","https://www.exed.hbs.edu/leading-change-organizational-renewal","Campus","","Mid-career","USD","18500","6","1.2","","1","HBS ExEd: Topic-Focused Programs; Leadership","Direct","","Leadership & Executive Capability","Change, resilience and crisis","Leading change and transformation","T01.S05.P01","","Stable","high"
"Harvard Business School","hbs","Global","Making Corporate Boards More Effective","https://www.exed.hbs.edu/making-corporate-boards-more-effective","Campus","","Board","USD","13000","4","0.8","","1","HBS ExEd: Topic-Focused Programs; Board Governance","Direct","","Governance, Risk & Legal","Board governance","Board effectiveness and director duties","T08.S01.P01","","Stable","fallback"
"Harvard Business School","hbs","Global","Senior Executive Program—Africa","https://www.exed.hbs.edu/senior-executive-program-africa","Blended","","C-suite/Senior","USD","30000","","16","","1","HBS ExEd: Topic-Focused Programs; Leadership","Direct","","Leadership & Executive Capability","Senior and C-suite leadership","Becoming a C-suite officer (role-specific ladders)","T01.S02.P02","T03.S03.P04","Stable","low"
"Harvard Business School","hbs","Global","Rising Generation in the Family Enterprise","https://www.exed.hbs.edu/rising-generation-family-enterprise","Campus","","Early/Emerging","USD","13500","4","","","1","HBS ExEd: Topic-Focused Programs; Family Enterprise","Direct","","Innovation & Entrepreneurship","Entrepreneurship","Family business succession and next-generation owners","T09.S02.P03","","Stable","high"
"Harvard Business School","hbs","Global","Investment Management Workshop","https://www.exed.hbs.edu/investment-management-workshop","Campus","","Mid-career","","","","","","1","HBS ExEd: Topic-Focused Programs; Finance","Direct","","Finance & Accounting","Investment and capital markets","Investment management and portfolio theory","T04.S02.P01","","Stable","high"
"Harvard Business School","hbs","Global","Strategic Negotiations: Dealmaking for the Long Term","https://www.exed.hbs.edu/strategic-negotiations","Campus","","Mid-career","USD","15000","","","","1","HBS ExEd: Topic-Focused Programs; Negotiation & Decision-Making","Direct","","Marketing, Sales & Customer","Sales and go-to-market","Negotiation for commercial outcomes","T05.S04.P05","T08.S02.P01","Stable","high"
"Harvard Business School","hbs","Global","Compensation and Human Capital Committees","https://www.exed.hbs.edu/compensation-human-capital-committees","Campus","","Board","USD","8250","3","","","1","HBS ExEd: Topic-Focused Programs; Board Governance","Direct","","People, Talent & Organisation","HR strategy and the CHRO agenda","Compensation, benefits and rewards","T07.S01.P04","","Stable","high"
"Harvard Business School","hbs","Global","Audit and Risk Committees","https://www.exed.hbs.edu/audit-risk-committees","Campus","","Board","USD","8250","3","","","1","HBS ExEd: Topic-Focused Programs; Board Governance","Direct","","Governance, Risk & Legal","Board governance","Board committees: audit, remuneration, risk, nomination","T08.S01.P02","","Stable","high"
"Harvard Business School","hbs","Global","Launching New Ventures","https://www.exed.hbs.edu/launching-new-ventures","Campus","","Mid-career","USD","19250","7","1.4","","1","HBS ExEd: Topic-Focused Programs; Innovation","Direct","","Innovation & Entrepreneurship","Entrepreneurship","Starting and scaling a venture","T09.S02.P01","","Stable","high"
"Harvard Business School","hbs","Global","Growing as an Enterprise Leader","https://www.exed.hbs.edu/growing-enterprise-leader","Campus","","Mid-career","USD","18500","6","1.2","","1","HBS ExEd: Topic-Focused Programs; Leadership","Direct","","Leadership & Executive Capability","Foundational leadership","Leadership styles and situational leadership","T01.S01.P05","","Stable","fallback"
"Harvard Business School","hbs","Global","Mergers and Acquisitions","https://www.exed.hbs.edu/mergers-acquisitions-strategy-execution-post-merger-management","Campus","","Mid-career","USD","18500","6","1.2","","1","HBS ExEd: Topic-Focused Programs; Negotiation & Decision-Making","Direct","","Strategy","M&A and corporate development","M&A strategy and deal rationale","T02.S05.P01","T05.S04.P05","Stable","high"
"Harvard Business School","hbs","Global","Leading and Building a Culture of Innovation","https://www.exed.hbs.edu/leading-building-culture-innovation","Campus","","Mid-career","USD","17000","6","1.2","","1","HBS ExEd: Topic-Focused Programs; Leadership; Innovation","Direct","","Innovation & Entrepreneurship","Innovation management","Innovation strategy and portfolio","T09.S01.P01","","Stable","fallback"
"Harvard Business School","hbs","Global","Preparing to Be a Corporate Director","https://www.exed.hbs.edu/preparing-corporate-director","Campus","","Board","USD","13000","4","0.8","","1","HBS ExEd: Topic-Focused Programs; Board Governance","Direct","","Governance, Risk & Legal","Board governance","Board effectiveness and director duties","T08.S01.P01","T01.S02.P02","Stable","high"
"Harvard Business School","hbs","Global","Leading Professional Service Firms","https://www.exed.hbs.edu/leading-professional-service-firms","Campus","","Mid-career","USD","18500","6","1.2","","1","HBS ExEd: Topic-Focused Programs; General Management","Direct","","Sector-Specific Management","Services and consumer sectors","Professional services and consulting management","T13.S02.P05","T01.S02.P02","Stable","high"
"Harvard Business School","hbs","Global","Managing Innovation","https://www.exed.hbs.edu/managing-innovation","Campus","","Mid-career","USD","13500","5","","","1","HBS ExEd: Topic-Focused Programs; Innovation","Direct","","Innovation & Entrepreneurship","Innovation management","Innovation strategy and portfolio","T09.S01.P01","","Stable","fallback"
"Harvard Business School","hbs","Global","Finance for Senior Executives","https://www.exed.hbs.edu/finance-senior-executives","Blended","","C-suite/Senior","USD","14500","11","2.2","","1","HBS ExEd: Topic-Focused Programs; Finance","Direct","","Finance & Accounting","Finance for executives","Finance for non-finance managers","T04.S01.P01","","Stable","fallback"
"Harvard Business School","hbs","Global","Advanced Corporate Director Seminar","https://www.exed.hbs.edu/advanced-corporate-director-seminar","Campus","","Board","USD","7500","","","","1","HBS ExEd: Topic-Focused Programs; Board Governance","Direct","","Marketing, Sales & Customer","Digital growth and performance marketing","Digital marketing and performance media","T05.S02.P01","T08.S01.P01","Transformed","high"
"Harvard Business School","hbs","Global","Winning With AI","https://www.exed.hbs.edu/winning-ai","Campus","","Mid-career","USD","17500","6","","","1","HBS ExEd: Topic-Focused Programs; AI & Digital Transformation","Direct","","AI, Data & Digital","Digital transformation","Enterprise digital transformation strategy and roadmaps","T03.S03.P01","","Transformed","low"
"Harvard Business School","hbs","Global","Risk Management for Corporate Leaders—Virtual","https://www.exed.hbs.edu/risk-management-corporate-leaders-virtual","Live Online","","Mid-career","USD","9250","11","2.2","","1","HBS ExEd: Topic-Focused Programs; General Management","Direct","","Leadership & Executive Capability","Senior and C-suite leadership","Becoming a C-suite officer (role-specific ladders)","T01.S02.P02","T03.S03.P04","Stable","low"
"Harvard Business School","hbs","Global","Transforming Customer Experiences","https://www.exed.hbs.edu/transforming-customer-experiences","Campus","","Mid-career","USD","15500","6","","","1","HBS ExEd: Topic-Focused Programs; General Management","Direct","","AI, Data & Digital","Digital transformation","Digital customer experience and omnichannel","T03.S03.P04","","Transformed","high"
"Harvard Business School","hbs","Global","General Management Program","https://www.exed.hbs.edu/general-management-program","Blended","","C-suite/Senior","USD","81000","","16","","1","HBS ExEd: Leadership Immersions; General Management","Direct","","General Management (Integrative)","Comprehensive general management","General management programmes for senior leaders","T15.S01.P01","","Stable","fallback"
"Harvard Business School","hbs","Global","China Leadership Renewal Program","https://www.exed.hbs.edu/china-leadership-renewal-program","Campus","","Mid-career","USD","18000","6","1.2","","1","HBS ExEd: Topic-Focused Programs; Leadership","Direct","","Leadership & Executive Capability","Senior and C-suite leadership","Becoming a C-suite officer (role-specific ladders)","T01.S02.P02","T03.S03.P04","Stable","low"
"Harvard Business School","hbs","Global","Value Creation Through Effective Boards","https://www.exed.hbs.edu/value-creation-through-effective-boards","Campus","IESE Business School (co-delivered)","Board","EUR","11000","4","0.8","","1","HBS ExEd: Topic-Focused Programs; Board Governance","Partner","(P)","Governance, Risk & Legal","Board governance","Board effectiveness and director duties","T08.S01.P01","","Stable","fallback"
"Harvard Business School","hbs","Global","Changing the Game: Negotiation and Competitive Decision-Making","https://www.exed.hbs.edu/changing-game-negotiation-competitive-decision-making","Campus","","Mid-career","USD","16000","6","1.2","","1","HBS ExEd: Topic-Focused Programs; Negotiation & Decision-Making","Direct","","Marketing, Sales & Customer","Sales and go-to-market","Negotiation for commercial outcomes","T05.S04.P05","T14.S02.P01","Stable","high"
"Harvard Business School","hbs","Global","PLD Module 5","https://www.exed.hbs.edu/leadership-development-module-5","Blended","","Mid-career","USD","29750","","9.0","","1","HBS ExEd: Topic-Focused Programs; Leadership","Direct","","Leadership & Executive Capability","Foundational leadership","Leadership styles and situational leadership","T01.S01.P05","","Stable","fallback"
"Harvard Business School","hbs","Global","Creating Brand Value","https://www.exed.hbs.edu/creating-brand-value","Campus","","Mid-career","USD","11750","4","0.8","","1","HBS ExEd: Topic-Focused Programs; Marketing & Sales","Direct","","Marketing, Sales & Customer","Marketing strategy and brand","Brand management and positioning","T05.S01.P02","T01.S02.P02","Stable","high"
"Harvard Business School","hbs","Global","Competing in the Age of AI—Virtual","https://www.exed.hbs.edu/competing-age-ai-virtual","Live Online","","Mid-career","USD","7250","","9.0","","1","HBS ExEd: Topic-Focused Programs; AI & Digital Transformation","Direct","","AI, Data & Digital","Digital transformation","Enterprise digital transformation strategy and roadmaps","T03.S03.P01","","Transformed","low"
"Harvard Business School","hbs","Global","Agribusiness Seminar","https://www.exed.hbs.edu/agribusiness-seminar","Campus","","Mid-career","USD","12500","4","","","1","HBS ExEd: Topic-Focused Programs; Leadership","Direct","","Marketing, Sales & Customer","Digital growth and performance marketing","Digital marketing and performance media","T05.S02.P01","T11.S02.P02","Transformed","high"
"Harvard Business School","hbs","Global","Women's Leadership Essentials—Virtual","https://www.exed.hbs.edu/womens-leadership-essentials-virtual","Live Online","","Mid-career","USD","7250","","6","","1","HBS ExEd: Topic-Focused Programs; Leadership","Direct","","People, Talent & Organisation","Culture, DEI and organisational behaviour","Women's leadership and gender in the workplace","T07.S04.P03","","Stable","high"
"Harvard Business School","hbs","Global","Families in Business","https://www.exed.hbs.edu/families-in-business","Campus","","Mid-career","USD","18000","6","1.2","","1","HBS ExEd: Topic-Focused Programs; Family Enterprise","Direct","","Innovation & Entrepreneurship","Entrepreneurship","Family business succession and next-generation owners","T09.S02.P03","","Stable","low"
"Harvard Business School","hbs","Global","Advanced Management Program","https://www.exed.hbs.edu/advanced-management-program","Campus","","C-suite/Senior","USD","94000","","13.0","","1","HBS ExEd: Leadership Immersions; General Management","Direct","","Leadership & Executive Capability","Senior and C-suite leadership","CEO / top management leadership","T01.S02.P01","T01.S02.P02","Stable","high"
"Harvard Business School","hbs","Global","Driving Nonprofit Performance and Innovation—Virtual","https://www.exed.hbs.edu/driving-nonprofit-performance-innovation-virtual","Live Online","","Mid-career","USD","4400","9","1.8","","1","HBS ExEd: Topic-Focused Programs; Social Enterprise & Nonprofits","Direct","","Innovation & Entrepreneurship","Entrepreneurship","Social entrepreneurship and impact ventures","T09.S02.P04","T01.S02.P02","Stable","low"
"Harvard Business School","hbs","Global","Driving Corporate Performance","https://www.exed.hbs.edu/driving-corporate-performance","Campus","","Mid-career","","","","","","1","HBS ExEd: Topic-Focused Programs; General Management","Direct","","General Management (Integrative)","Comprehensive general management","General management programmes for senior leaders","T15.S01.P01","","Stable","fallback"
"Harvard Business School","hbs","Global","Driving Digital and AI Strategy","https://www.exed.hbs.edu/driving-digital-ai-strategy","Campus","","Mid-career","","","","","","1","HBS ExEd: Topic-Focused Programs; AI & Digital Transformation","Direct","","Strategy","AI-era strategy","AI strategy for the enterprise","T02.S03.P01","T03.S03.P01","New","high"
"Harvard Business School","hbs","Global","Strategy: Building and Sustaining Competitive Advantage","https://www.exed.hbs.edu/strategy-building-sustaining-competitive-advantage","Campus","","Mid-career","USD","18000","6","1.2","","1","HBS ExEd: Topic-Focused Programs; Strategy","Direct","","Strategy","Corporate and competitive strategy","Competitive strategy and advantage","T02.S01.P01","T02.S03.P02","Stable","high"
"Harvard Business School","hbs","Global","Building a Legacy: Family Office Wealth Management","https://www.exed.hbs.edu/building-legacy-family-office-wealth-management","Campus","","Mid-career","USD","12750","4","0.8","","1","HBS ExEd: Topic-Focused Programs; Family Enterprise","Direct","","Finance & Accounting","Investment and capital markets","Investment management and portfolio theory","T04.S02.P01","T09.S02.P03","Stable","high"
"Harvard Business School","hbs","Global","Succeeding as a Strategic CFO","https://www.exed.hbs.edu/succeeding-strategic-cfo","Campus","","Mid-career","USD","12500","4","0.8","","1","HBS ExEd: Topic-Focused Programs; Finance","Direct","","Finance & Accounting","Finance for executives","Corporate finance and capital allocation","T04.S01.P03","T01.S02.P02","Stable","officer-rule"
"Harvard Business School","hbs","Global","Disruptive Innovation: Strategies for a Successful Enterprise","https://www.exed.hbs.edu/disruptive-innovation","Campus","","Mid-career","","","","","","1","HBS ExEd: Topic-Focused Programs; Innovation","Direct","","Innovation & Entrepreneurship","Innovation management","Innovation strategy and portfolio","T09.S01.P01","","Stable","fallback"
"Harvard Business School","hbs","Global","Aligning Strategy and Sales","https://www.exed.hbs.edu/aligning-strategy-sales","Campus","","Mid-career","","","","","","1","HBS ExEd: Topic-Focused Programs; Marketing & Sales","Direct","","Marketing, Sales & Customer","Sales and go-to-market","Sales leadership and sales force management","T05.S04.P01","","Stable","fallback"
"Harvard Business School","hbs","Global","Foundations of Private Equity and Venture Capital","https://www.exed.hbs.edu/foundations-private-equity-venture-capital","Campus","","Mid-career","USD","12500","4","0.8","","1","HBS ExEd: Topic-Focused Programs; Finance","Direct","","Finance & Accounting","Investment and capital markets","Private equity and venture capital","T04.S02.P02","T14.S02.P05","Stable","high"
"Harvard Business School","hbs","Global","The Business of Entertainment, Media, and Sports","https://www.exed.hbs.edu/business-entertainment-media-sports","Campus","","Mid-career","USD","13500","4","0.8","","1","HBS ExEd: Topic-Focused Programs; General Management","Direct","","Sector-Specific Management","Regulated and asset-heavy sectors","Telecom, media and entertainment management","T13.S01.P04","T13.S01.P05","Stable","high"
"Harvard Business School","hbs","Global","Ascending the Peak: Finding the Leader Within—Virtual","https://www.exed.hbs.edu/ascending-peak-finding-leader-within-virtual","Live Online","","Mid-career","USD","6250","","8","","1","HBS ExEd: Topic-Focused Programs; Leadership","Direct","","Leadership & Executive Capability","Foundational leadership","Leadership styles and situational leadership","T01.S01.P05","","Stable","fallback"
"Harvard Business School","hbs","Global","Strategic Perspectives in Nonprofit Management","https://www.exed.hbs.edu/strategic-perspectives-nonprofit-management","Campus","","Mid-career","USD","7750","6","1.4","","1","HBS ExEd: Topic-Focused Programs; Social Enterprise & Nonprofits","Direct","","Innovation & Entrepreneurship","Entrepreneurship","Social entrepreneurship and impact ventures","T09.S02.P04","T01.S02.P02","Stable","high"
"Harvard Business School","hbs","Global","Private Equity and Venture Capital","https://www.exed.hbs.edu/private-equity-venture-capital","Campus","","Mid-career","USD","13000","4","0.8","","1","HBS ExEd: Topic-Focused Programs; Finance","Direct","","Finance & Accounting","Investment and capital markets","Private equity and venture capital","T04.S02.P02","T14.S02.P05","Stable","high"
"Harvard Business School","hbs","Global","Strategic Marketing for Driving Growth","https://www.exed.hbs.edu/strategic-marketing-driving-growth","Campus","","Mid-career","USD","15550","6","1.2","","1","HBS ExEd: Topic-Focused Programs; Marketing & Sales; AI & Digital Transformation","Direct","","Marketing, Sales & Customer","Marketing strategy and brand","Marketing strategy for executives","T05.S01.P01","T03.S03.P01","Stable","high"
"Harvard Business School","hbs","Global","Leading Family Business Strategy—Virtual","https://www.exed.hbs.edu/leading-family-business-strategy-virtual","Live Online","","Mid-career","USD","3000","","","","1","HBS ExEd: Topic-Focused Programs; Family Enterprise","Direct","","Innovation & Entrepreneurship","Entrepreneurship","Family business succession and next-generation owners","T09.S02.P03","","Stable","high"
"Harvard Business School","hbs","Global","Women on Boards: Succeeding as a Corporate Director","https://www.exed.hbs.edu/women-boards-succeeding-corporate-director","Campus","","Board","USD","14500","5","1.0","","1","HBS ExEd: Topic-Focused Programs; Board Governance","Direct","","People, Talent & Organisation","Culture, DEI and organisational behaviour","Women's leadership and gender in the workplace","T07.S04.P03","T08.S01.P01","Stable","high"
"Harvard Business School","hbs","Global","Leading Global Businesses","https://www.exed.hbs.edu/leading-global-businesses","Campus","","Mid-career","USD","18500","6","1.2","","1","HBS ExEd: Topic-Focused Programs; Leadership","Direct","","Leadership & Executive Capability","Foundational leadership","Leadership styles and situational leadership","T01.S01.P05","","Stable","fallback"
"Harvard Business School","hbs","Global","Authentic Leader Development","https://www.exed.hbs.edu/authentic-leader-development","Campus","","Mid-career","USD","17000","6","1.2","","1","HBS ExEd: Topic-Focused Programs; Leadership","Direct","","Leadership & Executive Capability","Foundational leadership","Authentic and purpose-driven leadership","T01.S01.P04","","Stable","high"
"Harvard Business School","hbs","Global","Generative AI Strategy and Execution","https://www.exed.hbs.edu/generative-ai-strategy-execution","Campus","","Mid-career","USD","12000","4","","","1","HBS ExEd: Topic-Focused Programs; AI & Digital Transformation","Direct","","Strategy","AI-era strategy","AI strategy for the enterprise","T02.S03.P01","T03.S01.P02","New","high"
"Harvard Business School","hbs","Global","High Potentials Leadership Program","https://www.exed.hbs.edu/high-potentials-leadership-program","Campus","","Early/Emerging","USD","18500","6","1.2","","1","HBS ExEd: Topic-Focused Programs; Leadership","Direct","","Leadership & Executive Capability","Foundational leadership","Leadership styles and situational leadership","T01.S01.P05","","Stable","fallback"
"Harvard Business School","hbs","Global","Mastering Strategy Essentials—Virtual","https://www.exed.hbs.edu/mastering-strategy-essentials-virtual","Live Online","","Mid-career","USD","7250","","4.0","","1","HBS ExEd: Topic-Focused Programs; Strategy","Direct","","Strategy","Corporate and competitive strategy","Competitive strategy and advantage","T02.S01.P01","","Stable","fallback"
"Harvard Business School","hbs","Global","Executive Certificate Programme in AI for Business","https://tinyurl.com/msss99d5","Blended","","Mid-career","INR","125000","","30.3","","1","","Direct","","AI, Data & Digital","AI foundations for leaders","AI and machine learning fundamentals for executives","T03.S01.P01","","Transformed","high"
"Harvard Business School","hbs","Global","Executive Certificate Programme in Fintech & Blockchain","https://www.exed.hbs.edu/general-management-program","Live Online","","Mixed","INR","125000","","30.3","","1","","Direct","","AI, Data & Digital","Emerging technology","Blockchain, tokenisation and Web3","T03.S06.P01","T04.S04.P01","Stable","high"
"Harvard Business School","hbs","Global","Managing Turbulance","https://www.exed.hbs.edu/managing-turbulence","Campus","","C-suite/Senior","USD","19500","","8.0","","1","","Direct","","Leadership & Executive Capability","Senior and C-suite leadership","Becoming a C-suite officer (role-specific ladders)","T01.S02.P02","T03.S03.P04","Stable","low"
"Harvard Business School","hbs","Global","Managing Healthcare Delivery","https://pll.harvard.edu/course/managing-health-care-delivery","Campus","","Unknown","USD","28000","","28.0","","1","","Direct","","Healthcare & Life Sciences","Healthcare management","Hospital and healthcare operations management","T12.S01.P01","","Stable","fallback"
"Harvard Business School","hbs","Global","Developing Yourself as a Leader","Developing Yourself as a Leader—Virtual | Executive Education","Live Online","","Mid-career","USD","6000","","11.0","","1","","Direct","","Leadership & Executive Capability","Foundational leadership","Leadership styles and situational leadership","T01.S01.P05","","Stable","fallback"
"Harvard Business School","hbs","Global","Compensation Committees: New Challenges, New Solutions","Compensation Committees: New Challenges, New Solutions | Executive Education","Campus","","C-suite/Senior","USD","8000","3","0.6","","1","","Direct","","People, Talent & Organisation","HR strategy and the CHRO agenda","Compensation, benefits and rewards","T07.S01.P04","T01.S02.P02","Stable","high"
"Harvard Business School","hbs","Global","Audit Committees in a New Era of Governance","Audit Committees in a New Era of Governance | Executive Education","Campus","","C-suite/Senior","USD","8000","3","0.6","","1","","Direct","","Governance, Risk & Legal","Board governance","Board committees: audit, remuneration, risk, nomination","T08.S01.P02","T01.S02.P02","Stable","high"
"Harvard Business School","hbs","Global","Driving Digital Strategy","Driving Digital Strategy | Executive Education","Campus","","Senior","USD","15000","6","1.2","","1","","Direct","","AI, Data & Digital","Digital transformation","Enterprise digital transformation strategy and roadmaps","T03.S03.P01","","Transformed","high"
"HEC Paris","hec","Global","Doing business in a complex world","https://www.hec.edu/en/executive-education/doing-business-complex-world#Brochure","Self-paced Online","","Senior","","","","10.0","","1","","Direct","","Strategy","Geopolitics and macro strategy","Country and emerging-market strategy","T02.S04.P04","","Stable","high"
"HEC Paris","hec","Global","Marketing stratégique","https://www.hec.edu/en/executive-education/marketing-strategique#Program","Campus","","Mixed","EUR","5900","4","0.8","","1","","Direct","","Marketing, Sales & Customer","Marketing strategy and brand","Marketing strategy for executives","T05.S01.P01","","Stable","fallback"
"HEC Paris","hec","Global","Management à distance","https://www.hec.edu/en/executive-education/management-distance#Profile","Campus","","Mixed","EUR","3000","2","0.4","","1","","Direct","","UNCLASSIFIED","","","","","","none"
"HEC Paris","hec","Global","Accompagner les transformations permanentes","https://www.hec.edu/en/executive-education/accompagner-les-transformations-permanentes#Program","Campus","","Mixed","EUR","3000","2","0.4","","1","","Direct","","Governance, Risk & Legal","Enterprise risk and compliance","Enterprise risk management","T08.S02.P01","","Stable","high"
"HEC Paris","hec","Global","Enhancing your leadership skills","https://www.hec.edu/en/executive-education/enhancing-your-leadership-skills","Campus","","Mixed","EUR","5900","4","0.8","","1","","Direct","","Leadership & Executive Capability","Foundational leadership","Leadership styles and situational leadership","T01.S01.P05","","Stable","fallback"
"HEC Paris","hec","Global","Stratégie de prix","https://www.hec.edu/en/executive-education/strategie-de-prix#Program","Campus","","Mixed","EUR","3000","2","0.4","","1","","Direct","","UNCLASSIFIED","","","","","","none"
"HEC Paris","hec","Global","Intelligence collective et innovation collaborative","https://www.hec.edu/en/executive-education/intelligence-collective-et-innovation-collaborative#Profile","Campus","","Mixed","EUR","3000","2","0.4","","1","","Direct","","Innovation & Entrepreneurship","Innovation management","Innovation strategy and portfolio","T09.S01.P01","","Stable","fallback"
"HEC Paris","hec","Global","Finance pour non financiers","https://www.hec.edu/en/executive-education/finance-pour-non-financiers#Profile","Campus","","Unknown","EUR","5900","4","0.8","","1","","Direct","","Finance & Accounting","Fintech and AI in finance","AI in finance: credit, trading and risk models","T04.S04.P02","","New","low"
"HEC Paris","hec","Global","Women Leadership Program","https://www.hec.edu/en/executive-education/women-leadership-program#Profile","Campus","","Senior","EUR","5900","4","0.8","","1","","Direct","","People, Talent & Organisation","Culture, DEI and organisational behaviour","Women's leadership and gender in the workplace","T07.S04.P03","","Stable","high"
"HEC Paris","hec","Global","Management des équipes commerciales","https://www.hec.edu/en/executive-education/management-des-equipes-commerciales","Campus","","Unknown","EUR","5900","4","0.8","","1","","Direct","","UNCLASSIFIED","","","","","","none"
"HEC Paris","hec","Global","Marketing digital","https://www.hec.edu/en/executive-education/marketing-digital#Program","Campus","","Board","EUR","5900","4","0.8","","1","","Direct","","Marketing, Sales & Customer","Marketing strategy and brand","Marketing strategy for executives","T05.S01.P01","","Stable","fallback"
"HEC Paris","hec","Global","Pilotage de la performance commerciale","https://www.hec.edu/en/executive-education/pilotage-de-la-performance-commerciale#Program","Campus","","Board","EUR","5900","4","0.8","","1","","Direct","","UNCLASSIFIED","","","","","","none"
"HEC Paris","hec","Global","Développer son potentiel de leader","https://www.hec.edu/en/executive-education/developper-son-potentiel-de-leader","Campus","","Senior","EUR","5900","4","0.8","","1","","Direct","","Leadership & Executive Capability","Foundational leadership","Leadership styles and situational leadership","T01.S01.P05","","Stable","fallback"
"HEC Paris","hec","Global","IA & data en marketing et ventes","https://www.hec.edu/en/executive-education/ia-data-en-marketing-et-ventes#Profile","Campus","","Board","EUR","5900","4","0.8","","1","","Direct","","Marketing, Sales & Customer","Marketing strategy and brand","Marketing strategy for executives","T05.S01.P01","","Stable","fallback"
"HEC Paris","hec","Global","Fundamentals of Digital Transformation","https://www.hec.edu/en/executive-education/fundamentals-digital-transformation","Self-paced Online","","Mixed","EUR","2500","","10.0","","1","","Direct","","AI, Data & Digital","Digital transformation","Enterprise digital transformation strategy and roadmaps","T03.S03.P01","","Transformed","high"
"HEC Paris","hec","Global","Piloter la performance extra-financière et l’impact esg","https://www.hec.edu/en/executive-education/piloter-la-performance-extra-financiere-et-l-impact-esg#Profile","Campus","","Board","EUR","5900","4","0.8","","1","","Direct","","Sustainability, ESG & Climate","Sustainability strategy","Sustainability and ESG strategy for the enterprise","T10.S01.P01","","Transformed","high"
"HEC Paris","hec","Global","Leadership for Executives","https://www.hec.edu/en/executive-education/leadership-executives","Campus","","Senior","EUR","5900","4","0.8","","1","","Direct","","Leadership & Executive Capability","Foundational leadership","Leadership styles and situational leadership","T01.S01.P05","","Stable","fallback"
"HEC Paris","hec","Global","Gouvernance et transmission","https://www.hec.edu/en/executive-education/gouvernance-et-transmission#Profile","Campus","","Board","EUR","5000","3","0.6","","1","","Direct","","Governance, Risk & Legal","Board governance","Board effectiveness and director duties","T08.S01.P01","T09.S02.P03","Stable","low"
"HEC Paris","hec","Global","Gouvernance et Leadership","https://www.hec.edu/en/executive-education/gouvernance-et-leadership#Profile","Campus","","Board","EUR","5000","3","0.6","","1","","Direct","","Governance, Risk & Legal","Board governance","Board effectiveness and director duties","T08.S01.P01","T09.S02.P03","Stable","low"
"HEC Paris","hec","Global","Leading with impact","https://www.hec.edu/en/executive-education/leading-impact#profile","Self-paced Online","","Mid-career","EUR","2500","","10.0","","1","","Direct","","Leadership & Executive Capability","Foundational leadership","Leadership styles and situational leadership","T01.S01.P05","","Stable","fallback"
"HEC Paris","hec","Global","Construire une stratégie Data et IA","https://www.hec.edu/en/executive-education/construire-une-strategie-data-et-ia","Campus","","Mixed","EUR","3000","2","0.4","","1","","Direct","","UNCLASSIFIED","","","","","","none"
"HEC Paris","hec","Global","AI ready for business","https://www.hec.edu/en/executive-education/ai-ready-business#Profile","Campus","","Mixed","EUR","3000","2","0.4","","1","","Direct","","AI, Data & Digital","Digital transformation","Enterprise digital transformation strategy and roadmaps","T03.S03.P01","","Transformed","fallback"
"HEC Paris","hec","Global","Intégrer le développement durable dans la stratégie de l’entreprise","https://www.hec.edu/en/executive-education/integrer-le-developpement-durable-dans-la-strategie-de-l-entreprise#Profile","Campus","","Mixed","EUR","5900","4","0.8","","1","","Direct","","UNCLASSIFIED","","","","","","none"
"HEC Paris","hec","Global","Sustainable transition management","https://www.hec.edu/en/executive-education/sustainable-transition-management#Program","Self-paced Online","","Senior","EUR","3100","","","","1","","Direct","","Sustainability, ESG & Climate","Sustainability strategy","Sustainability and ESG strategy for the enterprise","T10.S01.P01","","Transformed","high"
"HEC Paris","hec","Global","Nouvelles tendances en marketing","https://www.hec.edu/en/executive-education/nouvelles-tendances-en-marketing#Profile","Campus","","Board","EUR","5900","4","0.8","","1","","Direct","","Marketing, Sales & Customer","Marketing strategy and brand","Marketing strategy for executives","T05.S01.P01","","Stable","fallback"
"HEC Paris","hec","Global","Leadership Stratégique","https://www.hec.edu/en/executive-education/leadership-strategique","Campus","","Senior","EUR","5900","4","0.8","","1","","Direct","","Leadership & Executive Capability","Foundational leadership","Leadership styles and situational leadership","T01.S01.P05","","Stable","fallback"
"HEC Paris","hec","Global","Maitriser le financement de l’entreprise et les opérations de Fusions-Acquisitions","https://www.hec.edu/en/executive-education/maitriser-le-financement-de-l-entreprise-et-les-operations-de-fusions-acquisitions","Campus","","Mixed","EUR","5900","4","0.8","","1","","Direct","","Strategy","M&A and corporate development","M&A strategy and deal rationale","T02.S05.P01","T04.S04.P02","Stable","high"
"HEC Paris","hec","Global","Stratégie commerciale","https://www.hec.edu/en/executive-education/strategie-commerciale","Campus","","Board","EUR","5900","4","0.8","","1","","Direct","","UNCLASSIFIED","","","","","","none"
"HEC Paris","hec","Global","Management de l'innovation","https://www.hec.edu/en/executive-education/management-de-l-innovation","Campus","","Unknown","EUR","5900","4","0.8","","1","","Direct","","Innovation & Entrepreneurship","Entrepreneurship","Starting and scaling a venture","T09.S02.P01","","Stable","low"
"HEC Paris","hec","Global","Mettre en oeuvre le développement durable dans les entreprises","https://www.hec.edu/en/executive-education/mettre-en-oeuvre-le-developpement-durable-dans-les-entreprises","Campus","","Mixed","EUR","5900","4","0.8","","1","","Direct","","UNCLASSIFIED","","","","","","none"
"HEC Paris","hec","Global","Gouvernance et Stratégie","https://www.hec.edu/en/executive-education/gouvernance-et-strategie","Campus","","Unknown","EUR","5000","3","0.6","","1","","Direct","","Innovation & Entrepreneurship","Entrepreneurship","Family business succession and next-generation owners","T09.S02.P03","","Stable","low"
"HEC Paris","hec","Global","Purpose & Performance","https://www.hec.edu/en/executive-education/purpose-performance","Campus","","Board","EUR","5000","2","0.4","","1","","Direct","","UNCLASSIFIED","","","","","","none"
"HEC Paris","hec","Global","Développer son leadership par la posture coach","https://www.hec.edu/en/executive-education/developper-son-leadership-par-la-posture-coach","Campus","","Mixed","EUR","5900","4","0.8","","1","","Direct","","Personal Effectiveness & Communication","Executive presence and communication","Public speaking, presentation and boardroom communication","T14.S01.P03","","Stable","fallback"
"HEC Paris","hec","Global","Elaborer Une Strategie Et Manager Sa Performance","https://www.hec.edu/en/executive-education/elaborer-une-strategie-et-manager-sa-performance","Campus","","Senior","EUR","5900","4","0.8","","1","","Direct","","Strategy","Corporate and competitive strategy","Competitive strategy and advantage","T02.S01.P01","","Stable","fallback"
"HEC Paris","hec","Global","Business Strategy","https://www.hec.edu/en/executive-education/business-strategy","Campus","","C-suite/Senior","EUR","6250","4","0.8","","1","","Direct","","Leadership & Executive Capability","Senior and C-suite leadership","Becoming a C-suite officer (role-specific ladders)","T01.S02.P02","T03.S03.P04","Stable","low"
"HEC Paris","hec","Global","Leadership au féminin","https://www.hec.edu/en/executive-education/leadership-au-feminin","Campus","","Senior","EUR","5900","4","0.8","","1","","Direct","","Leadership & Executive Capability","Foundational leadership","Leadership styles and situational leadership","T01.S01.P05","","Stable","fallback"
"HEC Paris","hec","Global","Finance for executives","https://www.hec.edu/en/executive-education/finance-executives","Campus","","Mixed","EUR","5900","4","0.8","","1","","Direct","","Finance & Accounting","Finance for executives","Finance for non-finance managers","T04.S01.P01","","Stable","fallback"
"HEC Paris","hec","Global","Stratégie financière pour décideurs","https://www.hec.edu/en/executive-education/strategie-financiere-pour-decideurs","Campus","","Mixed","EUR","5900","4","0.8","","1","","Direct","","Finance & Accounting","Finance for executives","Finance for non-finance managers","T04.S01.P01","","Stable","fallback"
"HEC Paris","hec","Global","Manager les équipes dans le changement","https://www.hec.edu/en/executive-education/manager-les-equipes-dans-le-changement","Campus","","Senior","EUR","5900","4","0.8","","1","","Direct","","UNCLASSIFIED","","","","","","none"
"HEC Paris","hec","Global","Inclusive leader in a diverse world","https://www.hec.edu/en/executive-education/inclusive-leader-diverse-world","Campus","","Mixed","EUR","5900","4","0.8","","1","","Direct","","Leadership & Executive Capability","Foundational leadership","Leadership styles and situational leadership","T01.S01.P05","","Stable","fallback"
"HEC Paris","hec","Global","Développer un leadership durable","https://www.hec.edu/en/executive-education/developper-un-leadership-durable","Campus","","Mixed","EUR","5900","4","0.8","","1","","Direct","","Leadership & Executive Capability","Foundational leadership","Leadership styles and situational leadership","T01.S01.P05","","Stable","fallback"
"HEC Paris","hec","Global","Diriger dans l'incertitude","https://www.hec.edu/en/executive-education/diriger-dans-l-incertitude","Campus","","Mixed","EUR","5900","4","0.8","","1","","Direct","","UNCLASSIFIED","","","","","","none"
"HEC Paris","hec","Global","Scaling for Success","https://www.hec.edu/en/executive-education/scaling-success","Campus","","Unknown","EUR","5900","4","0.8","","1","","Direct","","Strategy","Corporate and competitive strategy","Growth strategy and scaling","T02.S01.P04","T09.S02.P01","Stable","high"
"HEC Paris","hec","Global","Réussir ses négociations","https://www.hec.edu/en/executive-education/reussir-ses-negociations","Campus","","Mixed","EUR","5900","4","0.8","","1","","Direct","","UNCLASSIFIED","","","","","","none"
"HEC Paris","hec","Global","Marketing Strategy","https://www.hec.edu/en/executive-education/marketing-strategy","Self-paced Online","","Mixed","EUR","2500","","10.0","","1","","Direct","","Marketing, Sales & Customer","Marketing strategy and brand","Marketing strategy for executives","T05.S01.P01","","Stable","high"
"HEC Paris","hec","Global","Maîtriser les outils de management de la performance","https://www.hec.edu/en/executive-education/maitriser-les-outils-de-management-de-la-performance","Campus","","Board","EUR","6100","4","0.8","","1","","Direct","","UNCLASSIFIED","","","","","","none"
"HEC Paris","hec","Global","Piloter l'exécution de la stratégie de l'entreprise","https://www.hec.edu/en/executive-education/piloter-l-execution-de-la-strategie-de-l-entreprise","Campus","","Mixed","EUR","6100","4","0.8","","1","","Direct","","UNCLASSIFIED","","","","","","none"
"HEC Paris","hec","Global","Mettre en oeuvre le management de la performance","https://www.hec.edu/en/executive-education/mettre-en-oeuvre-le-management-de-la-performance","Campus","","Board","EUR","6100","4","0.8","","1","","Direct","","UNCLASSIFIED","","","","","","none"
"HEC Paris","hec","Global","Executive MSc in Finance","https://www.hec.edu/en/executive-education/executive-msc-finance#Profile","Campus","","Board","EUR","55","36","7.2","","1","","Direct","","Finance & Accounting","Finance for executives","Finance for non-finance managers","T04.S01.P01","","Stable","fallback"
"HEC Paris","hec","Global","Executive MSc in Geopolitics and Geo-economics of Emerging Africa","https://www.hec.edu/en/executive-education/executive-msc-geopolitics-and-geo-economics-emerging-africa","Campus","","Mixed","EUR","22","","69.3","","1","","Direct","","Strategy","Geopolitics and macro strategy","Geopolitics for business leaders and boards","T02.S04.P01","","New","high"
"HEC Paris","hec","Global","Executive MSc in Change Leadership","https://www.hec.edu/en/executive-education/executive-msc-change-leadership","Blended","","C-suite/Senior","EUR","55","36","7.2","","1","","Direct","","Leadership & Executive Capability","Change, resilience and crisis","Leading change and transformation","T01.S05.P01","T01.S02.P02","Stable","high"
"IIM Ahmedabad","iima","India","Project Management","https://exed.iima.ac.in/project-management-programme","Campus","","Unknown","INR","225000","6","1.2","","1","Operations & Project Management","Direct","","Operations, Supply Chain & Quality","Operations management","Project management","T06.S01.P05","","Stable","high"
"IIM Ahmedabad","iima","India","Enhancing Leadership Capacities and Potential among Professional Women","https://exed.iima.ac.in/enhancing-leadership-capacities-potential-among-professional-women-programme","Campus","","Unknown","INR","136000","4","0.8","","1","Leadership & Women Development","Direct","","People, Talent & Organisation","Culture, DEI and organisational behaviour","Women's leadership and gender in the workplace","T07.S04.P03","","Stable","high"
"IIM Ahmedabad","iima","India","Artificial Intelligence and Machine Learning For Business","https://exed.iima.ac.in/artificial-intelligence-machine-learning-for-business-programme","Campus","","Unknown","INR","191250","6","1.2","","1","Analytics & AI","Direct","","AI, Data & Digital","AI foundations for leaders","AI and machine learning fundamentals for executives","T03.S01.P01","","Transformed","high"
"IIM Ahmedabad","iima","India","Logistics Management","https://exed.iima.ac.in/logistics-management-programme","Campus","","Unknown","INR","102000","3","0.6","","1","Operations & Supply Chain","Direct","","Operations, Supply Chain & Quality","Supply chain and logistics","Logistics, warehousing and distribution networks","T06.S02.P03","T06.S02.P01","Stable","high"
"IIM Ahmedabad","iima","India","HR Analytics","https://exed.iima.ac.in/hr-analytics-programme","Campus","","Unknown","INR","170000","5","1.0","","1","Leadership, People & HR","Direct","","People, Talent & Organisation","People analytics and AI in HR","People analytics and HR data","T07.S03.P01","","Transformed","high"
"IIM Ahmedabad","iima","India","Managing the ""Self"" in Organisations: Towards Personal Transformation and Growth","https://exed.iima.ac.in/personal-transformation-organisations-programme","Campus","","Unknown","INR","160000","4","0.8","","1","Leadership & Development","Direct","","Innovation & Entrepreneurship","Entrepreneurship","Starting and scaling a venture","T09.S02.P01","","Stable","low"
"IIM Ahmedabad","iima","India","Executive Programme in AI for Business (Batch 2)","https://exed.iima.ac.in/executive-ai-business-programme","Blended","VCNow (learning-centre / platform partner)","Unknown","INR","320000","16","30.3","","1","Analytics & AI","Partner","(P)","AI, Data & Digital","AI foundations for leaders","AI and machine learning fundamentals for executives","T03.S01.P01","","Transformed","high"
"IIM Ahmedabad","iima","India","Elephants and Cheetahs: Systems, Strategy and Bottlenecks","https://exed.iima.ac.in/systems-strategy-bottlenecks-programme","Campus","","Unknown","INR","120000","3","0.6","","1","Strategy","Direct","","Sector-Specific Management","Regulated and asset-heavy sectors","Telecom, media and entertainment management","T13.S01.P04","","Stable","high"
"IIM Ahmedabad","iima","India","Accelerated General Management Programme","https://exed.iima.ac.in/accelerated-general-management-programme","Blended","","Unknown","INR","800000","45","52.0","","1","General Management","Direct","","Leadership & Executive Capability","Senior and C-suite leadership","Leading the enterprise / enterprise-wide leadership","T01.S02.P03","T15.S01.P01","Stable","high"
"IIM Ahmedabad","iima","India","Strategic Leadership Programme for Women Executives (Batch 2)","https://exed.iima.ac.in/strategic-leadership-programme-women-executives","Blended","","Unknown","INR","300000","15","30.3","","1","Leadership & Women Development","Direct","","People, Talent & Organisation","Culture, DEI and organisational behaviour","Women's leadership and gender in the workplace","T07.S04.P03","","Stable","high"
"IIM Ahmedabad","iima","India","Senior Management Programme","https://exed.iima.ac.in/senior-management-programme","Blended","VCNow (learning-centre / platform partner)","Unknown","INR","900000","30","","","1","General Management","Partner","(P)","General Management (Integrative)","Comprehensive general management","General management programmes for senior leaders","T15.S01.P01","","Stable","high"
"IIM Ahmedabad","iima","India","The Winning Edge: Communication Strategies For Leaders","https://exed.iima.ac.in/communication-strategies-leaders-programme","Campus","","Unknown","INR","191250","6","1.2","","1","Leadership & Communication","Direct","","Strategy","Corporate and competitive strategy","Competitive strategy and advantage","T02.S01.P01","","Stable","fallback"
"IIM Ahmedabad","iima","India","Contract Labour Management under New Labour Codes: Compliance, Audit & Beyond","https://exed.iima.ac.in/contract-labour-management-certification-programme","Campus","","Unknown","INR","128000","4","","","1","Leadership, People & HR","Direct","","Governance, Risk & Legal","Enterprise risk and compliance","Compliance, ethics and integrity programmes","T08.S02.P03","T08.S03.P01","Stable","high"
"IIM Ahmedabad","iima","India","Gold and Bullion Trade Policies","https://exed.iima.ac.in/gold-and-bullion-trade-policies","Campus","","Unknown","INR","120000","3","","","1","Operations & Supply Chain","Direct","","Operations, Supply Chain & Quality","Supply chain and logistics","Supply chain strategy and design","T06.S02.P01","","Stable","low"
"IIM Ahmedabad","iima","India","Transformational Leadership","https://exed.iima.ac.in/programme-calendar","Campus","","Unknown","INR","191250","6","1.2","","1","Leadership & Development","Direct","","Leadership & Executive Capability","Foundational leadership","Leadership styles and situational leadership","T01.S01.P05","","Stable","fallback"
"IIM Ahmedabad","iima","India","Managing Intellectual Property Assets","https://exed.iima.ac.in/managing-intellectual-property-assets-programme","Campus","","Unknown","INR","160000","5","","","1","Finance & Accounting","Direct","","Governance, Risk & Legal","Business law and regulation","Intellectual property and technology law","T08.S03.P05","T04.S01.P02","Transformed","high"
"IIM Ahmedabad","iima","India","Innovation, Corporate Strategy and Competitive Performance","https://exed.iima.ac.in/innovation-corporate-strategy-competitive-performance-programme","Campus","","Unknown","INR","225000","6","1.2","","1","Strategy","Direct","","Strategy","Corporate and competitive strategy","Corporate strategy, portfolio and diversification","T02.S01.P02","","Stable","high"
"IIM Ahmedabad","iima","India","Digital Transformation: Strategies And Business Models","https://exed.iima.ac.in/digital-transformation-strategies-business-models-programme","Campus","","Unknown","INR","225000","6","1.2","","1","Digital Transformation & Information Systems","Direct","","AI, Data & Digital","Digital transformation","Enterprise digital transformation strategy and roadmaps","T03.S03.P01","T02.S01.P05","Transformed","high"
"IIM Ahmedabad","iima","India","Advanced Human Resource Management","https://exed.iima.ac.in/advanced-human-resource-management-programme","Campus","","Unknown","INR","191250","6","1.2","","1","Leadership, People & HR","Direct","","People, Talent & Organisation","HR strategy and the CHRO agenda","Strategic HR and business partnering","T07.S01.P01","","Stable","high"
"IIM Ahmedabad","iima","India","Port Design and Management","https://exed.iima.ac.in/port-design-management-programme","Campus","","Unknown","INR","102000","3","0.6","","1","Operations & Supply Chain","Direct","","Sector-Specific Management","Regulated and asset-heavy sectors","Transport, aviation, shipping and railways","T13.S01.P05","T06.S02.P01","Stable","high"
"IIM Ahmedabad","iima","India","Effective Data Visualization for the Data-Driven Organization","https://exed.iima.ac.in/data-visualization-data-driven-organization-programme","Campus","","Unknown","INR","160000","4","0.8","","1","Analytics & AI","Direct","","AI, Data & Digital","Data, analytics and decisions","Data visualisation and storytelling with data","T03.S04.P03","","Stable","high"
"IIM Ahmedabad","iima","India","Design Thinking","https://exed.iima.ac.in/design-thinking-programme","Campus","","Unknown","INR","160000","4","0.8","","1","Technology & Innovation","Direct","","Innovation & Entrepreneurship","Innovation management","Design thinking and human-centred design","T09.S01.P02","","Stable","high"
"IIM Ahmedabad","iima","India","3TP: Senior Leaders Programme","https://exed.iima.ac.in/3tp-senior-leaders-programme","Campus","","Unknown","INR","600000","23","4.8","","1","General Management","Direct","","Leadership & Executive Capability","Foundational leadership","Leadership styles and situational leadership","T01.S01.P05","","Stable","fallback"
"IIM Ahmedabad","iima","India","Sports and Entertainment: Marketing and Management","https://exed.iima.ac.in/sports-entertainment-marketing-management-programme","Campus","","Unknown","INR","102000","3","0.6","","1","Marketing & Sales","Direct","","Sector-Specific Management","Regulated and asset-heavy sectors","Transport, aviation, shipping and railways","T13.S01.P05","T13.S02.P06","Stable","high"
"IIM Ahmedabad","iima","India","Administrative Leadership and Good Governance","https://exed.iima.ac.in/administrative-leadership-good-governance-programme","Campus","","Unknown","INR","120000","3","0.6","","1","Leadership & Development","Direct","","Governance, Risk & Legal","Enterprise risk and compliance","Enterprise risk management","T08.S02.P01","","Stable","fallback"
"IIM Ahmedabad","iima","India","PPP Frameworks For Infrastructure Development","https://exed.iima.ac.in/ppp-frameworks-infrastructure-development-programme","Campus","","Unknown","INR","200000","5","1.0","","1","Economics & Policy","Direct","","Sector-Specific Management","Regulated and asset-heavy sectors","Infrastructure, construction and real estate development","T13.S01.P03","","Stable","sector-rule"
"IIM Ahmedabad","iima","India","Building And Managing Brands In The Present Era","https://exed.iima.ac.in/build-brand-management-present-era-programme","Campus","","Unknown","INR","200000","5","1.0","","1","Marketing & Sales","Direct","","Marketing, Sales & Customer","Marketing strategy and brand","Brand management and positioning","T05.S01.P02","T09.S02.P01","Stable","high"
"IIM Ahmedabad","iima","India","Achieving Excellence in Marketing: Programme for Marketing Leadership (Batch 2)","https://exed.iima.ac.in/achieving-excellence-in-marketing","Blended","","Unknown","INR","432000","16","30.3","","1","Marketing & Sales","Direct","","Marketing, Sales & Customer","Marketing strategy and brand","Marketing strategy for executives","T05.S01.P01","","Stable","fallback"
"IIM Ahmedabad","iima","India","Marketing Tools For Digital Media And Platforms","https://exed.iima.ac.in/marketing-tools-digital-media-platforms-programme","Campus","","Unknown","INR","170000","5","1.0","","1","Marketing & Sales","Direct","","Marketing, Sales & Customer","Marketing strategy and brand","Marketing strategy for executives","T05.S01.P01","","Stable","fallback"
"IIM Ahmedabad","iima","India","Financial Analysis of Business","https://exed.iima.ac.in/financial-analysis-business-programme","Campus","","Unknown","INR","120000","3","0.6","","1","Finance & Accounting","Direct","","Finance & Accounting","Finance for executives","Financial statement analysis and accounting for decisions","T04.S01.P02","","Stable","low"
"IIM Ahmedabad","iima","India","Unpacking the Storytelling Toolkit for Leaders","https://exed.iima.ac.in/storytelling-toolkit-leaders-programme","Campus","","Unknown","INR","102000","3","0.6","","1","Leadership & Communication","Direct","","Personal Effectiveness & Communication","Executive presence and communication","Business storytelling and narrative","T14.S01.P02","","Stable","high"
"IIM Ahmedabad","iima","India","Legal Counsels Management Development Programme","https://exed.iima.ac.in/legal-counsels-management-development-programme","Campus","","Unknown","INR","160000","5","","","1","Leadership, People & HR","Direct","","General Management (Integrative)","Comprehensive general management","General management programmes for senior leaders","T15.S01.P01","","Stable","fallback"
"IIM Ahmedabad","iima","India","Leading Professional Service Firm","https://exed.iima.ac.in/leading-professional-service-firm-programme","Campus","","Unknown","INR","120000","3","0.6","","1","General Management","Direct","","Sector-Specific Management","Services and consumer sectors","Professional services and consulting management","T13.S02.P05","T01.S02.P02","Stable","high"
"IIM Ahmedabad","iima","India","Enhancing Sales Force Performance","https://exed.iima.ac.in/enhancing-sales-force-performance-programme","Campus","","Unknown","INR","170000","5","1.0","","1","Marketing & Sales","Direct","","Marketing, Sales & Customer","Sales and go-to-market","Sales leadership and sales force management","T05.S04.P01","","Stable","high"
"IIM Ahmedabad","iima","India","Warehouse Design and Management","https://exed.iima.ac.in/warehouse-design-management-programme","Campus","","Unknown","INR","170000","5","1.0","","1","Operations & Supply Chain","Direct","","Operations, Supply Chain & Quality","Supply chain and logistics","Logistics, warehousing and distribution networks","T06.S02.P03","T06.S02.P01","Stable","high"
"IIM Ahmedabad","iima","India","Mergers, Acquisitions and Restructuring","https://exed.iima.ac.in/mergers-acquisitions-restructuring-programme","Campus","","Unknown","INR","191250","6","1.2","","1","Finance & Accounting","Direct","","Strategy","M&A and corporate development","M&A strategy and deal rationale","T02.S05.P01","T01.S05.P06","Stable","high"
"IIM Ahmedabad","iima","India","Psychology of Strategic Leadership: Young Women Programme","https://exed.iima.ac.in/psychology-strategic-leadership-young-women-programme","Campus","","Unknown","INR","160000","4","0.8","","1","Leadership & Women Development","Direct","","People, Talent & Organisation","Culture, DEI and organisational behaviour","Women's leadership and gender in the workplace","T07.S04.P03","","Stable","high"
"IIM Ahmedabad","iima","India","Strategic Decision Making For Leaders Through AI And Analytics","https://exed.iima.ac.in/ai-analytics-strategic-decision-making-programme","Campus","","Unknown","INR","200000","5","1.0","","1","Analytics & AI","Direct","","AI, Data & Digital","Data, analytics and decisions","AI-augmented decision-making and judgment","T03.S04.P06","T14.S02.P01","New","high"
"IIM Ahmedabad","iima","India","Agri-food Business Programme for Global Competitiveness","https://exed.iima.ac.in/agri-food-business-global-competitiveness-programme","Campus","","Unknown","INR","225000","6","1.2","","1","Entrepreneurship","Direct","","Innovation & Entrepreneurship","Entrepreneurship","Starting and scaling a venture","T09.S02.P01","","Stable","low"
"IIM Ahmedabad","iima","India","Managerial Effectiveness","https://exed.iima.ac.in/managerial-effectiveness-programme","Campus","","Unknown","INR","191250","6","1.2","","1","Leadership & Development","Direct","","Leadership & Executive Capability","Foundational leadership","Leadership styles and situational leadership","T01.S01.P05","","Stable","fallback"
"IIM Ahmedabad","iima","India","Leading Digital Transformation","https://exed.iima.ac.in/leading-digital-transformation-programme","Campus","","Unknown","INR","170000","5","1.0","","1","Digital Transformation & Information Systems","Direct","","AI, Data & Digital","Digital transformation","Enterprise digital transformation strategy and roadmaps","T03.S03.P01","","Transformed","high"
"IIM Ahmedabad","iima","India","Women Independent Director Leadership","https://exed.iima.ac.in/women-independent-director-leadership-programme","Campus","","Unknown","INR","160000","4","","","1","Leadership & Women Development","Direct","","People, Talent & Organisation","Culture, DEI and organisational behaviour","Women's leadership and gender in the workplace","T07.S04.P03","","Stable","high"
"IIM Ahmedabad","iima","India","Hospital Management","https://exed.iima.ac.in/hospital-management-programme","Campus","","Unknown","INR","191250","6","1.2","","1","General Management","Direct","","Healthcare & Life Sciences","Healthcare management","Hospital and healthcare operations management","T12.S01.P01","","Stable","high"
"IIM Ahmedabad","iima","India","Strategic Legacy Management: Using History to Create Business Value","https://exed.iima.ac.in/strategic-legacy-management-using-history-to-create-business-value","Campus","","Unknown","INR","102000","3","0.6","","1","Strategy","Direct","","Personal Effectiveness & Communication","Executive presence and communication","Business storytelling and narrative","T14.S01.P02","","Stable","high"
"IIM Ahmedabad","iima","India","HR Auditing-Preparing the Ground for Strategic HRM","https://exed.iima.ac.in/hr-auditing-strategic-hrm-programme","Campus","","Unknown","INR","102000","3","0.6","","1","Leadership, People & HR","Direct","","People, Talent & Organisation","HR strategy and the CHRO agenda","Strategic HR and business partnering","T07.S01.P01","","Stable","high"
"IIM Ahmedabad","iima","India","Creative and Cultural Businesses Programme (CCBP)","https://exed.iima.ac.in/creative-cultural-businesses-programme","Blended","","Unknown","INR","560000","15","26.0","","1","Entrepreneurship","Direct","","Innovation & Entrepreneurship","Entrepreneurship","Starting and scaling a venture","T09.S02.P01","","Stable","low"
"IIM Ahmedabad","iima","India","Strategic Management (Batch 8)","https://exed.iima.ac.in/strategic-management-programme","Blended","","Unknown","INR","306000","12.5","30.3","","1","Strategy","Direct","","Strategy","Corporate and competitive strategy","Competitive strategy and advantage","T02.S01.P01","","Stable","high"
"IIM Ahmedabad","iima","India","Executive Programme in Healthcare Services Management (Batch 3)","https://exed.iima.ac.in/healthcare-services-management-programme","Blended","","Unknown","INR","390000","16","","","1","General Management","Direct","","Healthcare & Life Sciences","Healthcare management","Healthcare strategy, payers and providers","T12.S01.P02","","Stable","sector-rule"
"IIM Ahmedabad","iima","India","LEAP Entrepreneurs' Mentoring Board (LEAP-EMB) Programme","https://exed.iima.ac.in/leap-entrepreneurs-mentoring-board-programme","Blended","","Unknown","INR","330000","10","","","1","Entrepreneurship","Direct","","Innovation & Entrepreneurship","Entrepreneurship","Starting and scaling a venture","T09.S02.P01","","Stable","high"
"IIM Ahmedabad","iima","India","Information Technology Management for Strategic Business Leadership: A Programme for Future CIOs and CTOs (Batch 2)","https://exed.iima.ac.in/information-technology-management-strategic-business-leadership-programme","Blended","","Unknown","INR","400000","16","","","1","Digital Transformation & Information Systems","Direct","","AI, Data & Digital","Digital transformation","Enterprise digital transformation strategy and roadmaps","T03.S03.P01","","Transformed","low"
"IIM Ahmedabad","iima","India","Advanced Programme in Quantitative Finance and Risk Management (Batch 2)","https://exed.iima.ac.in/advanced-programme-quantitative-finance-risk-management","Blended","VCNow (learning-centre / platform partner)","Unknown","INR","400000","16","21.6","","1","Finance & Accounting","Partner","(P)","Finance & Accounting","Finance for executives","Financial statement analysis and accounting for decisions","T04.S01.P02","","Stable","low"
"IIM Ahmedabad","iima","India","Executive Certificate Programme in Public Policy Leadership and Strategy","https://exed.iima.ac.in/public-policy-leadership-strategy-executive-programme","Blended","","Unknown","INR","399000","21","","","1","Economics & Policy","Direct","","Public Policy, Government & Infrastructure","Public policy and governance","Public policy design and analysis","T11.S01.P01","","Stable","high"
"IIM Ahmedabad","iima","India","Strategies For Winning In International Markets (SWIM)","https://exed.iima.ac.in/strategies-winning-international-markets-swim-programme","Campus","","Unknown","INR","170000","5","1.0","","1","Strategy","Direct","","Strategy","Corporate and competitive strategy","Competitive strategy and advantage","T02.S01.P01","","Stable","fallback"
"IIM Ahmedabad","iima","India","Young Entrepreneurs Programme","https://exed.iima.ac.in/young-entrepreneurs-programme","Blended","","Unknown","INR","297500","12","2.4","","1","Entrepreneurship","Direct","","Innovation & Entrepreneurship","Entrepreneurship","Starting and scaling a venture","T09.S02.P01","","Stable","high"
"IIM Ahmedabad","iima","India","Executive Programme in Business Finance (Batch 8)","https://exed.iima.ac.in/business-finance-executive-programme","Blended","","Unknown","INR","343000","16","","","1","Finance & Accounting","Direct","","Finance & Accounting","Finance for executives","Financial statement analysis and accounting for decisions","T04.S01.P02","","Stable","low"
"IIM Ahmedabad","iima","India","Executive Programme in Financial Planning and Investment Advisory Services","https://exed.iima.ac.in/executive-programme-in-financial-planning-and-investment-advisory-services","Blended","","Unknown","INR","750000","30","34.6","","1","Finance & Accounting","Direct","","Finance & Accounting","Finance for executives","Financial statement analysis and accounting for decisions","T04.S01.P02","","Stable","low"
"IIM Ahmedabad","iima","India","Contract Management","https://exed.iima.ac.in/contract-management-programme","Campus","","Unknown","INR","170000","5","1.0","","1","General Management","Direct","","Governance, Risk & Legal","Business law and regulation","Commercial contracts and contract management","T08.S03.P01","","Stable","high"
"IIM Ahmedabad","iima","India","Digital Marketing: Business Models, Processes and Technologies (Batch 3)","https://exed.iima.ac.in/digital-marketing-business-models-processes-technologies-programme","Blended","","Unknown","INR","350000","14","21.6","","1","Marketing & Sales","Direct","","Strategy","Corporate and competitive strategy","Business model innovation and reinvention","T02.S01.P05","T05.S02.P01","Transformed","high"
"IIM Ahmedabad","iima","India","CLIMB: Building Capability For Leadership Transitions","https://exed.iima.ac.in/climb-building-capability-leadership-transitions-programme","Campus","","Unknown","INR","136000","4","0.6","","1","Leadership & Development","Direct","","Leadership & Executive Capability","Foundational leadership","Leadership styles and situational leadership","T01.S01.P05","","Stable","fallback"
"IIM Ahmedabad","iima","India","Financial Reporting and Corporate Governance (Batch 5)","https://exed.iima.ac.in/financial-reporting-corporate-governance-programme","Blended","","Unknown","INR","208000","8","17.3","","1","Finance & Accounting","Direct","","Finance & Accounting","Finance for executives","Financial statement analysis and accounting for decisions","T04.S01.P02","T08.S01.P01","Stable","high"
"IIM Ahmedabad","iima","India","Nudges, Choices and Managing Human Behavior","https://exed.iima.ac.in/nudges-choices-managing-human-behavior-programme","Campus","","Unknown","INR","120000","3","0.6","","1","Leadership, People & HR","Direct","","People, Talent & Organisation","Culture, DEI and organisational behaviour","Organisational behaviour and motivation","T07.S04.P04","","Stable","fallback"
"IIM Ahmedabad","iima","India","Wealth Management","https://exed.iima.ac.in/wealth-management-programme","Campus","","Unknown","INR","147500","4","0.6","","1","Finance & Accounting","Direct","","Finance & Accounting","Investment and capital markets","Investment management and portfolio theory","T04.S02.P01","T04.S01.P02","Stable","high"
"IIM Ahmedabad","iima","India","Taking People Along: Managing by Persuasion","https://exed.iima.ac.in/taking-people-along-managing-by-persuasion-programme","Campus","","Unknown","INR","200000","5","1.0","","1","Leadership & Development","Direct","","Personal Effectiveness & Communication","Executive presence and communication","Public speaking, presentation and boardroom communication","T14.S01.P03","","Stable","fallback"
"IIM Ahmedabad","iima","India","Developing Commercial And Financial Skills For Strategic Business Decisions","https://exed.iima.ac.in/developing-commercial-financial-skills-strategic-business-decisions-programme","Campus","","Unknown","INR","170000","5","1.0","","1","Finance & Accounting","Direct","","Finance & Accounting","Finance for executives","Financial statement analysis and accounting for decisions","T04.S01.P02","","Stable","low"
"IIM Ahmedabad","iima","India","Manufacturing Strategy","https://exed.iima.ac.in/manufacturing-strategy-programme","Campus","","Unknown","INR","120000","3","0.6","","1","Operations & Supply Chain","Direct","","Operations, Supply Chain & Quality","Operations management","Manufacturing strategy and Industry 4.0 operations","T06.S01.P04","T06.S02.P01","Transformed","high"
"IIM Ahmedabad","iima","India","Strategy Implementation","https://exed.iima.ac.in/strategy-implementation-programme","Campus","","Unknown","INR","120000","3","0.6","","1","Strategy","Direct","","Innovation & Entrepreneurship","Entrepreneurship","Starting and scaling a venture","T09.S02.P01","","Stable","low"
"IIM Ahmedabad","iima","India","Leadership Development Program for Chief Legal Officers","https://exed.iima.ac.in/leadership-development-certification-programme-chief-legal-officers","Campus","","Unknown","INR","170000","5","1.0","","1","Leadership & Development","Direct","","Governance, Risk & Legal","Enterprise risk and compliance","Compliance, ethics and integrity programmes","T08.S02.P03","T01.S02.P02","Stable","officer-rule"
"IIM Ahmedabad","iima","India","Executive Programme in Supply Chain and Logistics Management (Batch 4)","https://exed.iima.ac.in/executive-programme-in-supply-chain-and-logistics-management-batch-4","Blended","VCNow (learning-centre / platform partner)","Unknown","INR","400000","16","26.0","","1","Operations & Supply Chain","Partner","(P)","Operations, Supply Chain & Quality","Supply chain and logistics","Supply chain strategy and design","T06.S02.P01","T06.S02.P03","Stable","high"
"IIM Ahmedabad","iima","India","HEAL: Mindful Leadership for Self and Organisational Transformation","https://exed.iima.ac.in/mindful-leadership-organisational-transformation-programme","Campus","","Unknown","INR","136000","4","0.8","","1","Leadership & Development","Direct","","Personal Effectiveness & Communication","Personal productivity and judgment","Emotional intelligence and self-awareness","T14.S02.P05","","Stable","high"
"IIM Ahmedabad","iima","India","Leadership and Change Management","https://exed.iima.ac.in/leadership-change-management-programme","Campus","","Unknown","INR","200000","5","1.0","","1","Leadership & Development","Direct","","Leadership & Executive Capability","Change, resilience and crisis","Leading change and transformation","T01.S05.P01","T01.S02.P02","Stable","high"
"IIM Ahmedabad","iima","India","Restaurant Design and Management","https://exed.iima.ac.in/restaurant-design-management-programme","Campus","","Unknown","INR","170000","5","1.0","","1","General Management","Direct","","General Management (Integrative)","Comprehensive general management","General management programmes for senior leaders","T15.S01.P01","","Stable","fallback"
"IIM Ahmedabad","iima","India","B2B Marketing","https://exed.iima.ac.in/b2b-marketing-programme","Campus","","Unknown","INR","191250","6","1.2","","1","Marketing & Sales","Direct","","Marketing, Sales & Customer","Marketing strategy and brand","B2B and industrial marketing","T05.S01.P06","","Stable","high"
"IIM Ahmedabad","iima","India","Strategies for Growth","https://exed.iima.ac.in/strategies-for-growth-programme","Campus","","Unknown","INR","200000","5","1.0","","1","Strategy","Direct","","Leadership & Executive Capability","Senior and C-suite leadership","Becoming a C-suite officer (role-specific ladders)","T01.S02.P02","T03.S03.P04","Stable","low"
"IIM Ahmedabad","iima","India","Strategic Pricing Architecture for Profitable Growth","https://exed.iima.ac.in/strategic-pricing-architecture-profitable-growth-programme","Campus","","Unknown","INR","96000","3","","","1","Strategy","Direct","","AI, Data & Digital","Digital transformation","Legacy modernisation, cloud and platform migration","T03.S03.P02","T05.S01.P04","Stable","high"
"IIM Ahmedabad","iima","India","Designing and Operating Multisided Platforms","https://exed.iima.ac.in/designing-operating-multisided-platforms-programme","Campus","","Unknown","INR","96000","3","","","1","Strategy","Direct","","Strategy","Corporate and competitive strategy","Competitive strategy and advantage","T02.S01.P01","","Stable","fallback"
"IIM Ahmedabad","iima","India","Strategic Leadership for Schools in a Changing Environment","https://exed.iima.ac.in/strategic-leadership-schools-changing-environment-programme","Campus","","Unknown","INR","80000","5","1.0","","1","Leadership & Development","Direct","","Strategy","Corporate and competitive strategy","Competitive strategy and advantage","T02.S01.P01","","Stable","fallback"
"IIM Ahmedabad","iima","India","Managing Internal Talent and Leadership Pipeline","https://exed.iima.ac.in/managing-internal-talent-leadership-pipeline-programme","Campus","","Unknown","INR","120000","3","0.6","","1","Leadership, People & HR","Direct","","Leadership & Executive Capability","Senior and C-suite leadership","Executive transitions and succession","T01.S02.P04","","Stable","high"
"IIM Ahmedabad","iima","India","Creating Entrepreneurial Organisations","https://exed.iima.ac.in/creating-entrepreneurial-organisations-programme","Campus","","Unknown","INR","160000","5","0.8","","1","Entrepreneurship","Direct","","Innovation & Entrepreneurship","Entrepreneurship","Starting and scaling a venture","T09.S02.P01","","Stable","high"
"IIM Ahmedabad","iima","India","Effective Service Sector Management","https://exed.iima.ac.in/effective-service-sector-management-programme","Campus","","Unknown","","","","","","1","General Management","Direct","","General Management (Integrative)","Comprehensive general management","General management programmes for senior leaders","T15.S01.P01","","Stable","fallback"
"IIM Ahmedabad","iima","India","Strategic Cost Management","https://exed.iima.ac.in/strategic-cost-management-programme","Campus","","Unknown","INR","170000","5","1.0","","1","Finance & Accounting","Direct","","Finance & Accounting","Finance for executives","Cost, pricing and profitability management","T04.S01.P05","T04.S01.P02","Stable","high"
"IIM Ahmedabad","iima","India","Analytics for Business Problem Solving","https://online.iima.ac.in/course/course-v1:IIMA+ODSFC102x+2026_09","Self-paced Online","","Unknown","","","","","","1","Self-paced - Courses for Professionals; Operations and Decision Sciences","Direct","","AI, Data & Digital","Data, analytics and decisions","Business analytics for decision-making","T03.S04.P01","T14.S02.P02","Stable","high"
"IIM Ahmedabad","iima","India","Advanced Leadership Skills","https://online.iima.ac.in/course/course-v1:IIMA+OB103x+2026_04","Self-paced Online","","Unknown","","","","6","","1","Self-paced - Courses for Professionals","Direct","","Leadership & Executive Capability","Foundational leadership","Leadership styles and situational leadership","T01.S01.P05","","Stable","fallback"
"IIM Ahmedabad","iima","India","Organizations of the Future","https://online.iima.ac.in/course/course-v1:IIMA+HR102x+2025_10","Self-paced Online","","Unknown","","","","5","","1","Self-paced - Courses for Professionals","Direct","","UNCLASSIFIED","","","","","","none"
"IIM Ahmedabad","iima","India","Happiness Skills","https://online.iima.ac.in/course/course-v1:IIMA+OB102_x+2025_04","Self-paced Online","","Unknown","","","","","","1","Self-paced - Courses for Professionals","Direct","","UNCLASSIFIED","","","","","","none"
"IIM Ahmedabad","iima","India","Supply Chain Digitization: Strategy and Design","https://online.iima.ac.in/course/course-v1:IIMA+ODSFC102x+2025_01","Self-paced Online","","Unknown","","","","6","","1","Self-paced - Courses for Professionals","Direct","","AI, Data & Digital","Digital transformation","Enterprise digital transformation strategy and roadmaps","T03.S03.P01","T06.S02.P01","Transformed","high"
"IIM Ahmedabad","iima","India","Strategy and Game Theory for Management","https://online.iima.ac.in/course/course-v1:IIMA+EC102x+2024_07","Self-paced Online","","Unknown","","","","4","","1","Self-paced - Economics","Direct","","Strategy","Corporate and competitive strategy","Competitive strategy and advantage","T02.S01.P01","","Stable","fallback"
"IIM Ahmedabad","iima","India","Transforming Life and Organizations in the Digital Age","https://online.iima.ac.in/course/course-v1:IIMA+IS104x+2024_03","Self-paced Online","","Unknown","","","","4","","1","Self-paced - Information Systems","Direct","","AI, Data & Digital","Digital transformation","Enterprise digital transformation strategy and roadmaps","T03.S03.P01","","Transformed","fallback"
"IIM Ahmedabad","iima","India","How to Transform Digitally?","https://online.iima.ac.in/course/course-v1:IIMA+IS103x+2024_02","Self-paced Online","","Unknown","","","","5","","1","Self-paced - Information Systems","Direct","","AI, Data & Digital","Digital transformation","Enterprise digital transformation strategy and roadmaps","T03.S03.P01","","Transformed","fallback"
"IIM Ahmedabad","iima","India","Economic Sutra: Modern Economic Policies and Ancient India","https://online.iima.ac.in/course/course-v1:IIMA+EC101x+2023_10","Self-paced Online","","Unknown","","","","5","","1","Self-paced - Economics","Direct","","Public Policy, Government & Infrastructure","Public policy and governance","Public policy design and analysis","T11.S01.P01","","Stable","fallback"
"IIM Ahmedabad","iima","India","Leading with a Digital Strategy","https://online.iima.ac.in/course/course-v1:IIMA+IS102x+2023_11","Self-paced Online","","Unknown","","","","4","","1","Self-paced - Information Systems","Direct","","AI, Data & Digital","Digital transformation","Enterprise digital transformation strategy and roadmaps","T03.S03.P01","","Transformed","high"
"IIM Ahmedabad","iima","India","Advanced Digital Transformation Specialization","https://online.iima.ac.in/course/course-v1:IIMA+ISSP101x+2023_12_SP","Self-paced Online","","Unknown","","","","13","","1","Self-paced - Information Systems","Direct","","AI, Data & Digital","Digital transformation","Enterprise digital transformation strategy and roadmaps","T03.S03.P01","","Transformed","high"
"IIM Ahmedabad","iima","India","Leadership Skills","https://online.iima.ac.in/course/course-v1:IIMA+OB101x+1","Self-paced Online","","Unknown","","","","6","","1","Self-paced - Organisational Behaviour","Direct","","People, Talent & Organisation","Culture, DEI and organisational behaviour","Organisational behaviour and motivation","T07.S04.P04","","Stable","low"
"IIM Ahmedabad","iima","India","Executive Programme in Advanced Business Analytics","https://learn.vcnow.in/programmes/iima-executive-program-in-advanced-business-analytics/","Blended","VCNow (learning-centre / platform partner)","Unknown","","","","","","1","Analytics & AI","Partner","(P)","AI, Data & Digital","Data, analytics and decisions","Business analytics for decision-making","T03.S04.P01","","Stable","high"
"IIM Ahmedabad","iima","India","Managing Global Value Chains in a Changing Business Environment","https://exed.iima.ac.in/programme-details.php?id=MTI3MQ==","Campus","","Mid-career","INR","120000","3","0.6","","1","","Direct","","General Management (Integrative)","Comprehensive general management","General management programmes for senior leaders","T15.S01.P01","","Stable","fallback"
"IIM Ahmedabad","iima","India","Becoming an Effective CIO","exed.iima.ac.in/programme-details.php?id=MTI3NA==","Campus","","C-suite/Senior","INR","191250","6","1.2","","1","","Direct","","Leadership & Executive Capability","Senior and C-suite leadership","Becoming a C-suite officer (role-specific ladders)","T01.S02.P02","T03.S03.P04","Stable","low"
"IIM Ahmedabad","iima","India","Supply Chain Management","https://exed.iima.ac.in/programme-details.php?id=MTI3NQ==","Campus","","Mid-career","INR","191250","6","1.2","","1","","Direct","","Operations, Supply Chain & Quality","Supply chain and logistics","Supply chain strategy and design","T06.S02.P01","","Stable","high"
"IIM Ahmedabad","iima","India","3TP: Emerging Leaders' Programme","https://exed.iima.ac.in/programme-details.php?id=MTI3Ng==","Campus","","Mid-career","INR","500000","","4.0","","1","","Direct","","Leadership & Executive Capability","Foundational leadership","Transition to leadership / first-time manager","T01.S01.P01","","Stable","high"
"IIM Ahmedabad","iima","India","Strategic Human Resource Management","https://exed.iima.ac.in/programme-details.php?id=MTI3OA==","Campus","","C-suite/Senior","INR","191250","6","1.2","","1","","Direct","","People, Talent & Organisation","HR strategy and the CHRO agenda","Strategic HR and business partnering","T07.S01.P01","T01.S02.P02","Stable","high"
"IIM Ahmedabad","iima","India","Managing IT Projects","https://exed.iima.ac.in/programme-details.php?id=MTI4Ng==","Campus","","Mid-career","INR","191250","6","1.2","","1","","Direct","","General Management (Integrative)","Comprehensive general management","General management programmes for senior leaders","T15.S01.P01","","Stable","fallback"
"IIM Ahmedabad","iima","India","Leadership Development Programme in Banking and Financial Services","https://exed.iima.ac.in/programme-details.php?id=MTI4OQ==","Campus","","Mid-career","INR","170000","5","1.0","","1","","Direct","","Finance & Accounting","Risk, treasury and financial regulation","Banking strategy and regulation","T04.S03.P03","T07.S02.P05","Stable","high"
"IIM Ahmedabad","iima","India","Effective Management of Service Sector Firms","https://exed.iima.ac.in/programme-details.php?id=MTI5MA==","Campus","","Mid-career","INR","136000","4","0.8","","1","","Direct","","UNCLASSIFIED","","","","","","none"
"IIM Ahmedabad","iima","India","Organisational Leadership for 21st Century","https://exed.iima.ac.in/programme-details.php?id=MTI5Mg==","Campus","","Mid-career","INR","160000","4","0.8","","1","","Direct","","Leadership & Executive Capability","Foundational leadership","Leadership styles and situational leadership","T01.S01.P05","","Stable","fallback"
"IIM Ahmedabad","iima","India","Strategic Communication","https://exed.iima.ac.in/programme-details.php?id=MTI5NA==","Campus","","C-suite/Senior","INR","160000","5","1.0","","1","","Direct","","Leadership & Executive Capability","Senior and C-suite leadership","Becoming a C-suite officer (role-specific ladders)","T01.S02.P02","T03.S03.P04","Stable","low"
"IIM Ahmedabad","iima","India","Understanding Bhagavad Gita: A Journey Towards Leadership Excellence","https://exed.iima.ac.in/programme-details.php?id=MTMxMA==","Campus","","Mid-career","INR","170000","5","1.0","","1","","Direct","","Leadership & Executive Capability","Foundational leadership","Leadership styles and situational leadership","T01.S01.P05","","Stable","fallback"
"IIM Ahmedabad","iima","India","Interpersonal Effectiveness And Team Building","https://exed.iima.ac.in/programme-details.php?id=MTMxNQ==","Campus","","Mid-career","INR","160000","4","0.8","","1","","Direct","","Personal Effectiveness & Communication","Personal productivity and judgment","Time, attention and personal productivity","T14.S02.P03","","Transformed","high"
"IIM Ahmedabad","iima","India","Accelerated General Management Programme-Blended Learning-Batch 16 (AGMP-BL17)","https://exed.iima.ac.in/programme-details.php?id=MTUwMw==","Blended","","Mid-career","INR","800000","","52.0","","1","","Direct","","Leadership & Executive Capability","Senior and C-suite leadership","Leading the enterprise / enterprise-wide leadership","T01.S02.P03","T15.S01.P01","Stable","high"
"IIM Ahmedabad","iima","India","Senior Management Programme-Blended Learning-Batch 16 (SMP-BL15)","https://exed.iima.ac.in/programme-details.php?id=MTI2NQ==","Blended","","Senior","INR","900000","","52.0","","1","","Direct","","General Management (Integrative)","Comprehensive general management","General management programmes for senior leaders","T15.S01.P01","","Stable","high"
"Indian Institute of Management Bangalore","iimb","India","Certified People Leader Program – Batch 7 (CPLP7)","https://eep.iimb.ac.in/course/certified-people-leader-program-batch-7-cplp7/","Campus","","Mid-career","","","","","","1","Strategy and Leadership Programmes","Direct","","People, Talent & Organisation","HR strategy and the CHRO agenda","CHRO and HR leadership","T07.S01.P02","","Stable","high"
"Indian Institute of Management Bangalore","iimb","India","Executive Presence for Impactful Leadership","https://eep.iimb.ac.in/course/executive-presence-for-impactful-leadership-batch-4/","Campus","","Mid-career","INR","106500","3","0.6","","1","Strategy and Leadership Programmes","Direct","","Personal Effectiveness & Communication","Executive presence and communication","Executive presence and personal brand","T14.S01.P01","","Stable","high"
"Indian Institute of Management Bangalore","iimb","India","Entrepreneurial Leadership in Organizations","https://eep.iimb.ac.in/course/entrepreneurial-leadership-in-organizations-batch-3/","Campus","","Mid-career","","","3","0.6","","1","Entrepreneurship and Innovation","Direct","","Innovation & Entrepreneurship","Entrepreneurship","Starting and scaling a venture","T09.S02.P01","","Stable","high"
"Indian Institute of Management Bangalore","iimb","India","Influencing Your Stakeholders Toward Collective Growth (Batch 2)","https://eep.iimb.ac.in/course/stakeholder-influence-course-iimb/","Campus","","Mid-career","INR","106500","3","0.6","","1","Strategy and Leadership Programmes","Direct","","Personal Effectiveness & Communication","Executive presence and communication","Media, investor and stakeholder communication","T14.S01.P05","","Stable","fallback"
"Indian Institute of Management Bangalore","iimb","India","Analytics for Strategic Choices [Batch -3]","https://eep.iimb.ac.in/course/analytics-for-strategic-choices/","Campus","","Mid-career","","","4","","","1","Data and Business Analytics","Direct","","AI, Data & Digital","Data, analytics and decisions","Business analytics for decision-making","T03.S04.P01","","Stable","high"
"Indian Institute of Management Bangalore","iimb","India","Storytelling for Business Managers","https://eep.iimb.ac.in/course/storytelling-for-business-managers-batch-2/","Campus","","Mid-career","","","3","","","1","Strategy and Leadership Programmes","Direct","","Personal Effectiveness & Communication","Executive presence and communication","Business storytelling and narrative","T14.S01.P02","","Stable","high"
"Indian Institute of Management Bangalore","iimb","India","Workplace Conflict: An Opportunity for Growth (Batch 5)","https://eep.iimb.ac.in/course/workplace-conflict-an-opportunity-for-growth-batch-5/","Campus","","Mid-career","INR","106500","3","0.6","","1","Marketing and General Management","Direct","","Sector-Specific Management","Regulated and asset-heavy sectors","Transport, aviation, shipping and railways","T13.S01.P05","","Stable","high"
"Indian Institute of Management Bangalore","iimb","India","Leading Businesses Through Macroeconomic Uncertainty – A practical Playbook [Batch-1]","https://eep.iimb.ac.in/course/leading-businesses-through-macroeconomic-uncertainty-a-practical-playbook/","Campus","","C-suite/Senior","","","3","","","1","Strategy and Leadership Programmes; Entrepreneurship and Innovation","Direct","","Leadership & Executive Capability","Change, resilience and crisis","Leading in uncertainty, volatility and ambiguity","T01.S05.P05","T02.S04.P03","Stable","high"
"Indian Institute of Management Bangalore","iimb","India","Sustainability 360: A Tool for Business Transformation [Batch-1]","https://eep.iimb.ac.in/course/sustainability-360-a-tool-for-business-transformation/","Campus","","C-suite/Senior","","","3","0.6","","1","Strategy and Leadership Programmes","Direct","","Sustainability, ESG & Climate","Sustainability strategy","Sustainability and ESG strategy for the enterprise","T10.S01.P01","","Transformed","high"
"Indian Institute of Management Bangalore","iimb","India","Decision Making and Conflict Management in Family Firms","https://eep.iimb.ac.in/course/decision-making-and-conflict-management-in-family-firms/","Campus","","Mixed","INR","106500","3","0.6","","1","Entrepreneurship and Innovation","Direct","","Innovation & Entrepreneurship","Entrepreneurship","Family business succession and next-generation owners","T09.S02.P03","T14.S02.P01","Stable","high"
"Indian Institute of Management Bangalore","iimb","India","AI & Consumer Persuasion","https://eep.iimb.ac.in/course/ai-consumer-persuasion/","Campus","","Functional specialist","","","3","","","1","Marketing and General Management","Direct","","AI, Data & Digital","Digital transformation","Enterprise digital transformation strategy and roadmaps","T03.S03.P01","","Transformed","fallback"
"Indian Institute of Management Bangalore","iimb","India","Influencer Marketing","https://eep.iimb.ac.in/course/influencer-marketing/","Campus","","Functional specialist","","","","","","1","Marketing and General Management","Direct","","Marketing, Sales & Customer","Digital growth and performance marketing","Social, content and influencer marketing","T05.S02.P02","","Transformed","high"
"Indian Institute of Management Bangalore","iimb","India","Marketing Research for Startups & Managers","https://eep.iimb.ac.in/course/marketing-research-for-startups-managers/","Campus","","Functional specialist","","","","","","1","Marketing and General Management","Direct","","Innovation & Entrepreneurship","Entrepreneurship","Starting and scaling a venture","T09.S02.P01","","Stable","high"
"Indian Institute of Management Bangalore","iimb","India","Organizational Excellence Through Leadership","https://eep.iimb.ac.in/course/organizational-excellence-through-leadership-batch-23/","Campus","","C-suite/Senior","INR","145500","5","1.0","","1","Strategy and Leadership Programmes","Direct","","Leadership & Executive Capability","Senior and C-suite leadership","Becoming a C-suite officer (role-specific ladders)","T01.S02.P02","T03.S03.P04","Stable","low"
"Indian Institute of Management Bangalore","iimb","India","Digital Social Media & AI Strategy: Driving Business Growth","https://eep.iimb.ac.in/course/digital-and-social-media-marketing-strategy-driving-business-growth/","Campus","","Functional specialist","","","3","","","1","Marketing and General Management","Direct","","Strategy","AI-era strategy","AI strategy for the enterprise","T02.S03.P01","T05.S02.P02","New","high"
"Indian Institute of Management Bangalore","iimb","India","Data Visualization and Storytelling Through Data","https://eep.iimb.ac.in/course/data-visualization-and-storytelling-through-data/","Campus","","Functional specialist","INR","106500","3","0.6","","1","Data and Business Analytics","Direct","","Personal Effectiveness & Communication","Executive presence and communication","Business storytelling and narrative","T14.S01.P02","T03.S04.P03","Stable","high"
"Indian Institute of Management Bangalore","iimb","India","Design Thinking for Leaders","https://eep.iimb.ac.in/course/design-thinking-for-leaders/","Campus","","Mid-career","INR","106500","3","0.6","","1","Entrepreneurship and Innovation","Direct","","Innovation & Entrepreneurship","Innovation management","Design thinking and human-centred design","T09.S01.P02","T09.S02.P01","Stable","high"
"Indian Institute of Management Bangalore","iimb","India","Finance Master Class for Business Leadership [Batch-6]","https://eep.iimb.ac.in/course/finance-master-class-for-business-leadership-batch-6/","Campus","","C-suite/Senior","","","4","0.8","","1","Accounting and Finance","Direct","","Finance & Accounting","Finance for executives","Financial statement analysis and accounting for decisions","T04.S01.P02","","Stable","low"
"Indian Institute of Management Bangalore","iimb","India","From Data to Decisions","https://eep.iimb.ac.in/course/data-analytics-programme/","Campus","","Mid-career","","","5","1.0","","1","Data and Business Analytics","Direct","","AI, Data & Digital","Data, analytics and decisions","Business analytics for decision-making","T03.S04.P01","","Stable","low"
"Indian Institute of Management Bangalore","iimb","India","Product Management [Batch-2]","https://eep.iimb.ac.in/course/product-management/","Campus","","Functional specialist","","","3","","","1","Marketing and General Management","Direct","","Marketing, Sales & Customer","Marketing strategy and brand","Product management and product marketing","T05.S01.P05","","Stable","high"
"Indian Institute of Management Bangalore","iimb","India","Leadership for Net-Zero Economy","https://eep.iimb.ac.in/course/leadership-for-net-zero-economy/","Campus","","C-suite/Senior","","","5","1.0","","1","Strategy and Leadership Programmes","Direct","","Sustainability, ESG & Climate","Sustainability strategy","Net-zero transition and decarbonisation","T10.S01.P02","","New","high"
"Indian Institute of Management Bangalore","iimb","India","Building a Strong Employer Brand: Strategies for Sustainable Growth","https://eep.iimb.ac.in/course/building-a-strong-employer-brand-strategies-for-sustainable-growth/","Campus","","Functional specialist","","","3","","","1","Strategy and Leadership Programmes","Direct","","Marketing, Sales & Customer","Marketing strategy and brand","Brand management and positioning","T05.S01.P02","T07.S02.P01","Stable","high"
"Indian Institute of Management Bangalore","iimb","India","Mid-Career Transitions for Success","https://eep.iimb.ac.in/course/mid-career-professionals-building-career-strategy-for-success/","Campus","","Mid-career","","","3","0.6","","1","Strategy and Leadership Programmes","Direct","","Personal Effectiveness & Communication","Personal productivity and judgment","Networking, influence and career strategy","T14.S02.P04","","Stable","high"
"Indian Institute of Management Bangalore","iimb","India","Leadership in Extreme Environments (Batch-2)","https://eep.iimb.ac.in/course/leadership-in-extreme-environments-batch-2/","Campus","","Mid-career","INR","106500","3","0.6","","1","Strategy and Leadership Programmes","Direct","","Leadership & Executive Capability","Change, resilience and crisis","Leading in uncertainty, volatility and ambiguity","T01.S05.P05","","Stable","fallback"
"Indian Institute of Management Bangalore","iimb","India","Social Media Marketing","https://eep.iimb.ac.in/course/social-media-marketing/","Campus","","Functional specialist","","","3","","","1","Marketing and General Management; Entrepreneurship and Innovation","Direct","","Marketing, Sales & Customer","Digital growth and performance marketing","Social, content and influencer marketing","T05.S02.P02","T09.S02.P01","Transformed","high"
"Indian Institute of Management Bangalore","iimb","India","Corporate Diplomacy: Leading in a Turbulent World","https://eep.iimb.ac.in/course/corporate-diplomacy-leading-in-a-turbulent-world/","Campus","","C-suite/Senior","","","1","","","1","Strategy and Leadership Programmes","Direct","","Leadership & Executive Capability","Change, resilience and crisis","Leading in uncertainty, volatility and ambiguity","T01.S05.P05","T02.S04.P01","Stable","high"
"Indian Institute of Management Bangalore","iimb","India","Learning From Corporate Failures","https://eep.iimb.ac.in/course/learning-from-corporate-failures-2/","Campus","","Mixed","INR","106500","3","0.6","","1","Strategy and Leadership Programmes","Direct","","Leadership & Executive Capability","Change, resilience and crisis","Turnaround and restructuring leadership","T01.S05.P06","","Stable","fallback"
"Indian Institute of Management Bangalore","iimb","India","Strategic Leadership and Innovation in the Digital Era (Batch-4)","https://eep.iimb.ac.in/course/strategic-leadership-and-innovation-in-the-digital-era/","Campus","","C-suite/Senior","","","3","0.6","","1","Strategy and Leadership Programmes","Direct","","Innovation & Entrepreneurship","Innovation management","Innovation strategy and portfolio","T09.S01.P01","","Stable","fallback"
"Indian Institute of Management Bangalore","iimb","India","Strategic Sourcing and Supplier Management","https://eep.iimb.ac.in/course/strategic-sourcing-supplier-management/","Campus","","Functional specialist","","","3","0.6","","1","Technology and Operations","Direct","","Operations, Supply Chain & Quality","Supply chain and logistics","Procurement, sourcing and supplier management","T06.S02.P02","","Stable","high"
"Indian Institute of Management Bangalore","iimb","India","Understanding People through the lens of Behavioral Economics","https://eep.iimb.ac.in/course/understanding-people-through-the-lens-of-behavioral-economics/","Campus","","Mixed","","","3","","","1","Data and Business Analytics","Direct","","AI, Data & Digital","Data, analytics and decisions","Business analytics for decision-making","T03.S04.P01","","Stable","low"
"Indian Institute of Management Bangalore","iimb","India","Strategic Perspectives on the Design of Public Private Partnerships (PPPs)","https://eep.iimb.ac.in/course/strategic-perspectives-on-the-design-of-public-private-partnerships-ppps/","Campus","","Mixed","","","5","","","1","Strategy and Leadership Programmes","Direct","","Public Policy, Government & Infrastructure","Public policy and governance","Public-private partnerships and infrastructure finance","T11.S01.P05","","Stable","high"
"Indian Institute of Management Bangalore","iimb","India","Project, Program & Portfolio Management","https://eep.iimb.ac.in/course/project-program-portfolio-management-batch-2/","Campus","","Functional specialist","INR","132000","4","0.8","","1","Technology and Operations","Direct","","Finance & Accounting","Investment and capital markets","Investment management and portfolio theory","T04.S02.P01","T13.S01.P05","Stable","high"
"Indian Institute of Management Bangalore","iimb","India","Company Director's Programme: Board Best Practices","https://eep.iimb.ac.in/course/company-directors-programme-board-best-practices/","Campus","","Board","","","3","0.6","","1","Strategy and Leadership Programmes","Direct","","Governance, Risk & Legal","Board governance","Board effectiveness and director duties","T08.S01.P01","","Stable","high"
"Indian Institute of Management Bangalore","iimb","India","Creating Successful New Products","https://eep.iimb.ac.in/course/creating-successful-new-products/","Campus","","Functional specialist","","","3","","","1","Marketing and General Management","Direct","","Marketing, Sales & Customer","Marketing strategy and brand","Product management and product marketing","T05.S01.P05","","Stable","fallback"
"Indian Institute of Management Bangalore","iimb","India","Artificial Intelligence (AI) and Analytics Based Business Strategy; Creating Business Value [Batch – 7]","https://eep.iimb.ac.in/course/artificial-intelligence-ai-and-analytics-based-business-strategy-creating-business-value/","Campus","","C-suite/Senior","","","3","0.6","","1","Data and Business Analytics","Direct","","AI, Data & Digital","Data, analytics and decisions","Business analytics for decision-making","T03.S04.P01","","Stable","low"
"Indian Institute of Management Bangalore","iimb","India","Creating High Performance Organisations","https://eep.iimb.ac.in/course/creating-high-performance-organisations-batch-26/","Campus","","C-suite/Senior","INR","145500","5","1.0","","1","Strategy and Leadership Programmes","Direct","","People, Talent & Organisation","Culture, DEI and organisational behaviour","Organisational culture and culture change","T07.S04.P01","","Stable","fallback"
"Indian Institute of Management Bangalore","iimb","India","Generative AI and Agentic AI with Business Applications","https://eep.iimb.ac.in/course/generative-ai-and-agentic-ai-with-business-applications-batch-09/","Campus","","Mid-career","INR","145500","5","1.0","","1","Data and Business Analytics","Direct","","Leadership & Executive Capability","Leading human-AI organisations","Leading teams that include AI agents","T01.S04.P01","T03.S01.P02","New","high"
"Indian Institute of Management Bangalore","iimb","India","Private Equity and Capital Market Financing","https://eep.iimb.ac.in/course/private-equity-and-capital-market-financing/","Campus","","Functional specialist","","","4","0.8","","1","Accounting and Finance","Direct","","Finance & Accounting","Investment and capital markets","Private equity and venture capital","T04.S02.P02","T04.S02.P03","Stable","high"
"Indian Institute of Management Bangalore","iimb","India","Strategy and Leadership in VUCA World","https://eep.iimb.ac.in/course/strategy-and-leadership-in-vuca-world/","Campus","","C-suite/Senior","","","4","0.8","","1","Strategy and Leadership Programmes","Direct","","Strategy","Corporate and competitive strategy","Competitive strategy and advantage","T02.S01.P01","","Stable","fallback"
"Indian Institute of Management Bangalore","iimb","India","Post Merger Integration for M&A Success","https://eep.iimb.ac.in/course/post-merger-integration-for-ma-success/","Campus","","C-suite/Senior","","","3","0.6","","1","Strategy and Leadership Programmes; Marketing and General Management","Direct","","Strategy","M&A and corporate development","Post-merger integration","T02.S05.P03","T02.S05.P01","Stable","high"
"Indian Institute of Management Bangalore","iimb","India","Decision Making for Managerial Effectiveness","https://eep.iimb.ac.in/course/decision-making-for-managerial-effectiveness/","Campus","","Mid-career","INR","106500","3","0.6","","1","Strategy and Leadership Programmes","Direct","","Personal Effectiveness & Communication","Personal productivity and judgment","Decision-making, biases and behavioural judgment","T14.S02.P01","","Stable","high"
"Indian Institute of Management Bangalore","iimb","India","Strategic Management of Innovation [Batch-8]","https://eep.iimb.ac.in/course/strategic-management-of-innovation/","Campus","","Mid-career","","","3","0.6","","1","Marketing and General Management","Direct","","Strategy","Corporate and competitive strategy","Competitive strategy and advantage","T02.S01.P01","","Stable","high"
"Indian Institute of Management Bangalore","iimb","India","Healthcare CEO Excellence Programme","https://eep.iimb.ac.in/course/healthcare-ceo-excellence-programme/","Campus","","C-suite/Senior","","","","","","1","Marketing and General Management","Direct","","Leadership & Executive Capability","Senior and C-suite leadership","CEO / top management leadership","T01.S02.P01","T01.S02.P02","Stable","officer-rule"
"Indian Institute of Management Bangalore","iimb","India","Analytics for Market Research [Batch-1]","https://eep.iimb.ac.in/course/analytics-for-market-research/","Campus","","Functional specialist","","","5","1.0","","1","Data and Business Analytics","Direct","","AI, Data & Digital","Data, analytics and decisions","Business analytics for decision-making","T03.S04.P01","T05.S01.P03","Stable","high"
"Indian Institute of Management Bangalore","iimb","India","Mindfulness for Effective Leadership (Batch-2)","https://eep.iimb.ac.in/course/mindfulness-for-effective-leadership/","Campus","","Mixed","INR","106500","3","0.6","","1","Strategy and Leadership Programmes","Direct","","Leadership & Executive Capability","Change, resilience and crisis","Personal resilience, wellbeing and burnout","T01.S05.P03","","Stable","high"
"Indian Institute of Management Bangalore","iimb","India","Building Blocks of Marketing","https://eep.iimb.ac.in/course/building-blocks-of-marketing/","Campus","","Early/Emerging","","","3","","","1","Marketing and General Management","Direct","","Marketing, Sales & Customer","Marketing strategy and brand","Marketing strategy for executives","T05.S01.P01","","Stable","fallback"
"Indian Institute of Management Bangalore","iimb","India","Predictive Analytics for Business Forecasting [Batch-7]","https://eep.iimb.ac.in/course/predictive-analytics-for-business-forecasting/","Campus","","Functional specialist","","","4","","","1","Data and Business Analytics","Direct","","AI, Data & Digital","Data, analytics and decisions","Business analytics for decision-making","T03.S04.P01","T04.S01.P06","Stable","high"
"Indian Institute of Management Bangalore","iimb","India","Finance for Decision Making (for Non-Finance Managers)","https://eep.iimb.ac.in/course/finance-for-managers/","Campus","","Mid-career","","","5","1.0","","1","Accounting and Finance","Direct","","Personal Effectiveness & Communication","Personal productivity and judgment","Decision-making, biases and behavioural judgment","T14.S02.P01","T04.S01.P02","Stable","high"
"Indian Institute of Management Bangalore","iimb","India","ESG – Management, Reporting and Communication (Batch-3)","https://eep.iimb.ac.in/course/esg-management-reporting-and-communication-batch-3/","Campus","","Mixed","","","1","","","1","Strategy and Leadership Programmes","Direct","","Sustainability, ESG & Climate","Sustainability strategy","Sustainability and ESG strategy for the enterprise","T10.S01.P01","T13.S01.P05","Transformed","high"
"Indian Institute of Management Bangalore","iimb","India","Competitive Marketing Strategy [Batch 19]","https://eep.iimb.ac.in/course/competitive-marketing-strategy/","Campus","","Mid-career","","","3","0.6","","1","Marketing and General Management","Direct","","Marketing, Sales & Customer","Marketing strategy and brand","Marketing strategy for executives","T05.S01.P01","","Stable","high"
"Indian Institute of Management Bangalore","iimb","India","Managing and Sustaining Hospital Growth","https://eep.iimb.ac.in/course/managing-and-sustaining-hospital-growth/","Campus","","C-suite/Senior","","","3","","","1","Marketing and General Management","Direct","","Healthcare & Life Sciences","Healthcare management","Hospital and healthcare operations management","T12.S01.P01","","Stable","high"
"Indian Institute of Management Bangalore","iimb","India","Leading Strategic Change","https://eep.iimb.ac.in/course/leading-strategic-change/","Campus","","C-suite/Senior","","","3","","","1","Strategy and Leadership Programmes","Direct","","Strategy","Corporate and competitive strategy","Competitive strategy and advantage","T02.S01.P01","","Stable","fallback"
"Indian Institute of Management Bangalore","iimb","India","Resilient Leadership (Batch-2)","https://eep.iimb.ac.in/course/resilient-leadership-batch-2/","Campus","","Mid-career","","","3","","","1","Strategy and Leadership Programmes","Direct","","Leadership & Executive Capability","Foundational leadership","Leadership styles and situational leadership","T01.S01.P05","","Stable","fallback"
"Indian Institute of Management Bangalore","iimb","India","Accelerating Your Leadership Journey – Leader As a Coach","https://eep.iimb.ac.in/course/leader-as-a-coach-accelerating-your-leadership-journey/","Campus","","C-suite/Senior","","","4","0.8","","1","Strategy and Leadership Programmes","Direct","","Personal Effectiveness & Communication","Executive presence and communication","Public speaking, presentation and boardroom communication","T14.S01.P03","","Stable","fallback"
"Indian Institute of Management Bangalore","iimb","India","Corporate Governance in the Age of AI: Challenges, Risks and Opportunities","https://eep.iimb.ac.in/course/corporate-governance-in-the-age-of-ai-challenges-risks-and-opportunities/","Campus","","Board","","","3","","","1","Accounting and Finance","Direct","","Governance, Risk & Legal","Board governance","Board effectiveness and director duties","T08.S01.P01","T13.S01.P05","Stable","high"
"Indian Institute of Management Bangalore","iimb","India","Navigating the Alternative Investments Industry [Batch 04]","https://eep.iimb.ac.in/course/navigating-the-alternative-investments-industry/","Campus","","Functional specialist","INR","10350","5","1.0","","1","Accounting and Finance","Direct","","Finance & Accounting","Investment and capital markets","Alternative investments and hedge funds","T04.S02.P05","T04.S01.P02","Stable","high"
"Indian Institute of Management Bangalore","iimb","India","Resource Optimisation for Decision Makers","https://eep.iimb.ac.in/course/resource-optimisation-for-decision-makers/","Campus","","Mid-career","","","3","","","1","Data and Business Analytics","Direct","","AI, Data & Digital","Data, analytics and decisions","Business analytics for decision-making","T03.S04.P01","","Stable","low"
"Indian Institute of Management Bangalore","iimb","India","Augmented Decisions: AI and Human Behavior [Batch-1]","https://eep.iimb.ac.in/course/augmented-decisions-ai-and-human-behavior-batch-1/","Campus","","Mid-career","","","3","","","1","Data and Business Analytics","Direct","","AI, Data & Digital","Data, analytics and decisions","AI-augmented decision-making and judgment","T03.S04.P06","T03.S04.P01","New","high"
"Indian Institute of Management Bangalore","iimb","India","Digital Supply Chains: From Strategy to Execution","https://eep.iimb.ac.in/course/digital-supply-chains-management/","Campus","","Functional specialist","INR","142500","5","1.0","","1","Technology and Operations","Direct","","Strategy","Strategy execution","Strategy execution and implementation","T02.S02.P01","T06.S02.P01","Stable","high"
"Indian Institute of Management Bangalore","iimb","India","Business Storytelling for Leaders","https://eep.iimb.ac.in/course/business-storytelling-for-leaders/","Campus","","C-suite/Senior","","","3","","","1","Strategy and Leadership Programmes","Direct","","Personal Effectiveness & Communication","Executive presence and communication","Business storytelling and narrative","T14.S01.P02","","Stable","high"
"Indian Institute of Management Bangalore","iimb","India","CEO Excellence Programme: Leading with Vision & Strategic Impact [Batch 1]","https://eep.iimb.ac.in/course/ceo-excellence-programme-leading-with-vision-strategic-impact-batch-1/","Campus","","C-suite/Senior","","","3","","","1","Strategy and Leadership Programmes","Direct","","Leadership & Executive Capability","Senior and C-suite leadership","CEO / top management leadership","T01.S02.P01","T01.S02.P02","Stable","officer-rule"
"Indian Institute of Management Bangalore","iimb","India","Intellectual Property – Games and Strategies","https://eep.iimb.ac.in/course/intellectual-property-games-and-strategies/","Campus","","Functional specialist","","","3","","","1","Strategy and Leadership Programmes","Direct","","Governance, Risk & Legal","Business law and regulation","Intellectual property and technology law","T08.S03.P05","","Transformed","high"
"Indian Institute of Management Bangalore","iimb","India","Artificial Intelligence Strategy [Batch-9]","https://eep.iimb.ac.in/course/artificial-intelligence-strategy/","Campus","","C-suite/Senior","INR","142500","5","1.0","","1","Marketing and General Management; Data and Business Analytics","Direct","","AI, Data & Digital","Data, analytics and decisions","Business analytics for decision-making","T03.S04.P01","","Stable","low"
"Indian Institute of Management Bangalore","iimb","India","Strategic Leadership Programme For IT Companies","https://eep.iimb.ac.in/course/strategic-leadership-programme-for-it-companies/","Campus","","C-suite/Senior","","","3","0.6","","1","Technology and Operations","Direct","","Strategy","Corporate and competitive strategy","Competitive strategy and advantage","T02.S01.P01","","Stable","fallback"
"Indian Institute of Management Bangalore","iimb","India","Machine Learning with Business Applications [Batch-08]","https://eep.iimb.ac.in/course/machine-learning-with-business-applications/","Campus","","Functional specialist","","","5","1.0","","1","Data and Business Analytics","Direct","","AI, Data & Digital","Data, analytics and decisions","Business analytics for decision-making","T03.S04.P01","","Stable","low"
"Indian Institute of Management Bangalore","iimb","India","Organizational Transformation and Leadership Agility [Batch 1]","https://eep.iimb.ac.in/course/organizational-transformation-and-leadership-agility-batch-1/","Campus","","C-suite/Senior","","","","","","1","Strategy and Leadership Programmes","Direct","","Leadership & Executive Capability","Foundational leadership","Leadership styles and situational leadership","T01.S01.P05","","Stable","fallback"
"Indian Institute of Management Bangalore","iimb","India","Designing & Monetising Loyalty Programs [Batch 2]","https://eep.iimb.ac.in/course/designing-monetising-loyalty-programs/","Campus","","Functional specialist","","","","","","1","Strategy and Leadership Programmes","Direct","","Marketing, Sales & Customer","Marketing strategy and brand","Pricing strategy and revenue management","T05.S01.P04","T05.S02.P05","Stable","high"
"Indian Institute of Management Bangalore","iimb","India","Mergers & Acquisitions, Corporate Restructuring, Buyouts and Divestitures [Batch 11]","https://eep.iimb.ac.in/course/http-eep-iimb-ac-in-course-product-management-utm_campaign8726bx001utm_contentpm/","Campus","","C-suite/Senior","INR","142500","5","1.0","","1","Accounting and Finance","Direct","","Strategy","M&A and corporate development","M&A strategy and deal rationale","T02.S05.P01","T01.S05.P06","Stable","high"
"Indian Institute of Management Bangalore","iimb","India","Digital Product Management [Batch -2]","https://eep.iimb.ac.in/course/digital-product-management/","Campus","","Functional specialist","","","5","","","1","Technology and Operations","Direct","","Marketing, Sales & Customer","Marketing strategy and brand","Product management and product marketing","T05.S01.P05","","Stable","high"
"Indian Institute of Management Bangalore","iimb","India","Advanced Business Negotiation Programme","https://eep.iimb.ac.in/course/advanced-business-negotiation-programme/","Campus","","Mid-career","INR","106500","3","0.6","","1","Strategy and Leadership Programmes","Direct","","Marketing, Sales & Customer","Sales and go-to-market","Negotiation for commercial outcomes","T05.S04.P05","","Stable","high"
"Indian Institute of Management Bangalore","iimb","India","Managing Technological Innovation","https://eep.iimb.ac.in/course/managing-technological-innovation/","Campus","","Functional specialist","","","","","","1","Technology and Operations","Direct","","Innovation & Entrepreneurship","Innovation management","Innovation strategy and portfolio","T09.S01.P01","","Stable","fallback"
"Indian Institute of Management Bangalore","iimb","India","Enlightened Leadership [Batch-1]","https://eep.iimb.ac.in/course/enlightened-leadership-batch-1/","Campus","","C-suite/Senior","","","","","","1","Strategy and Leadership Programmes","Direct","","Leadership & Executive Capability","Foundational leadership","Leadership styles and situational leadership","T01.S01.P05","","Stable","fallback"
"Indian Institute of Management Bangalore","iimb","India","Enterprise Innovation through Startups","https://eep.iimb.ac.in/course/enterprise-innovation-through-startups/","Campus","","Mid-career","","","","","","1","Entrepreneurship and Innovation","Direct","","Innovation & Entrepreneurship","Entrepreneurship","Starting and scaling a venture","T09.S02.P01","","Stable","high"
"Indian Institute of Management Bangalore","iimb","India","Strategic Stewardship: Integrated Strategy to Create Sustainable Value","https://eep.iimb.ac.in/course/strategic-stewardship-integrated-strategy-to-create-sustainable-value/","Campus","","C-suite/Senior","","","","","","1","Strategy and Leadership Programmes","Direct","","Sustainability, ESG & Climate","Sustainability strategy","Sustainability and ESG strategy for the enterprise","T10.S01.P01","","Transformed","high"
"Indian Institute of Management Bangalore","iimb","India","Dynamics of Financial Sector Regulation","https://eep.iimb.ac.in/course/dynamics-of-financial-sector-regulation/","Campus","","Functional specialist","","","","","","1","Accounting and Finance","Direct","","Governance, Risk & Legal","Business law and regulation","Competition, antitrust and sector regulation","T08.S03.P03","T04.S01.P02","Stable","high"
"Indian Institute of Management Bangalore","iimb","India","Healthcare Senior Leadership Programme","https://eep.iimb.ac.in/course/healthcare-senior-leadership-programme/","Campus","","C-suite/Senior","","","","","","1","Marketing and General Management","Direct","","Healthcare & Life Sciences","Healthcare management","Hospital and healthcare operations management","T12.S01.P01","","Stable","fallback"
"Indian Institute of Management Bangalore","iimb","India","Leadership Development Program to Build Resilient GCCs","https://eep.iimb.ac.in/course/leadership-development-program-to-build-resilient-gccs/","Campus","","C-suite/Senior","INR","455000","","17.3","","1","Strategy and Leadership Programmes","Direct","","People, Talent & Organisation","Talent, learning and workforce","Leadership development and succession architecture","T07.S02.P05","T13.S02.P03","Stable","high"
"Indian Institute of Management Bangalore","iimb","India","Strategic Leadership Development Programme (SLDP-8)","https://eep.iimb.ac.in/course/strategic-leadership-development-programme-sldp/","Blended","","C-suite/Senior","","","","26","","1","Strategy and Leadership Programmes","Direct","","People, Talent & Organisation","Talent, learning and workforce","Leadership development and succession architecture","T07.S02.P05","","Stable","high"
"Indian Institute of Management Bangalore","iimb","India","Business Analytics & Artificial Intelligence – Batch 17 (BAAI)","https://eep.iimb.ac.in/course/business-analytics-artificial-intelligence-baai/","Blended","","Mid-career","INR","865000","","36","","1","Data and Business Analytics","Direct","","AI, Data & Digital","Data, analytics and decisions","Business analytics for decision-making","T03.S04.P01","","Stable","high"
"Indian Institute of Management Bangalore","iimb","India","General Management Programme for Aerospace and Aviation Executives – Batch 12 (GMAE12)","https://eep.iimb.ac.in/course/general-management-programme-for-aerospace-and-aviation-executives-gmae/","Blended","","Mid-career","INR","860000","","44","","1","Marketing and General Management","Direct","","General Management (Integrative)","Comprehensive general management","General management programmes for senior leaders","T15.S01.P01","T01.S02.P03","Stable","high"
"Indian Institute of Management Bangalore","iimb","India","Programme on Capital Markets and Risk Management – Batch 3 (CMRM Batch-3)","https://eep.iimb.ac.in/course/programme-on-capital-markets-and-risk-management/","Blended","","Functional specialist","INR","490000","","38","","1","Accounting and Finance; Technology and Operations","Direct","","Finance & Accounting","Investment and capital markets","Capital markets, debt and equity raising","T04.S02.P03","T04.S01.P02","Stable","high"
"Indian Institute of Management Bangalore","iimb","India","Finance for Non-Finance Managers: A Primer for Decision Making – Batch 6 (FNFM6)","https://eep.iimb.ac.in/course/finance-for-non-finance-managers-fnfe/","Blended","","Mid-career","","","","26","","1","Accounting and Finance","Direct","","Finance & Accounting","Finance for executives","Finance for non-finance managers","T04.S01.P01","T14.S02.P01","Stable","high"
"Indian Institute of Management Bangalore","iimb","India","General Management Programme for Healthcare Executives – Batch 9 (GMHE9)","https://eep.iimb.ac.in/course/general-management-programme-for-healthcare-executives-gmhe/","Blended","","Mid-career","","","","44","","1","Marketing and General Management","Direct","","Healthcare & Life Sciences","Healthcare management","Healthcare strategy, payers and providers","T12.S01.P02","","Stable","sector-rule"
"Indian Institute of Management Bangalore","iimb","India","Certificate Programme on Personal Finance and Wealth Advisory – PFWA","https://eep.iimb.ac.in/course/executive-programme-in-personal-finance-and-wealth-advisory/","Blended","","Functional specialist","","","","92","","1","Accounting and Finance","Direct","","Finance & Accounting","Finance for executives","Financial statement analysis and accounting for decisions","T04.S01.P02","","Stable","low"
"Indian Institute of Management Bangalore","iimb","India","Certificate Programme in Digital Operations and Supply Chain Management – Batch 5 (CPDOSCM5)","https://eep.iimb.ac.in/course/certificate-programme-in-digital-operations-and-supply-chain-management/","Blended","","Mid-career","INR","440000","","48","","1","Technology and Operations; Entrepreneurship and Innovation","Direct","","Operations, Supply Chain & Quality","Supply chain and logistics","Supply chain strategy and design","T06.S02.P01","T09.S02.P01","Stable","high"
"Indian Institute of Management Bangalore","iimb","India","Leading Digital Transformation – Batch 8 (LDT8)","https://eep.iimb.ac.in/course/leading-digital-transformation-ldt/","Blended","","C-suite/Senior","","","","22","","1","Technology and Operations","Direct","","AI, Data & Digital","Digital transformation","Enterprise digital transformation strategy and roadmaps","T03.S03.P01","","Transformed","high"
"Indian Institute of Management Bangalore","iimb","India","Programme on Data Science & AI (DSAI) – Batch 4","https://eep.iimb.ac.in/course/programme-on-data-science-ai/","Blended","","Mid-career","","","","40","","1","Data and Business Analytics","Direct","","AI, Data & Digital","Data, analytics and decisions","Data science and applied statistics for managers","T03.S04.P02","T03.S04.P01","Stable","high"
"Indian Institute of Management Bangalore","iimb","India","Advanced Management Programme – Batch 21 (AMP21)","https://eep.iimb.ac.in/course/advanced-management-programme-amp/","Blended","","C-suite/Senior","","","","42","","1","Marketing and General Management","Direct","","Leadership & Executive Capability","Senior and C-suite leadership","CEO / top management leadership","T01.S02.P01","T15.S01.P01","Stable","high"
"Indian Institute of Management Bangalore","iimb","India","Management Programme for Entrepreneurs & Family Businesses (MPEFB) (Batch-17)","https://eep.iimb.ac.in/course/management-programme-for-entrepreneurs-family-businesses-batch-17/","Blended","","Mixed","INR","903500","","26.0","","1","Entrepreneurship and Innovation","Direct","","Innovation & Entrepreneurship","Entrepreneurship","Starting and scaling a venture","T09.S02.P01","T09.S02.P03","Stable","high"
"Indian Institute of Management Bangalore","iimb","India","Executive General Management Programme – Batch 80 (EGMP-80)","https://eep.iimb.ac.in/course/executive-general-management-programme-egmp-q3/","Blended","","Mid-career","INR","750000","","44","","1","Marketing and General Management","Direct","","Leadership & Executive Capability","Senior and C-suite leadership","Leading the enterprise / enterprise-wide leadership","T01.S02.P03","T15.S01.P01","Stable","high"
"Indian Institute of Management Bangalore","iimb","India","Advanced Programme in Quantitative Finance (APQF1)","https://eep.iimb.ac.in/course/advanced-management-programme-in-quantitative-finance-ampqf1/","Blended","","Functional specialist","","","","48","","1","Accounting and Finance","Direct","","Finance & Accounting","Finance for executives","Financial statement analysis and accounting for decisions","T04.S01.P02","","Stable","low"
"Indian Institute of Management Bangalore","iimb","India","Executive Programme in Luxury Fashion & Lifestyle Leadership – Batch 1 (EPLFL1)","https://eep.iimb.ac.in/course/executive-programme-in-luxury-fashion-lifestyle-leadership-batch-1-eplfl1/","Blended","","Mid-career","","","","22","","1","Marketing and General Management","Direct","","Sector-Specific Management","Services and consumer sectors","Sports, arts and luxury management","T13.S02.P06","","Stable","high"
"Indian Institute of Management Bangalore","iimb","India","Independent Directors Certificate Programme – Batch 10 (IDCP10)","https://eep.iimb.ac.in/course/independent-directors-certificate-programme-idcp/","Blended","","Board","INR","450000","","26","","1","Strategy and Leadership Programmes","Direct","","Governance, Risk & Legal","Board governance","Board effectiveness and director duties","T08.S01.P01","","Stable","fallback"
"Indian Institute of Management Bangalore","iimb","India","Senior Leadership Management Programme – Batch 1 (SLMP1)","https://eep.iimb.ac.in/course/senior-leadership-management-programme-batch-1-slmp1/","Blended","","C-suite/Senior","","","","52","","1","Strategy and Leadership Programmes","Direct","","Leadership & Executive Capability","Foundational leadership","Leadership styles and situational leadership","T01.S01.P05","","Stable","fallback"
"Indian Institute of Management Bangalore","iimb","India","Tanmatra – Women in Leadership Programme (10th Edition)","https://eep.iimb.ac.in/course/tanmatra-women-in-leadership-programme-10th-edition/","Blended","","Mid-career","INR","525000","","21.6","","1","Strategy and Leadership Programmes; Entrepreneurship and Innovation; Marketing and General Management","Direct","","People, Talent & Organisation","Culture, DEI and organisational behaviour","Women's leadership and gender in the workplace","T07.S04.P03","T09.S02.P01","Stable","high"
"Indian Institute of Management Bangalore","iimb","India","ESG, Climate Change, and Building Future Ready Organizations [Batch-3]","https://eep.iimb.ac.in/course/esg-climate-change-and-building-future-ready-organizations/","Campus","","C-suite/Senior","INR","122000","4","0.8","","1","Strategy and Leadership Programmes","Direct","","Sustainability, ESG & Climate","Sustainability strategy","Sustainability and ESG strategy for the enterprise","T10.S01.P01","T10.S01.P02","Transformed","high"
"Indian Institute of Management Bangalore","iimb","India","IIMB CREDAI Business Leadership Programme (BLP)","https://eep.iimb.ac.in/course/iimb-credai-business-leadership-programme-blp/","Campus","CREDAI (Confederation of Real Estate Developers' Associations of India)","C-suite/Senior","INR","800000","22","","Y","1","Strategy and Leadership Programmes","Partner","(P)","Finance & Accounting","Investment and capital markets","Real estate finance and investment","T04.S02.P04","","Stable","low"
"IIM Bangalore","iimb","India","Executive Programme in Business Finance (EPBF-BL07)","https://eep.iimb.ac.in/course/entrepreneurial-leadership-in-organizations-batch-1/?utm_campaign=S02450&utm_content=ELO","Blended","","C-suite/Senior","INR","343000","","30.3","","1","","Direct","","Leadership & Executive Capability","Senior and C-suite leadership","Becoming a C-suite officer (role-specific ladders)","T01.S02.P02","T03.S03.P04","Stable","low"
"IIM Bangalore","iimb","India","Artificial Intelligence for Leaders (Batch-1)","https://eep.iimb.ac.in/course/artificial-intelligence-for-senior-leaders/?utm_campaign=S01710&utm_content=artificial-intelligence","Campus","","Senior","INR","111500","3","0.6","","1","","Direct","","AI, Data & Digital","Digital transformation","Enterprise digital transformation strategy and roadmaps","T03.S03.P01","","Transformed","fallback"
"IIM Bangalore","iimb","India","Risks and Challenges in Global Banking Regulations","https://eep.iimb.ac.in/view-all-programs/","Campus","","Unknown","","","5","1.0","","1","","Direct","","Finance & Accounting","Risk, treasury and financial regulation","Banking strategy and regulation","T04.S03.P03","","Stable","high"
"IIM Bangalore","iimb","India","Business Analytics - The Science of Data Driven Decision Making","https://eep.iimb.ac.in/course/business-analytics-science-of-data-driven-decision-making/?utm_campaign=S00150&utm_content=business-analytics-science-of-data","Campus","","Mid-career","INR","145500","5","1.0","","1","","Direct","","AI, Data & Digital","Data, analytics and decisions","Business analytics for decision-making","T03.S04.P01","T14.S02.P01","Stable","high"
"IIM Bangalore","iimb","India","Digital and Social Media Marketing Strategy: Driving Business Growth (Batch-1)","https://eep.iimb.ac.in/course/digital-and-social-media-marketing-strategy-driving-business-growth/?utm_campaign=S00640&utm_content=dsm","Campus","","C-suite/Senior","INR","106500","3","0.6","","1","","Direct","","Marketing, Sales & Customer","Marketing strategy and brand","Marketing strategy for executives","T05.S01.P01","T05.S02.P02","Stable","high"
"IIM Bangalore","iimb","India","Ecosystem Strategy for Business Leaders","https://eep.iimb.ac.in/course/ecosystem-strategy-for-business-leaders/?utm_campaign=S02350&utm_content=ESBL","Campus","","Unknown","INR","142500","5","1.0","","1","","Direct","","Strategy","Corporate and competitive strategy","Platform and ecosystem strategy","T02.S01.P06","","Transformed","high"
"IIM Bangalore","iimb","India","Personal Growth & Team Building","https://eep.iimb.ac.in/view-all-programs/","Campus","","Unknown","","","3","0.6","","1","","Direct","","Personal Effectiveness & Communication","Personal productivity and judgment","Networking, influence and career strategy","T14.S02.P04","","Stable","high"
"IIM Bangalore","iimb","India","Corporate Diplomacy","https://eep.iimb.ac.in/course/corporate-diplomacy-leading-in-a-turbulent-world/?utm_campaign=S02200&utm_content=corporate-diplomacy","Campus","","Unknown","INR","150000","2","0.4","","1","","Direct","","Strategy","Geopolitics and macro strategy","Geopolitics for business leaders and boards","T02.S04.P01","","New","high"
"IIM Bangalore","iimb","India","Generative AI and Agentic AI (Batch-2)","https://eep.iimb.ac.in/course/generative-ai-and-agentic-ai-with-business-applications/?utm_campaign=S02471&utm_content=GenAI","Campus","","Mid-career","INR","145500","5","1.0","","1","","Direct","","Leadership & Executive Capability","Leading human-AI organisations","Leading teams that include AI agents","T01.S04.P01","T03.S01.P02","New","high"
"IIM Bangalore","iimb","India","Stepping up: Preparing for Leadership","https://eep.iimb.ac.in/view-all-programs/","Campus","","Unknown","","","3","0.6","","1","","Direct","","Leadership & Executive Capability","Foundational leadership","Leading in the first 90 days / role transition","T01.S01.P02","","Stable","high"
"IIM Bangalore","iimb","India","Strategic Analysis for Competitive Advantage","https://eep.iimb.ac.in/view-all-programs/","Campus","","Unknown","","","4","0.8","","1","","Direct","","Strategy","Corporate and competitive strategy","Competitive strategy and advantage","T02.S01.P01","","Stable","high"
"IIM Bangalore","iimb","India","Building a Strong Employer Brand","https://eep.iimb.ac.in/view-all-programs/","Campus","","Unknown","","","3","0.6","","1","","Direct","","Marketing, Sales & Customer","Marketing strategy and brand","Brand management and positioning","T05.S01.P02","T07.S02.P01","Stable","high"
"IIM Bangalore","iimb","India","Leadership Skills for Engineers","https://eep.iimb.ac.in/view-all-programs/","Campus","","Unknown","","","3","0.6","","1","","Direct","","Leadership & Executive Capability","Foundational leadership","Leadership styles and situational leadership","T01.S01.P05","","Stable","fallback"
"IIM Bangalore","iimb","India","Digital Business Models and Strategy","https://eep.iimb.ac.in/view-all-programs/","Campus","","Unknown","","","3","0.6","","1","","Direct","","Strategy","Corporate and competitive strategy","Business model innovation and reinvention","T02.S01.P05","T03.S03.P01","Transformed","high"
"IIM Bangalore","iimb","India","Technology Leadership and Future of Work: Thriving Amidst Technological Change","https://eep.iimb.ac.in/view-all-programs/","Campus","","Unknown","","","3","0.6","","1","","Direct","","AI, Data & Digital","Digital transformation","Enterprise digital transformation strategy and roadmaps","T03.S03.P01","","Transformed","fallback"
"IIM Bangalore","iimb","India","General Management Programme for IT Executives – Batch 20","https://eep.iimb.ac.in/view-all-programs/","Unknown","","Unknown","","","","43.3","","1","","Direct","","General Management (Integrative)","Comprehensive general management","General management programmes for senior leaders","T15.S01.P01","T01.S02.P03","Stable","high"
"IIM Calcutta","iimc","India","Managerial Leadership and Team Effectiveness","https://www.iimcal.ac.in/mdp/managerial-leadership-and-team-effectiveness-2026","Campus","","Unknown","INR","160000","5","1.0","","1","Short Duration Programme (MDP) - Organizational Behavior & Human Resource Management","Direct","","Leadership & Executive Capability","Leading people and teams","Leading high-performing teams","T01.S03.P01","T07.S01.P01","Stable","high"
"IIM Calcutta","iimc","India","Leading with Agentic AI","https://www.iimcal.ac.in/mdp/leading-with-agentic-ai","Campus","","Unknown","INR","81000","3","","Y","1","Short Duration Programme (MDP) - Business Technology","Direct","","Leadership & Executive Capability","Leading human-AI organisations","Leading teams that include AI agents","T01.S04.P01","T03.S01.P03","New","high"
"IIM Calcutta","iimc","India","Business-to-Business (B2B) Marketing","https://www.iimcal.ac.in/mdp/business-to-business-b2b-marketing-2026","Campus","","Unknown","INR","145000","5","1.0","","1","Short Duration Programme (MDP) - Marketing","Direct","","Marketing, Sales & Customer","Marketing strategy and brand","B2B and industrial marketing","T05.S01.P06","","Stable","high"
"IIM Calcutta","iimc","India","Communication and Presentation Skills","https://www.iimcal.ac.in/mdp/communication-and-presentation-skills-2026-1","Campus","","Unknown","INR","160000","5","1.0","","1","Short Duration Programme (MDP) - Business Communication","Direct","","Personal Effectiveness & Communication","Executive presence and communication","Public speaking, presentation and boardroom communication","T14.S01.P03","","Stable","high"
"IIM Calcutta","iimc","India","Strategic Human Resource Management","https://www.iimcal.ac.in/mdp/strategic-human-resource-management-2026","Campus","","Unknown","INR","130000","5","1.0","","1","Short Duration Programme (MDP) - Organizational Behavior & Human Resource Management","Direct","","People, Talent & Organisation","HR strategy and the CHRO agenda","Strategic HR and business partnering","T07.S01.P01","T07.S04.P04","Stable","high"
"IIM Calcutta","iimc","India","Using AI to Automate, Optimize, and Scale Digital & Social Media Marketing","https://www.iimcal.ac.in/mdp/using-ai-to-automate-optimize-and-scale-digital-and-social-media-marketing","Campus","","Unknown","INR","135000","5","","Y","1","Short Duration Programme (MDP) - Marketing","Direct","","Marketing, Sales & Customer","Digital growth and performance marketing","Social, content and influencer marketing","T05.S02.P02","T05.S03.P01","Transformed","high"
"IIM Calcutta","iimc","India","Developing Leadership Potential","https://www.iimcal.ac.in/mdp/developing-leadership-potential-2026","Campus","","Unknown","INR","160000","5","1.0","","1","Short Duration Programme (MDP) - Organizational Behavior & Human Resource Management","Direct","","People, Talent & Organisation","HR strategy and the CHRO agenda","Strategic HR and business partnering","T07.S01.P01","T07.S04.P04","Stable","low"
"IIM Calcutta","iimc","India","Marketing Excellence through Pricing","https://www.iimcal.ac.in/mdp/marketing-excellence-through-pricing-2026","Campus","","Unknown","INR","145000","5","1.0","","1","Short Duration Programme (MDP) - Marketing","Direct","","Marketing, Sales & Customer","Marketing strategy and brand","Pricing strategy and revenue management","T05.S01.P04","","Stable","high"
"IIM Calcutta","iimc","India","Leading the Indian Way: Karmayoga and Workplace Spirituality","https://www.iimcal.ac.in/mdp/leading-the-indian-way-karmayoga-and-workplace-spirituality","Campus","","Unknown","INR","75000","3","","Y","1","Short Duration Programme (MDP) - Organizational Behavior & Human Resource Management","Direct","","People, Talent & Organisation","HR strategy and the CHRO agenda","Strategic HR and business partnering","T07.S01.P01","T07.S04.P04","Stable","low"
"IIM Calcutta","iimc","India","ASPIRE: Advancing Sales Potential through Influence and Relationship Excellence","https://www.iimcal.ac.in/mdp/advancing-sales-potential-through-influence-and-relationship-excellence","Campus","","Unknown","INR","150000","5","","Y","1","Short Duration Programme (MDP) - Marketing","Direct","","Marketing, Sales & Customer","Sales and go-to-market","Sales leadership and sales force management","T05.S04.P01","","Stable","fallback"
"IIM Calcutta","iimc","India","General Management Programme for Senior and Middle-Level Executives","https://www.iimcal.ac.in/mdp/general-management-programme-for-senior-and-middle-level-executives-2026","Campus","","Unknown","INR","150000","5","1.0","","1","Short Duration Programme (MDP) - General Management","Direct","","General Management (Integrative)","Comprehensive general management","General management programmes for senior leaders","T15.S01.P01","T01.S02.P03","Stable","high"
"IIM Calcutta","iimc","India","Professionalising Family Business","https://www.iimcal.ac.in/mdp/professionalising-family-business","Campus","","Unknown","INR","90000","3","","Y","1","Short Duration Programme (MDP) - General Management","Direct","","Innovation & Entrepreneurship","Entrepreneurship","Family business succession and next-generation owners","T09.S02.P03","","Stable","high"
"IIM Calcutta","iimc","India","Becoming a CXO: Developing A Strategic Mindset","https://www.iimcal.ac.in/mdp/becoming-a-cxo-developing-a-strategic-mindset-2026","Campus","","Unknown","INR","160000","5","1.0","","1","Short Duration Programme (MDP) - Strategy","Direct","","Leadership & Executive Capability","Senior and C-suite leadership","Becoming a C-suite officer (role-specific ladders)","T01.S02.P02","T03.S03.P04","Stable","high"
"IIM Calcutta","iimc","India","Supply Chain Management Excellence","https://www.iimcal.ac.in/mdp/supply-chain-management-excellence-2026","Campus","","Unknown","INR","125000","5","1.0","","1","Short Duration Programme (MDP) - Operations","Direct","","Operations, Supply Chain & Quality","Supply chain and logistics","Supply chain strategy and design","T06.S02.P01","","Stable","high"
"IIM Calcutta","iimc","India","Leadership and Team Building","https://www.iimcal.ac.in/mdp/leadership-and-team-building-2026-1","Campus","","Unknown","INR","150000","5","1.0","","1","Short Duration Programme (MDP) - Organizational Behavior & Human Resource Management","Direct","","People, Talent & Organisation","HR strategy and the CHRO agenda","Strategic HR and business partnering","T07.S01.P01","T07.S04.P04","Stable","low"
"IIM Calcutta","iimc","India","Understanding the Analytics of Human Interactions for Superior Decision Making","https://www.iimcal.ac.in/mdp/understanding-the-analytics-of-human-interactions-for-superior-decision-making","Campus","","Unknown","INR","135000","5","","Y","1","Short Duration Programme (MDP) - Business Analytics","Direct","","Personal Effectiveness & Communication","Personal productivity and judgment","Decision-making, biases and behavioural judgment","T14.S02.P01","T03.S04.P01","Stable","high"
"IIM Calcutta","iimc","India","Explainable Artificial Intelligence (xAI) for Financial Decision Makers","https://www.iimcal.ac.in/mdp/explainable-artificial-intelligence-xai-for-financial-decision-makers-2026","Campus","","Unknown","INR","100000","4","0.8","","1","Short Duration Programme (MDP) - Finance & Control","Direct","","Finance & Accounting","Finance for executives","Finance for non-finance managers","T04.S01.P01","","Stable","fallback"
"IIM Calcutta","iimc","India","AIML Applications in Marketing","https://www.iimcal.ac.in/mdp/aiml-applications-in-marketing-2026","Campus","","Unknown","INR","135000","5","1.0","","1","Short Duration Programme (MDP) - Marketing","Direct","","Marketing, Sales & Customer","AI in marketing","Generative AI for marketing and creative","T05.S03.P01","","New","high"
"IIM Calcutta","iimc","India","Interpersonal Effectiveness and Leadership Excellence","https://www.iimcal.ac.in/mdp/interpersonal-effectiveness-and-leadership-excellence-2026-1","Campus","","Unknown","INR","150000","5","1.0","","1","Short Duration Programme (MDP) - Organizational Behavior & Human Resource Management","Direct","","Personal Effectiveness & Communication","Personal productivity and judgment","Time, attention and personal productivity","T14.S02.P03","T07.S01.P01","Transformed","high"
"IIM Calcutta","iimc","India","Project Management","https://www.iimcal.ac.in/mdp/project-management-2026","Campus","","Unknown","INR","150000","5","1.0","","1","Short Duration Programme (MDP) - Operations","Direct","","Operations, Supply Chain & Quality","Operations management","Project management","T06.S01.P05","","Stable","high"
"IIM Calcutta","iimc","India","Strategic Storytelling and Communication","https://www.iimcal.ac.in/mdp/strategic-storytelling-and-communication-2026","Campus","","Unknown","INR","130000","5","1.0","","1","Short Duration Programme (MDP) - Business Communication","Direct","","Personal Effectiveness & Communication","Executive presence and communication","Business storytelling and narrative","T14.S01.P02","","Stable","high"
"IIM Calcutta","iimc","India","EduEdge - Executive Management Program for Future Educational Leaders","https://www.iimcal.ac.in/mdp/eduedge-executive-management-program-for-future-educational-leaders","Campus","","Unknown","INR","125000","5","","Y","1","Short Duration Programme (MDP) - General Management","Direct","","Leadership & Executive Capability","Foundational leadership","Leadership styles and situational leadership","T01.S01.P05","","Stable","fallback"
"IIM Calcutta","iimc","India","Innovation Strategies for Operational Excellence","https://www.iimcal.ac.in/mdp/innovation-strategies-for-operational-excellence-2026","Campus","","Unknown","INR","140000","5","1.0","","1","Short Duration Programme (MDP) - Operations","Direct","","Operations, Supply Chain & Quality","Operations management","Operational excellence and process improvement","T06.S01.P01","","Stable","high"
"IIM Calcutta","iimc","India","Agentic AI Workflows for Business","https://www.iimcal.ac.in/mdp/agentic-ai-workflows-for-business","Campus","","Unknown","INR","100000","4","","Y","1","Short Duration Programme (MDP) - Business Technology","Direct","","Leadership & Executive Capability","Leading human-AI organisations","Leading teams that include AI agents","T01.S04.P01","T03.S01.P03","New","high"
"IIM Calcutta","iimc","India","Contract Management and Arbitration","https://www.iimcal.ac.in/mdp/contract-management-and-arbitration-2026","Campus","","Unknown","INR","125000","5","","","1","Short Duration Programme (MDP) - Business Law","Direct","","Governance, Risk & Legal","Business law and regulation","Commercial contracts and contract management","T08.S03.P01","T08.S03.P04","Stable","high"
"IIM Calcutta","iimc","India","Finance and Accounting for Business Managers","https://www.iimcal.ac.in/mdp/finance-and-accounting-for-business-managers-2026","Campus","","Unknown","INR","100000","4","","","1","Short Duration Programme (MDP) - Finance & Control","Direct","","Finance & Accounting","Finance for executives","Financial statement analysis and accounting for decisions","T04.S01.P02","","Stable","high"
"IIM Calcutta","iimc","India","Managerial Leadership and Conflict Resolution","https://www.iimcal.ac.in/mdp/managerial-leadership-and-conflict-resolution-2026-1","Campus","","Unknown","INR","150000","5","1.0","","1","Short Duration Programme (MDP) - Organizational Behavior & Human Resource Management","Direct","","Personal Effectiveness & Communication","Personal productivity and judgment","Conflict management and mediation skills","T14.S02.P06","T07.S01.P01","Stable","high"
"IIM Calcutta","iimc","India","Artificial Intelligence for Managers (AIM) for Technology Leadership","https://www.iimcal.ac.in/mdp/aim-for-managers-for-technical-leadership","Campus","","Unknown","INR","75000","3","","Y","1","Short Duration Programme (MDP) - Business Technology","Direct","","Leadership & Executive Capability","Leading human-AI organisations","Redesigning managerial work around AI","T01.S04.P02","T03.S01.P01","New","high"
"IIM Calcutta","iimc","India","ESG Analytics: Valuation & Integration","https://www.iimcal.ac.in/mdp/esg-analytics-valuation-integration-2026","Campus","","Unknown","INR","125000","5","1.0","","1","Short Duration Programme (MDP) - General Management","Direct","","Sustainability, ESG & Climate","Sustainability strategy","Sustainable finance, green bonds and climate risk in finance","T10.S01.P04","","Transformed","override"
"IIM Calcutta","iimc","India","Financial Leadership and Management Excellence","https://www.iimcal.ac.in/mdp/financial-leadership-and-management-excellence-2026","Campus","","Unknown","INR","155000","5","1.0","","1","Short Duration Programme (MDP) - General Management","Direct","","Finance & Accounting","Finance for executives","Finance for non-finance managers","T04.S01.P01","","Stable","fallback"
"IIM Calcutta","iimc","India","Managerial Effectiveness for Public Enterprises & Government","https://www.iimcal.ac.in/mdp/managerial-effectiveness-for-public-enterprises-and-government-2026","Campus","","Unknown","INR","160000","5","","","1","Short Duration Programme (MDP) - Organizational Behavior & Human Resource Management","Direct","","People, Talent & Organisation","HR strategy and the CHRO agenda","Strategic HR and business partnering","T07.S01.P01","T07.S04.P04","Stable","low"
"IIM Calcutta","iimc","India","The Power of Generative AI: How to Transform Your Business for the Future","https://www.iimcal.ac.in/mdp/the-power-of-generative-AI-how-to-transform-your-business-for-the-future-2026-1","Campus","","Unknown","INR","110000","4","0.8","","1","Short Duration Programme (MDP) - Business Technology","Direct","","AI, Data & Digital","AI foundations for leaders","Generative AI foundations and prompting","T03.S01.P02","T01.S02.P02","New","high"
"IIM Calcutta","iimc","India","Start-Up Readiness, Growth and Execution (SURGE)","https://www.iimcal.ac.in/ldp/start-readiness-growth-and-execution-surge-entrepreneurship-programme","Live Online","","Unknown","","","","39","","1","Long Duration Programme (LDP)","Direct","","Innovation & Entrepreneurship","Entrepreneurship","Starting and scaling a venture","T09.S02.P01","","Stable","high"
"IIM Calcutta","iimc","India","Executive Programme in Growth Strategies for Business Leaders (EPGSBL)","https://www.iimcal.ac.in/ldp/executive-programme-growth-strategies-for-business-leaders-epgsbl","Blended","TimesPro","Unknown","INR","553000","","52","","1","Long Duration Programme (LDP)","Partner","(P)","Strategy","Corporate and competitive strategy","Platform and ecosystem strategy","T02.S01.P06","T08.S02.P01","Transformed","low"
"IIM Calcutta","iimc","India","Advanced Programme in Strategy & Leadership (APSL)","https://www.iimcal.ac.in/ldp/advanced-programme-strategy-leadership-apsl","Blended","VCNow","Unknown","INR","390000","","26","","1","Long Duration Programme (LDP)","Partner","(P)","Strategy","Corporate and competitive strategy","Competitive strategy and advantage","T02.S01.P01","T02.S01.P03","Stable","low"
"IIM Calcutta","iimc","India","EdLEAP: Education Leaders' Programme","https://www.iimcal.ac.in/ldp/edleap-education-leaders-programme","Live Online","TalentSprint","Unknown","INR","350000","","39","","1","Long Duration Programme (LDP)","Partner","(P)","Leadership & Executive Capability","Foundational leadership","Leadership styles and situational leadership","T01.S01.P05","","Stable","fallback"
"IIM Calcutta","iimc","India","Executive Programme in Healthcare Management (EPHM)","https://www.iimcal.ac.in/ldp/executive-programme-healthcare-management-ephm","Blended","","Unknown","INR","620000","","52","","1","Long Duration Programme (LDP)","Direct","","Healthcare & Life Sciences","Healthcare management","Healthcare strategy, payers and providers","T12.S01.P02","","Stable","sector-rule"
"IIM Calcutta","iimc","India","Chief Revenue Officer Programme (CRO)","https://www.iimcal.ac.in/ldp/chief-revenue-officer-programme-cro","Blended","Emeritus","Unknown","","","","43","","1","Long Duration Programme (LDP)","Partner","(P)","Marketing, Sales & Customer","Sales and go-to-market","Sales leadership and sales force management","T05.S04.P01","T01.S02.P02","Stable","officer-rule"
"IIM Calcutta","iimc","India","Executive Programme In Business Management - International (EPBMI)","https://www.iimcal.ac.in/ldp/executive-programme-business-management-international-epbmi","Blended","","Unknown","USD","15900","","52","","1","Long Duration Programme (LDP)","Direct","","UNCLASSIFIED","","","","","","none"
"IIM Calcutta","iimc","India","Executive Programme in Corporate Sustainability (EPCS)","https://www.iimcal.ac.in/ldp/executive-programme-corporate-sustainability-epcs","Live Online","TalentSprint","Unknown","INR","480000","","52","","1","Long Duration Programme (LDP)","Partner","(P)","Sustainability, ESG & Climate","Sustainability strategy","Sustainability and ESG strategy for the enterprise","T10.S01.P01","","Transformed","high"
"IIM Calcutta","iimc","India","Executive Programme in Leadership and Management (EPLM)","https://www.iimcal.ac.in/ldp/executive-programme-leadership-and-management-eplm","Blended","Emeritus","Unknown","INR","670000","","52","","1","Long Duration Programme (LDP)","Partner","(P)","Leadership & Executive Capability","Foundational leadership","Leadership styles and situational leadership","T01.S01.P05","","Stable","fallback"
"IIM Calcutta","iimc","India","Chief Operating Officer Programme (COO)","https://www.iimcal.ac.in/ldp/chief-operating-officer-programme-coo","Live Online","TalentSprint","Unknown","INR","480000","","35","","1","Long Duration Programme (LDP)","Partner","(P)","Operations, Supply Chain & Quality","Operations management","Operational excellence and process improvement","T06.S01.P01","T01.S02.P02","Stable","officer-rule"
"IIM Calcutta","iimc","India","Executive Programme in Business Management (EPBM)","https://www.iimcal.ac.in/ldp/executive-programme-business-management-epbm","Blended","TimesPro","Unknown","INR","702000","","52","","1","Long Duration Programme (LDP)","Partner","(P)","Strategy","Geopolitics and macro strategy","Macroeconomics for executives","T02.S04.P03","T03.S03.P01","Stable","low"
"IIM Calcutta","iimc","India","Executive Programme in General Management (EPGM)","https://www.iimcal.ac.in/ldp/executive-programme-general-management-epgm","Blended","TalentSprint","Unknown","INR","450000","","52","","1","Long Duration Programme (LDP)","Partner","(P)","AI, Data & Digital","Data, analytics and decisions","AI-augmented decision-making and judgment","T03.S04.P06","T01.S04.P02","New","medium"
"IIM Calcutta","iimc","India","Executive Programme in Global Business Management (EPGBM)","https://www.iimcal.ac.in/ldp/executive-programme-global-business-management-epgbm","Live Online","TalentSprint","Unknown","INR","480000","","52","","1","Long Duration Programme (LDP)","Partner","(P)","UNCLASSIFIED","","","","","","none"
"IIM Calcutta","iimc","India","Senior Management Programme (SMP)","https://www.iimcal.ac.in/ldp/senior-management-programme-smp","Blended","TimesPro","Unknown","INR","847500","","52","","1","Long Duration Programme (LDP)","Partner","(P)","General Management (Integrative)","Comprehensive general management","General management programmes for senior leaders","T15.S01.P01","T02.S04.P03","Stable","high"
"IIM Calcutta","iimc","India","Chief Financial Officer Programme (CFO)","https://www.iimcal.ac.in/ldp/chief-financial-officer-programme-cfo","Blended","Emeritus","Unknown","INR","670000","","39","","1","Long Duration Programme (LDP)","Partner","(P)","Finance & Accounting","Finance for executives","Corporate finance and capital allocation","T04.S01.P03","T01.S02.P02","Stable","officer-rule"
"IIM Calcutta","iimc","India","Post Graduate Certificate in Family Business Management (PGCFBM)","https://www.iimcal.ac.in/ldp/post-graduate-certificate-family-business-management-pgcfbm","Blended","","Unknown","INR","456000","","52","","1","Long Duration Programme (LDP)","Direct","","Innovation & Entrepreneurship","Entrepreneurship","Family business succession and next-generation owners","T09.S02.P03","","Stable","high"
"IIM Calcutta","iimc","India","Advanced Programme in Strategic Leadership Communication (APSLC)","https://www.iimcal.ac.in/ldp/advanced-programme-in-strategic-leadership-communication-apslc","Blended","VCNow","Unknown","INR","280000","","26","","1","Long Duration Programme (LDP)","Partner","(P)","Strategy","Corporate and competitive strategy","Competitive strategy and advantage","T02.S01.P01","","Stable","fallback"
"IIM Calcutta","iimc","India","LEAD: Advanced Management Programme for Enterprise Leadership","https://www.iimcal.ac.in/ldp/lead-advanced-management-programme-for-enterprise-leadership","Campus","TalentSprint","Unknown","","","","52","","1","Long Duration Programme (LDP)","Partner","(P)","General Management (Integrative)","Comprehensive general management","General management programmes for senior leaders","T15.S01.P01","T01.S02.P01","Stable","high"
"IIM Calcutta","iimc","India","Executive Leadership Programme for Women (ELPW)","https://www.iimcal.ac.in/ldp/executive-leadership-programme-for-women-elpw-formerly-known-tlpwe","Blended","","Unknown","","","","52","","1","Long Duration Programme (LDP)","Direct","","People, Talent & Organisation","Culture, DEI and organisational behaviour","Women's leadership and gender in the workplace","T07.S04.P03","","Stable","high"
"IIM Calcutta","iimc","India","Advanced Programme in Digital and AI Business Leadership (APDAIBL)","https://www.iimcal.ac.in/ldp/advanced-programme-digital-and-ai-business-leadership-apdaibl","Blended","TalentSprint","Unknown","INR","640000","","52","","1","Long Duration Programme (LDP)","Partner","(P)","AI, Data & Digital","Digital transformation","Enterprise digital transformation strategy and roadmaps","T03.S03.P01","","Transformed","fallback"
"IIM Calcutta","iimc","India","Executive Programme in Integrated Retail Management (EPIRM)","https://www.iimcal.ac.in/ldp/executive-programme-integrated-retail-management-epirm","Live Online","TalentSprint","Unknown","INR","360000","","39","","1","Long Duration Programme (LDP)","Partner","(P)","Sector-Specific Management","Services and consumer sectors","Retail and consumer goods management","T13.S02.P01","","Stable","high"
"IIM Calcutta","iimc","India","Advanced Management Programme in FinTech and AI Applications (AMPFAI)","https://www.iimcal.ac.in/ldp/advanced-management-programme-fintech-and-ai-applications-ampfai","Live Online","TalentSprint","Unknown","INR","386000","","39","","1","Long Duration Programme (LDP)","Partner","(P)","Leadership & Executive Capability","Senior and C-suite leadership","CEO / top management leadership","T01.S02.P01","T04.S04.P01","Stable","high"
"IIM Calcutta","iimc","India","Executive Programme in Investment Banking and Capital Markets (EPIBCM)","https://www.iimcal.ac.in/ldp/executive-programme-investment-banking-and-capital-markets-epibcm","Blended","Imarticus Learning","Unknown","INR","466450","","52","","1","Long Duration Programme (LDP)","Partner","(P)","Finance & Accounting","Investment and capital markets","Capital markets, debt and equity raising","T04.S02.P03","T04.S03.P03","Stable","high"
"IIM Calcutta","iimc","India","Executive Programme in Human Resources Management (EPHRM)","https://www.iimcal.ac.in/ldp/executive-programme-human-resources-management-ephrm","Blended","Emeritus","Unknown","INR","360000","","52","","1","Long Duration Programme (LDP)","Partner","(P)","People, Talent & Organisation","HR strategy and the CHRO agenda","Strategic HR and business partnering","T07.S01.P01","","Stable","fallback"
"IIM Calcutta","iimc","India","Executive Programme in Public Policy and Management (EPPPM)","https://www.iimcal.ac.in/ldp/executive-programme-public-policy-and-management-epppm","Blended","Emeritus","Unknown","INR","335000","","52","","1","Long Duration Programme (LDP)","Partner","(P)","Public Policy, Government & Infrastructure","Public policy and governance","Public policy design and analysis","T11.S01.P01","T11.S01.P05","Stable","high"
"IIM Calcutta","iimc","India","Executive Programme in Supply Chain Management (EPSCM)","https://www.iimcal.ac.in/ldp/executive-programme-supply-chain-management-epscm","Blended","Emeritus","Unknown","","","","48","","1","Long Duration Programme (LDP)","Partner","(P)","Operations, Supply Chain & Quality","Supply chain and logistics","Supply chain strategy and design","T06.S02.P01","","Stable","high"
"IIM Calcutta","iimc","India","Private Equity and Venture Capital (PE&VC)","https://www.iimcal.ac.in/ldp/private-equity-and-venture-capital-pevc","Blended","","Unknown","INR","425000","","30","","1","Long Duration Programme (LDP)","Direct","","Finance & Accounting","Investment and capital markets","Private equity and venture capital","T04.S02.P02","T14.S02.P05","Stable","high"
"IIM Calcutta","iimc","India","Strategic Project Management (SPM)","https://www.iimcal.ac.in/ldp/strategic-project-management-spm","Blended","","Unknown","","","","26","","1","Long Duration Programme (LDP)","Direct","","Operations, Supply Chain & Quality","Operations management","Project management","T06.S01.P05","","Stable","high"
"IIM Calcutta","iimc","India","Digital and AI-Driven Marketing (DigiAIM)","https://www.iimcal.ac.in/ldp/digital-and-ai-driven-marketing-digiaim","Blended","","Unknown","","","","26","","1","Long Duration Programme (LDP)","Direct","","Marketing, Sales & Customer","AI in marketing","Generative AI for marketing and creative","T05.S03.P01","","New","high"
"IIM Calcutta","iimc","India","Advanced Programme in AI for Leaders (APAL)","https://www.iimcal.ac.in/ldp/advanced-programme-ai-for-leaders-apal","Blended","TalentSprint","Unknown","INR","492000","","43","","1","Long Duration Programme (LDP)","Partner","(P)","Strategy","AI-era strategy","AI strategy for the enterprise","T02.S03.P01","T07.S03.P02","New","high"
"IIM Calcutta","iimc","India","Executive Programme in Applied Finance (EPAF)","https://www.iimcal.ac.in/ldp/executive-programme-applied-finance-epaf","Blended","Times TSW","Unknown","INR","400000","","39","","1","Long Duration Programme (LDP)","Partner","(P)","Strategy","M&A and corporate development","Valuation and deal structuring","T02.S05.P02","T04.S01.P02","Stable","low"
"IIM Calcutta","iimc","India","Executive Programme in Operations Management (EPOM)","https://www.iimcal.ac.in/ldp/executive-programme-operations-management-epom","Blended","","Unknown","INR","430000","","52","","1","Long Duration Programme (LDP)","Direct","","Operations, Supply Chain & Quality","Operations management","Operational excellence and process improvement","T06.S01.P01","","Stable","high"
"IIM Calcutta","iimc","India","Executive Programme in Business and Corporate Laws (EPBCL)","https://www.iimcal.ac.in/ldp/executive-programme-business-and-corporate-laws-epbcl","Blended","VCNow","Unknown","INR","287000","","39","","1","Long Duration Programme (LDP)","Partner","(P)","Governance, Risk & Legal","Business law and regulation","Insolvency, bankruptcy and dispute resolution","T08.S03.P04","T02.S05.P01","Stable","high"
"IIM Calcutta","iimc","India","Advanced Programme in Smart Manufacturing Leadership (APSML)","https://www.iimcal.ac.in/ldp/advanced-programme-smart-manufacturing-leadership-apsml","Blended","","Unknown","INR","350000","","35","","1","Long Duration Programme (LDP)","Direct","","Operations, Supply Chain & Quality","Operations management","Manufacturing strategy and Industry 4.0 operations","T06.S01.P04","","Transformed","high"
"IIM Calcutta","iimc","India","Advanced Programme for Marketing and Sales Professionals (APMP)","https://www.iimcal.ac.in/ldp/advanced-programme-for-marketing-and-sales-professionals-apmp-transformative-journey-c-suite","Blended","","Unknown","","","","52","","1","Long Duration Programme (LDP)","Direct","","Operations, Supply Chain & Quality","Operations management","Project management","T06.S01.P05","","Stable","high"
"IIM Calcutta","iimc","India","Executive Programme in Sales and Marketing (EPSM)","https://www.iimcal.ac.in/ldp/executive-programme-sales-and-marketing-epsm","Blended","TimesPro","Unknown","INR","407000","","52","","1","Long Duration Programme (LDP)","Partner","(P)","AI, Data & Digital","Data, analytics and decisions","AI-augmented decision-making and judgment","T03.S04.P06","T05.S01.P01","New","low"
"IIM Calcutta","iimc","India","AI-Powered Product Management (AIPPM)","https://www.iimcal.ac.in/ldp/ai-powered-product-management-aippm","Blended","","Unknown","","","","39","","1","Long Duration Programme (LDP)","Direct","","Marketing, Sales & Customer","Marketing strategy and brand","Product management and product marketing","T05.S01.P05","","Stable","high"
"IIM Calcutta","iimc","India","Executive Programme in Strategic Human Resource Management (EPSHRM)","https://www.iimcal.ac.in/ldp/executive-programme-strategic-human-resource-management-epshrm","Blended","","Unknown","INR","466000","","52","","1","Long Duration Programme (LDP)","Direct","","People, Talent & Organisation","HR strategy and the CHRO agenda","Strategic HR and business partnering","T07.S01.P01","","Stable","high"
"IIM Calcutta","iimc","India","Executive Programme in Wealth Management & Planning (EPWMP)","https://www.iimcal.ac.in/ldp/executive-programme-wealth-management-planning-epwmp","Blended","","Unknown","","","","39","","1","Long Duration Programme (LDP)","Direct","","Finance & Accounting","Investment and capital markets","Investment management and portfolio theory","T04.S02.P01","","Stable","high"
"IIM Calcutta","iimc","India","Advanced Programme in Data Sciences (APDS)","https://www.iimcal.ac.in/ldp/advanced-programme-data-sciences-apds","Blended","VCNow","Unknown","INR","480000","","52","","1","Long Duration Programme (LDP)","Partner","(P)","AI, Data & Digital","Data, analytics and decisions","Data science and applied statistics for managers","T03.S04.P02","","Stable","high"
"IIM Calcutta","iimc","India","Strategic Leadership Programme in Analytics with AI (SLPAAI)","https://www.iimcal.ac.in/ldp/strategic-leadership-programme-analytics-ai-slpaai","Blended","TalentSprint","Unknown","","","","30","","1","Long Duration Programme (LDP)","Partner","(P)","AI, Data & Digital","Data, analytics and decisions","Business analytics for decision-making","T03.S04.P01","","Stable","fallback"
"IIM Calcutta","iimc","India","Advanced Programme on Business Analytics (APBA)","https://www.iimcal.ac.in/ldp/advanced-programme-business-analytics-apba","Blended","TimesPro","Unknown","INR","564000","","52","","1","Long Duration Programme (LDP)","Partner","(P)","AI, Data & Digital","Data, analytics and decisions","Business analytics for decision-making","T03.S04.P01","T03.S04.P02","Stable","high"
"IIM Calcutta","iimc","India","Executive Programme in Marketing Strategy with AI","https://www.iimcal.ac.in/programs/async/smlag","Self-paced Online","Emeritus","Unknown","","","","20","","1","Asynchronous Programme","Partner","(P)","Marketing, Sales & Customer","Marketing strategy and brand","Marketing strategy for executives","T05.S01.P01","T07.S01.P02","Stable","high"
"IIM Calcutta","iimc","India","Executive Programme in Fintech and AI (EPFAI)","https://www.iimcal.ac.in/programs/async/efpa","Self-paced Online","Emeritus","Unknown","INR","149900","","19","","1","Asynchronous Programme","Partner","(P)","Finance & Accounting","Fintech and AI in finance","Fintech, digital payments and embedded finance","T04.S04.P01","T07.S01.P02","Transformed","high"
"IIM Calcutta","iimc","India","Mastering Storytelling for Leadership Communication and Influence (MSLCI)","https://www.iimcal.ac.in/programs/async/mslci","Self-paced Online","Emeritus","Unknown","INR","150000","","20","","1","Asynchronous Programme","Partner","(P)","Personal Effectiveness & Communication","Executive presence and communication","Business storytelling and narrative","T14.S01.P02","T07.S01.P02","Stable","high"
"IIM Calcutta","iimc","India","Leadership Programme in Building Executive Presence and Influence","https://talentsprint.com/course/executive-presence-and-influence-iim-calcutta","Live Online","TalentSprint","Unknown","","","","26","","1","Long Duration Programme (partner-listed)","Partner","(P)","Personal Effectiveness & Communication","Executive presence and communication","Executive presence and personal brand","T14.S01.P01","","Stable","high"
"IIM Calcutta","iimc","India","Leveraging New Growth Strategies for Marketing","https://www.iimcal.ac.in/mdp/leveraging-new-growth-strategies-for-marketing","Campus","","Mid-career","INR","100000","4","0.8","","1","","Direct","","Marketing, Sales & Customer","Marketing strategy and brand","Marketing strategy for executives","T05.S01.P01","","Stable","fallback"
"IIM Calcutta","iimc","India","Innovation by Design : The playbook for new age Leadership","https://www.iimcal.ac.in/mdp/innovation-by-design-the-playbook-for-new-age-leadership","Campus","","Senior","INR","160000","5","1.0","","1","","Direct","","Innovation & Entrepreneurship","Innovation management","Innovation strategy and portfolio","T09.S01.P01","","Stable","fallback"
"IIM Calcutta","iimc","India","Winning with customer - Centric Retailing Strategies","https://www.iimcal.ac.in/mdp/winning-with-customer-centric-retailing-strategies","Campus","","Mid-career","INR","100000","4","0.8","","1","","Direct","","Strategy","Corporate and competitive strategy","Competitive strategy and advantage","T02.S01.P01","","Stable","fallback"
"IIM Calcutta","iimc","India","AIM - Artificial Intelligence for Managers","https://www.iimcal.ac.in/mdp/aim-artificial-intelligence-for-managers","Campus","","C-suite/Senior","INR","130000","5","1.0","","1","","Direct","","AI, Data & Digital","AI foundations for leaders","AI and machine learning fundamentals for executives","T03.S01.P01","T01.S02.P02","Transformed","high"
"IIM Calcutta","iimc","India","Being More Creative","https://www.iimcal.ac.in/mdp/being-more-creative#programme-content","Campus","","Mid-career","INR","135000","5","1.0","","1","","Direct","","UNCLASSIFIED","","","","","","none"
"IIM Calcutta","iimc","India","Strategic Brand Management for Business Excellence","https://www.iimcal.ac.in/mdp/strategic-brand-management-for-business-excellence","Campus","","Senior","INR","135000","5","1.0","","1","","Direct","","Marketing, Sales & Customer","Marketing strategy and brand","Brand management and positioning","T05.S01.P02","","Stable","high"
"IIM Calcutta","iimc","India","Business Leadership Programme - Module I, II, III","https://www.iimcal.ac.in/mdp/business-leadership-programme-module-I-II-III","Campus","","Mid-career","INR","415000","18","3.6","","1","","Direct","","Leadership & Executive Capability","Foundational leadership","Leadership styles and situational leadership","T01.S01.P05","","Stable","fallback"
"IIM Calcutta","iimc","India","Selling in the Digital Age","https://www.iimcal.ac.in/mdp/selling-in-the-digital-age","Campus","","Mixed","INR","100000","4","0.8","","1","","Direct","","AI, Data & Digital","Digital transformation","Enterprise digital transformation strategy and roadmaps","T03.S03.P01","","Transformed","fallback"
"IIM Calcutta","iimc","India","Impact Investing, Climate Risk and Sustainable Finance","https://www.iimcal.ac.in/mdp/impact-investing-climate-risk-and-sustainable-finance","Campus","","Senior","INR","130000","5","1.0","","1","","Direct","","Sustainability, ESG & Climate","Sustainability strategy","Sustainable finance, green bonds and climate risk in finance","T10.S01.P04","T04.S04.P02","Transformed","high"
"IIM Calcutta","iimc","India","Finance For Non - Finance Executives","https://www.iimcal.ac.in/mdp/finance-for-non-finance-executives","Campus","","Mid-career","INR","145000","5","1.0","","1","","Direct","","Finance & Accounting","Finance for executives","Finance for non-finance managers","T04.S01.P01","","Stable","fallback"
"IIM Calcutta","iimc","India","Supply Chain Analytics: Insights for Competitive Advantage","https://www.iimcal.ac.in/mdp/supply-chain-analytics-insights-for-competitive-advantage","Campus","","Mid-career","INR","130000","5","1.0","","1","","Direct","","Strategy","Corporate and competitive strategy","Competitive strategy and advantage","T02.S01.P01","T02.S03.P02","Stable","high"
"IIM Calcutta","iimc","India","Analytical Communication and Data Presentattion","https://www.iimcal.ac.in/mdp/analytical-communication-and-data-presentation","Campus","","Mid-career","INR","130000","5","1.0","","1","","Direct","","Personal Effectiveness & Communication","Executive presence and communication","Public speaking, presentation and boardroom communication","T14.S01.P03","","Stable","fallback"
"IIM Calcutta","iimc","India","Embracing ESG through Responsible Leadership","https://www.iimcal.ac.in/mdp/embracing-esg-through-responsible-leadership","Campus","","Mid-career","INR","135000","5","1.0","","1","","Direct","","Sustainability, ESG & Climate","Sustainability strategy","Sustainability and ESG strategy for the enterprise","T10.S01.P01","","Transformed","high"
"IIM Calcutta","iimc","India","HR Analytics for Effective Management of Human Resources","https://www.iimcal.ac.in/mdp/hr-analytics-for-effective-management-of-human-resources","Campus","","Mid-career","INR","130000","5","1.0","","1","","Direct","","AI, Data & Digital","Data, analytics and decisions","Business analytics for decision-making","T03.S04.P01","T07.S03.P01","Stable","high"
"IIM Calcutta","iimc","India","Leading with Strategic Insights : The India Way","https://www.iimcal.ac.in/mdp/leading-with-strategic-insights-the-india-way","Campus","","Mid-career","INR","120000","4","0.8","","1","","Direct","","Strategy","Corporate and competitive strategy","Competitive strategy and advantage","T02.S01.P01","","Stable","fallback"
"IIM Calcutta","iimc","India","Fintech Disruption in Banking & Digital lending","https://www.iimcal.ac.in/mdp/fintech-disruption-in-Banking-digital-lending","Campus","","Mid-career","INR","100000","4","0.8","","1","","Direct","","Finance & Accounting","Risk, treasury and financial regulation","Banking strategy and regulation","T04.S03.P03","T04.S04.P01","Stable","high"
"IIM Calcutta","iimc","India","Advanced Marketing Analytics for Decision Making","https://www.iimcal.ac.in/mdp/advanced-marketing-analytics-for-decision-making","Campus","","Mid-career","INR","150000","5","1.0","","1","","Direct","","AI, Data & Digital","Data, analytics and decisions","Business analytics for decision-making","T03.S04.P01","T05.S02.P03","Stable","high"
"IIM Calcutta","iimc","India","Digital and Social Media Marketing","https://www.iimcal.ac.in/mdp/digital-and-social-media-marketing","Campus","","Mid-career","INR","135000","5","1.0","","1","","Direct","","Marketing, Sales & Customer","Digital growth and performance marketing","Social, content and influencer marketing","T05.S02.P02","","Transformed","high"
"IIM Calcutta","iimc","India","Advanced Strategy and Leadership hacks for Family Business","https://www.iimcal.ac.in/mdp/advanced-strategy-and-leadership-hacks-for-family-business","Campus","","Unknown","INR","110000","4","0.8","","1","","Direct","","Innovation & Entrepreneurship","Entrepreneurship","Family business succession and next-generation owners","T09.S02.P03","","Stable","high"
"IIM Calcutta","iimc","India","Data Science for Business - Enabling Objective and Superior Managerial Decisions","https://www.iimcal.ac.in/mdp/data-science-for-business-enabling-objective-and-superior-managerial-decisions","Campus","","Mid-career","INR","160000","5","1.0","","1","","Direct","","AI, Data & Digital","Data, analytics and decisions","Data science and applied statistics for managers","T03.S04.P02","","Stable","high"
"IIM Calcutta","iimc","India","Industry 4.0 and Internet (IoT) - What Every Manager Needs to Know about them","https://www.iimcal.ac.in/mdp/industry-4.0-and-internet-of-things-what-every-manager-needs-to-know-about-them","Campus","","Mid-career","INR","128000","4","0.8","","1","","Direct","","AI, Data & Digital","Emerging technology","IoT, digital twins and Industry 4.0","T03.S06.P02","","Stable","high"
"IIM Calcutta","iimc","India","Gen AI: Implementing Enterprise Level Applications","https://www.iimcal.ac.in/mdp/gen-ai-implementing-enterprise-level-applications","Campus","","C-suite/Senior","INR","135000","5","1.0","","1","","Direct","","AI, Data & Digital","AI foundations for leaders","Generative AI foundations and prompting","T03.S01.P02","T01.S02.P02","New","high"
"IIM Calcutta","iimc","India","Corporate Social Innovation","https://www.iimcal.ac.in/mdp/corporate-social-innovation","Campus","","Senior","INR","150000","5","1.0","","1","","Direct","","Innovation & Entrepreneurship","Innovation management","Innovation strategy and portfolio","T09.S01.P01","","Stable","fallback"
"IIM Calcutta","iimc","India","Mergers and Acquisitions – Legal, Financial and Strategic Perspectives","https://www.iimcal.ac.in/mdp/mergers-and-acquisitions-legal-financial-and-strategic-perspectives","Campus","","Mid-career","INR","130000","5","1.0","","1","","Direct","","Strategy","M&A and corporate development","M&A strategy and deal rationale","T02.S05.P01","","Stable","high"
"IIM Calcutta","iimc","India","Business Analytics for Strategic and Tactical Level Decision Making","https://www.iimcal.ac.in/mdp/business-analytics-for-strategic-and-tactical-level-decision-making","Campus","","Mid-career","INR","145000","5","1.0","","1","","Direct","","AI, Data & Digital","Data, analytics and decisions","Business analytics for decision-making","T03.S04.P01","T14.S02.P01","Stable","high"
"IIM Calcutta","iimc","India","Cyber Leadership for Successful Business Operations","https://www.iimcal.ac.in/mdp/cyber-leadership-for-successful-business-operations","Campus","","Mid-career","INR","100000","4","0.8","","1","","Direct","","AI, Data & Digital","Cybersecurity and technology risk","Cybersecurity strategy for leaders and boards","T03.S05.P01","","Transformed","high"
"IIM Calcutta","iimc","India","Customer-Centric Leadership","https://www.iimcal.ac.in/mdp/customer-centric-leadership","Campus","","C-suite/Senior","INR","135000","5","1.0","","1","","Direct","","Leadership & Executive Capability","Senior and C-suite leadership","Becoming a C-suite officer (role-specific ladders)","T01.S02.P02","T03.S03.P04","Stable","low"
"IIM Calcutta","iimc","India","Digital Technology Management for Business Execellence","https://www.iimcal.ac.in/mdp/digital-technology-management-for-business-excellence","Campus","","C-suite/Senior","INR","128000","4","0.8","","1","","Direct","","Leadership & Executive Capability","Senior and C-suite leadership","Becoming a C-suite officer (role-specific ladders)","T01.S02.P02","T03.S03.P04","Stable","low"
"IIM Calcutta","iimc","India","Personal Growth and Team Building","Personal Growth and Team Building | IIM Calcutta","Campus","","Unknown","INR","145000","5","1.0","","1","","Direct","","Personal Effectiveness & Communication","Personal productivity and judgment","Networking, influence and career strategy","T14.S02.P04","","Stable","high"
"IIM Calcutta","iimc","India","Start-up Readiness , Growth and Execution (SURGE) : An Entrepreneurship Programme","https://www.iimcal.ac.in/ldp/start-readiness-growth-and-execution-surge-entrepreneurship-programme","Blended","","Unknown","INR","271600","","39.0","","1","","Direct","","Innovation & Entrepreneurship","Entrepreneurship","Starting and scaling a venture","T09.S02.P01","","Stable","high"
"IIM Calcutta","iimc","India","Advanced Programme in Strategic Management for Corporate Leaders (APSMCL)","https://www.iimcal.ac.in/ldp/advanced-programme-strategic-management-for-corporate-leaders-apsmcl","Blended","","Mid-career","INR","438000","","34.6","","1","","Direct","","Strategy","Corporate and competitive strategy","Competitive strategy and advantage","T02.S01.P01","","Stable","high"
"IIM Calcutta","iimc","India","LEAD : Senior Leadership Programme for CXOs","https://www.iimcal.ac.in/ldp/lead-senior-leadership-programme-for-cxos","Blended","","C-suite/Senior","INR","942000","","52.0","","1","","Direct","","Leadership & Executive Capability","Senior and C-suite leadership","Becoming a C-suite officer (role-specific ladders)","T01.S02.P02","T03.S03.P04","Stable","high"
"IIM Calcutta","iimc","India","Executive Programme in Communication Strategies for Corporate Leaders","https://www.iimcal.ac.in/ldp/executive-programme-communication-strategies-for-corporate-leaders-epcscl","Blended","","Senior","INR","330000","","26.0","","1","","Direct","","Strategy","Corporate and competitive strategy","Competitive strategy and advantage","T02.S01.P01","","Stable","fallback"
"IIM Calcutta","iimc","India","Transitioning into Leadership : A Programme for Women Executives","https://www.iimcal.ac.in/ldp/transitioning-leadership-programme-for-women-executives-tlpwe","Blended","","Mid-career","INR","438000","","52.0","","1","","Direct","","People, Talent & Organisation","Culture, DEI and organisational behaviour","Women's leadership and gender in the workplace","T07.S04.P03","","Stable","high"
"IIM Calcutta","iimc","India","Advanced Programmes for Marketing Professionals","https://www.iimcal.ac.in/ldp/advanced-programme-for-marketing-professionals-apmp","Blended","","Mid-career","INR","405000","","52.0","","1","","Direct","","Marketing, Sales & Customer","Marketing strategy and brand","Marketing strategy for executives","T05.S01.P01","","Stable","fallback"
"IIM Calcutta","iimc","India","Advanced Programme in Strategic Project Management","https://www.iimcal.ac.in/ldp/advanced-programme-strategic-project-management-apspm","Blended","","Mid-career","INR","387000","","39.0","","1","","Direct","","Operations, Supply Chain & Quality","Operations management","Project management","T06.S01.P05","","Stable","high"
"IIM Calcutta","iimc","India","Advacned Programme in Supply Chain Management","https://www.iimcal.ac.in/ldp/advanced-programme-supply-chain-management-apscm","Blended","","Mid-career","INR","460000","","52.0","","1","","Direct","","Operations, Supply Chain & Quality","Supply chain and logistics","Supply chain strategy and design","T06.S02.P01","","Stable","high"
"IIM Calcutta","iimc","India","Digital and AI - Driven Marketing - formally Known as EPDSMMS","https://www.iimcal.ac.in/ldp/digital-and-ai-driven-marketing-digiaim","Blended","","Mid-career","INR","290000","","26.0","","1","","Direct","","Marketing, Sales & Customer","AI in marketing","Generative AI for marketing and creative","T05.S03.P01","","New","high"
"IIM Calcutta","iimc","India","Senior Management Programme in Business Analytics","https://www.iimcal.ac.in/ldp/senior-management-programme-business-analytics-smpba","Blended","","Mid-career","INR","600000","","34.6","","1","","Direct","","AI, Data & Digital","Data, analytics and decisions","Business analytics for decision-making","T03.S04.P01","T15.S01.P01","Stable","high"
"IIM Calcutta","iimc","India","Executive Programme on Business Analytics","https://www.iimcal.ac.in/ldp/executive-programme-business-analytics-epba","Blended","","Unknown","INR","564000","","52.0","","1","","Direct","","AI, Data & Digital","Data, analytics and decisions","Business analytics for decision-making","T03.S04.P01","","Stable","high"
"IIM Calcutta","iimc","India","Advanced Programme for Marketing and Sales Professionals: Transformative Journey to c-Suite Roles","https://www.iimcal.ac.in/ldp/advanced-programme-for-marketing-and-sales-professionals-apmp-transformative-journey-c-suite","Blended","","Mid-career","INR","525000","","52.0","","1","","Direct","","Leadership & Executive Capability","Senior and C-suite leadership","Becoming a C-suite officer (role-specific ladders)","T01.S02.P02","","Stable","high"
"IIM Calcutta","iimc","India","Strategic Marketing for Leaders: Leveraging AI for Growth","https://iimcalcutta.emeritus.org/iimc-strategic-marketing-for-leaders-leveraging-ai-for-growth?src_trk=em680a3aebd165d2.302877921583281779&utm_campaign=organic&utm_medium=EmWebsite&utm_source=google&_gl=1*dyqyjr*_gcl_au*MTA2NjM2MDUyNy4xNzQ1NTA3MDc5*_ga*NjQ2NjMxNzg4LjE3NDU1MDExMzM.*_ga_Q6TD6R55VD*czE3NTA1OTYwOTgkbzI3JGcxJHQxNzUwNTk5MzYzJGo2MCRsMCRoMTA0NzExNTg1NA..","Blended","Emeritus","Mid-career","INR","149900","","18.0","","1","","Partner","(P)","Marketing, Sales & Customer","Marketing strategy and brand","Marketing strategy for executives","T05.S01.P01","","Stable","high"
"IIM Indore","iimi","India","Persuasion and Negotiation","https://iimidr.ac.in/mdp-calendar/persuasion-and-negotiation-2/","Campus","","C-suite/Senior","INR","57000","3","0.6","","1","","Direct","","Marketing, Sales & Customer","Sales and go-to-market","Negotiation for commercial outcomes","T05.S04.P05","T01.S02.P02","Stable","high"
"IIM Indore","iimi","India","Managerial Excellence","https://iimidr.ac.in/mdp-calendar/managerial-excellence-4/","Campus","","Mid-career","INR","54000","3","0.6","","1","","Direct","","UNCLASSIFIED","","","","","","none"
"IIM Indore","iimi","India","New Age Leadership","New Age Leadership – IIM Indore","Campus","","Mixed","INR","54000","3","0.6","","1","","Direct","","Leadership & Executive Capability","Foundational leadership","Leadership styles and situational leadership","T01.S01.P05","","Stable","fallback"
"IIM Indore","iimi","India","Managing and Leading Teams","https://iimidr.ac.in/mdp-calendar/managing-and-leading-teams-4/","Campus","","Mid-career","INR","57000","3","0.6","","1","","Direct","","Leadership & Executive Capability","Foundational leadership","Leadership styles and situational leadership","T01.S01.P05","","Stable","fallback"
"IIM Indore","iimi","India","HR Skills for Line Managers","https://iimidr.ac.in/mdp-calendar/hr-skills-for-line-managers-2/","Campus","","Mid-career","INR","54000","3","0.6","","1","","Direct","","People, Talent & Organisation","HR strategy and the CHRO agenda","Strategic HR and business partnering","T07.S01.P01","","Stable","fallback"
"IIM Indore","iimi","India","Advanced Management Programme","https://iimidr.ac.in/mdp-calendar/advanced-management-programme-4/","Campus","","Unknown","INR","126000","7","1.4","","1","","Direct","","Leadership & Executive Capability","Senior and C-suite leadership","CEO / top management leadership","T01.S02.P01","T15.S01.P01","Stable","high"
"IIM Indore","iimi","India","Knowing the Financial Numbers","https://iimidr.ac.in/mdp-calendar/knowing-the-financial-numbers-2/","Campus","","Senior","INR","54000","3","0.6","","1","","Direct","","Finance & Accounting","Finance for executives","Finance for non-finance managers","T04.S01.P01","","Stable","fallback"
"IIM Indore","iimi","India","Competitive Strategy for Leading Change","https://iimidr.ac.in/mdp-calendar/competitive-strategy-for-leading-change/","Campus","","C-suite/Senior","INR","54000","3","0.6","","1","","Direct","","Leadership & Executive Capability","Change, resilience and crisis","Leading change and transformation","T01.S05.P01","T02.S01.P01","Stable","high"
"IIM Indore","iimi","India","Strategic Pricing","https://iimidr.ac.in/mdp-calendar/strategic-pricing-2/","Campus","","Mid-career","INR","54000","3","0.6","","1","","Direct","","Marketing, Sales & Customer","Marketing strategy and brand","Pricing strategy and revenue management","T05.S01.P04","","Stable","high"
"IIM Indore","iimi","India","Winning the Game through Strategic Marketing","https://iimidr.ac.in/mdp-calendar/winning-the-game-through-strategic-marketing-2/","Campus","","Mid-career","INR","72000","3","0.6","","1","","Direct","","Marketing, Sales & Customer","Marketing strategy and brand","Marketing strategy for executives","T05.S01.P01","","Stable","high"
"IIM Indore","iimi","India","Sports Management","https://iimidr.ac.in/mdp-calendar/sports-management-2/","Campus","","Mixed","INR","54000","3","0.6","","1","","Direct","","Sector-Specific Management","Regulated and asset-heavy sectors","Transport, aviation, shipping and railways","T13.S01.P05","T13.S02.P06","Stable","high"
"IIM Indore","iimi","India","Leadership Development Program for First Time Managers","https://iimidr.ac.in/mdp-calendar/leadership-development-program-for-first-time-managers-5/","Campus","","Mixed","INR","54000","3","0.6","","1","","Direct","","Leadership & Executive Capability","Foundational leadership","Transition to leadership / first-time manager","T01.S01.P01","T07.S02.P05","Stable","high"
"IIM Indore","iimi","India","Finance for Non-Finance Executives","https://iimidr.ac.in/mdp-calendar/finance-for-non-finance-executives-6/","Campus","","Mid-career","INR","72000","4","0.8","","1","","Direct","","Finance & Accounting","Finance for executives","Finance for non-finance managers","T04.S01.P01","T01.S01.P03","Stable","high"
"IIM Indore","iimi","India","Future-ready Chief Finance Officer Program","https://iimidr.ac.in/mdp-calendar/future-ready-chief-finance-officer-program-3/","Campus","","Unknown","INR","72000","3","0.6","","1","","Direct","","Leadership & Executive Capability","Senior and C-suite leadership","Becoming a C-suite officer (role-specific ladders)","T01.S02.P02","","Stable","high"
"IIM Indore","iimi","India","Train the Trainer","https://iimidr.ac.in/mdp-calendar/train-the-trainer-2/","Campus","","Mixed","INR","54000","3","0.6","","1","","Direct","","UNCLASSIFIED","","","","","","none"
"IIM Indore","iimi","India","Strategic Thinking","Strategic Thinking – IIM Indore","Campus","","Mid-career","INR","54000","3","0.6","","1","","Direct","","Strategy","Corporate and competitive strategy","Strategic thinking for executives","T02.S01.P03","T01.S01.P03","Stable","high"
"IIM Indore","iimi","India","Communication, Presentation on Report Writing skills","Communication, Presentation on Report Writing skills – IIM Indore","Campus","","Mid-career","INR","54000","3","0.6","","1","","Direct","","Sector-Specific Management","Regulated and asset-heavy sectors","Transport, aviation, shipping and railways","T13.S01.P05","","Stable","high"
"IIM Indore","iimi","India","High Impact Leadership","High Impact Leadership – IIM Indore","Campus","","Mixed","INR","54000","3","0.6","","1","","Direct","","Leadership & Executive Capability","Foundational leadership","Leadership styles and situational leadership","T01.S01.P05","","Stable","fallback"
"IIM Indore","iimi","India","Diversity and Inclusion in Organisations","https://iimidr.ac.in/mdp-calendar/diversity-and-inclusion-in-organisations-2/","Campus","","Mid-career","INR","54000","3","0.6","","1","","Direct","","People, Talent & Organisation","Culture, DEI and organisational behaviour","Diversity, equity and inclusion","T07.S04.P02","","Stable","high"
"IIM Indore","iimi","India","Integrated Leadership and Team Management","https://iimidr.ac.in/mdp-calendar/integrated-leadership-and-team-management/","Campus","","Unknown","INR","54000","3","0.6","","1","","Direct","","Leadership & Executive Capability","Foundational leadership","Leadership styles and situational leadership","T01.S01.P05","","Stable","fallback"
"IIM Indore","iimi","India","Himalayan Explorations Decisions and Leadership","https://iimidr.ac.in/mdp-calendar/himalayan-explorations-decisions-and-leadership-7/","Campus","","Unknown","INR","90000","5","1.0","","1","","Direct","","Personal Effectiveness & Communication","Executive presence and communication","Public speaking, presentation and boardroom communication","T14.S01.P03","","Stable","fallback"
"IIM Indore","iimi","India","Strategic Leaders Program: Creating and Capturing value in a Dynamic Environment","https://iimidr.ac.in/mdp-calendar/strategic-leaders-program-creating-and-capturing-value-in-a-dynamic-environment-4/","Campus","","Senior","INR","54000","3","0.6","","1","","Direct","","Strategy","Corporate and competitive strategy","Competitive strategy and advantage","T02.S01.P01","","Stable","fallback"
"IIM Indore","iimi","India","Cybersecurity: A Critical Agenda for Boards and Management Teams","https://iimidr.ac.in/mdp-calendar/cybersecurity-a-critical-agenda-for-boards-and-management-teams/","Campus","","C-suite/Senior","INR","54000","3","0.6","","1","","Direct","","AI, Data & Digital","Cybersecurity and technology risk","Cybersecurity strategy for leaders and boards","T03.S05.P01","T01.S02.P02","Transformed","high"
"IIM Indore","iimi","India","Excellence in Operations Management","https://iimidr.ac.in/mdp-calendar/excellence-in-operations-management-2/","Campus","","Mixed","INR","90000","5","1.0","","1","","Direct","","Operations, Supply Chain & Quality","Operations management","Operational excellence and process improvement","T06.S01.P01","T06.S01.P04","Stable","high"
"IIM Indore","iimi","India","Leadership Development Program for Women Managers","https://iimidr.ac.in/mdp-calendar/leadership-development-program-for-women-managers-3/","Campus","","Mixed","INR","54000","3","0.6","","1","","Direct","","People, Talent & Organisation","Culture, DEI and organisational behaviour","Women's leadership and gender in the workplace","T07.S04.P03","T07.S02.P05","Stable","high"
"IIM Indore","iimi","India","Communication Skills for Managerial Success","https://iimidr.ac.in/mdp-calendar/communication-skills-for-managerial-success-2/","Campus","","Mid-career","INR","54000","3","0.6","","1","","Direct","","Leadership & Executive Capability","Foundational leadership","Leading mid-level to senior transition","T01.S01.P03","","Stable","low"
"IIM Indore","iimi","India","Leadership and Mindfulness","https://iimidr.ac.in/mdp-calendar/leadership-and-mindfulness/","Campus","","Unknown","INR","126000","7","1.4","","1","","Direct","","Leadership & Executive Capability","Change, resilience and crisis","Personal resilience, wellbeing and burnout","T01.S05.P03","","Stable","high"
"IIM Indore","iimi","India","Public Policy and Administration: Design and Implementation for Public Value Creation","https://iimidr.ac.in/mdp-calendar/public-policy-and-administration-design-and-implementation-for-public/","Campus","","Unknown","INR","54000","3","0.6","","1","","Direct","","Public Policy, Government & Infrastructure","Public policy and governance","Public policy design and analysis","T11.S01.P01","T05.S02.P02","Stable","high"
"IIM Indore","iimi","India","Mindfulness Based Leadership Programme","https://iimidr.ac.in/mdp-calendar/mindfulness-based-leadership-programme-4/","Campus","","Mid-career","INR","54000","3","0.6","","1","","Direct","","Leadership & Executive Capability","Change, resilience and crisis","Personal resilience, wellbeing and burnout","T01.S05.P03","","Stable","high"
"IIM Indore","iimi","India","Digital Supply Chain Management","https://iimidr.ac.in/mdp-calendar/digital-supply-chain-management-3/","Campus","","Mixed","INR","72000","4","0.8","","1","","Direct","","Operations, Supply Chain & Quality","Supply chain and logistics","Supply chain strategy and design","T06.S02.P01","T06.S02.P06","Stable","high"
"IIM Indore","iimi","India","Leading for Excellence at Work","https://iimidr.ac.in/mdp-calendar/leading-for-excellence-at-work-5/","Campus","","Mid-career","INR","54000","3","0.6","","1","","Direct","","Leadership & Executive Capability","Foundational leadership","Leadership styles and situational leadership","T01.S01.P05","","Stable","fallback"
"IIM Indore","iimi","India","Excellence in Project Management","https://iimidr.ac.in/mdp-calendar/excellence-in-project-management/","Campus","","Mixed","INR","126000","5","1.0","","1","","Direct","","Operations, Supply Chain & Quality","Operations management","Project management","T06.S01.P05","","Stable","high"
"IIM Indore","iimi","India","Lean Six Sigma for Business Excellence","https://iimidr.ac.in/mdp-calendar/lean-six-sigma-for-business-excellence/","Campus","","Unknown","INR","90000","5","1.0","","1","","Direct","","Operations, Supply Chain & Quality","Operations management","Lean, Six Sigma and quality management","T06.S01.P02","","Stable","high"
"IIM Indore","iimi","India","Leadership Competencies in Complex Organization","Leadership Competencies in Complex Organization – IIM Indore","Campus","","Unknown","INR","54000","3","0.6","","1","","Direct","","Leadership & Executive Capability","Foundational leadership","Leadership styles and situational leadership","T01.S01.P05","","Stable","fallback"
"IIM Indore","iimi","India","Embracing AI in your Organisation: Challenges and Roadmap","Embracing AI in Your Organisation: Challenges and Roadmap – IIM Indore","Campus","","Mid-career","INR","54000","3","0.6","","1","","Direct","","Leadership & Executive Capability","Foundational leadership","Leading mid-level to senior transition","T01.S01.P03","","Stable","low"
"IIM Indore","iimi","India","Excellence in Supply Chain Management","Excellence in Supply Chain Management – IIM Indore","Campus","","Unknown","INR","90000","5","1.0","","1","","Direct","","Operations, Supply Chain & Quality","Supply chain and logistics","Supply chain strategy and design","T06.S02.P01","","Stable","high"
"IIM Indore","iimi","India","Geo-Political Wicked Problems and Design Thinking Strategies","https://iimidr.ac.in/mdp-calendar/geo-political-wicked-problems-and-design-thinking-strategies/","Campus","","Unknown","INR","54000","3","0.6","","1","","Direct","","Strategy","Geopolitics and macro strategy","Geopolitics for business leaders and boards","T02.S04.P01","T09.S01.P02","New","high"
"IIM Indore","iimi","India","Motivation, Team Building and Leadership","https://iimidr.ac.in/mdp-calendar/motivation-team-building-and-leadership-2/","Campus","","Unknown","INR","54000","3","0.6","","1","","Direct","","Leadership & Executive Capability","Leading people and teams","Motivation, engagement and retention of talent","T01.S03.P06","","Stable","high"
"IIM Indore","iimi","India","Leader as a Communicator","https://iimidr.ac.in/mdp-calendar/leader-as-a-communicator/","Campus","","Mid-career","INR","54000","3","0.6","","1","","Direct","","Leadership & Executive Capability","Foundational leadership","Leading mid-level to senior transition","T01.S01.P03","","Stable","low"
"IIM Indore","iimi","India","AI meets HRM","https://iimidr.ac.in/mdp-calendar/ai-meets-hrm-2/","Campus","","Mixed","INR","54000","3","0.6","","1","","Direct","","People, Talent & Organisation","People analytics and AI in HR","AI in HR: hiring, development and productivity","T07.S03.P02","T09.S02.P01","New","high"
"IIM Indore","iimi","India","Building and Leading Teams","https://iimidr.ac.in/mdp-calendar/building-and-leading-teams-2/","Campus","","Mid-career","INR","54000","3","0.6","","1","","Direct","","Leadership & Executive Capability","Foundational leadership","Leadership styles and situational leadership","T01.S01.P05","","Stable","fallback"
"IIM Indore","iimi","India","Organizational Ethics & Values","https://iimidr.ac.in/mdp-calendar/organizational-ethics-values-3/","Campus","","Mid-career","INR","54000","4","0.8","","1","","Direct","","UNCLASSIFIED","","","","","","none"
"IIM Indore","iimi","India","Strategic Reward Management","https://iimidr.ac.in/mdp-calendar/strategic-reward-management-2/","Campus","","Unknown","INR","54000","3","0.6","","1","","Direct","","People, Talent & Organisation","HR strategy and the CHRO agenda","Compensation, benefits and rewards","T07.S01.P04","","Stable","high"
"IIM Indore","iimi","India","Business Models for Managers","https://iimidr.ac.in/mdp-calendar/business-models-for-managers/","Campus","","Unknown","INR","54000","3","0.6","","1","","Direct","","Strategy","Corporate and competitive strategy","Business model innovation and reinvention","T02.S01.P05","","Transformed","high"
"IIM Indore","iimi","India","Workshop on Power BI & Tableau","Workshop on Power BI & Tableau – IIM Indore","Campus","","Unknown","INR","54000","3","0.6","","1","","Direct","","UNCLASSIFIED","","","","","","none"
"IIM Indore","iimi","India","Learning to Read Behavioural Evidence - HR Analystics for Organisational Excellence","Learning To Read Behavioural Evidence-Hr Analytics For Organizational Excellence – IIM Indore","Campus","","Mid-career","INR","54000","3","0.6","","1","","Direct","","People, Talent & Organisation","HR strategy and the CHRO agenda","Strategic HR and business partnering","T07.S01.P01","","Stable","fallback"
"IIM Indore","iimi","India","Statistics for Business Executives","Statistics for Business Executives – IIM Indore","Campus","","Mixed","INR","54000","3","0.6","","1","","Direct","","AI, Data & Digital","Data, analytics and decisions","Data science and applied statistics for managers","T03.S04.P02","","Stable","high"
"IIM Indore","iimi","India","Public Value Creation through Smart Technologies & Strategies: From Digital Transformation to Artificial Intelligence","Public Value Creation through Smart Technologies & Strategies: From Digital Transformation to Artificial Intelligence – IIM Indore","Campus","","Unknown","INR","54000","3","0.6","","1","","Direct","","AI, Data & Digital","Digital transformation","Enterprise digital transformation strategy and roadmaps","T03.S03.P01","","Transformed","high"
"IIM Indore","iimi","India","Advanced Certificate Programme in Business and Data Analytics (Batch - 02)","Advanced Certificate Programme In Business and Data Analytics (Batch 02) – IIM Indore","Blended","","Unknown","INR","206000","","13.0","","1","","Direct","","AI, Data & Digital","Data, analytics and decisions","Business analytics for decision-making","T03.S04.P01","","Stable","fallback"
"IIM Indore","iimi","India","Integrated Programme in Business Analytics (IPBA - 18)","Integrated Programme in Business Analytics (IPBA-18) – IIM Indore","Blended","","Unknown","INR","320000","","43.3","","1","","Direct","","AI, Data & Digital","Data, analytics and decisions","Business analytics for decision-making","T03.S04.P01","","Stable","high"
"IIM Indore","iimi","India","Chief Executive Officers Programme","Chief Executive Officers Programme – IIM Indore","Blended","","Unknown","INR","471000","","47.6","","1","","Direct","","Leadership & Executive Capability","Senior and C-suite leadership","CEO / top management leadership","T01.S02.P01","T01.S02.P02","Stable","officer-rule"
"IIM Indore","iimi","India","Executive Post Graduate Certificate Programme in Management (EPGCPM) Batch 04","Executive Post Graduate Certificate Programme in Management (EPGCPM) Batch 04 – IIM Indore","Blended","","Unknown","INR","403000","","52.0","","1","","Direct","","UNCLASSIFIED","","","","","","none"
"IIM Indore","iimi","India","Senior Management Programme (SMP) Batch 05","Senior Management Programme (SMP) Batch 05 – IIM Indore","Blended","","Unknown","INR","450000","","52.0","","1","","Direct","","General Management (Integrative)","Comprehensive general management","General management programmes for senior leaders","T15.S01.P01","","Stable","high"
"IIM Indore","iimi","India","Executive Programme in Healthcare Management (EPHM) Batch 04","Executive Programme in Healthcare Management (EPHM) Batch 04 – IIM Indore","Blended","","Mixed","INR","351000","","52.0","","1","","Direct","","Healthcare & Life Sciences","Healthcare management","Healthcare strategy, payers and providers","T12.S01.P02","","Stable","sector-rule"
"IIM Indore","iimi","India","Executive Programme in Business Management Batch 02","Executive Programme in Business Management Batch 2 – IIM Indore","Blended","","Unknown","INR","235000","","43.3","","1","","Direct","","UNCLASSIFIED","","","","","","none"
"IIM Indore","iimi","India","Accelerate General Management Programme for Aspiring Leaders (Batch 01)","Accelerated General Management Programme for Aspiring Leaders (Batch-01) – IIM Indore","Blended","","Unknown","INR","298000","","26.0","","1","","Direct","","General Management (Integrative)","Comprehensive general management","General management programmes for senior leaders","T15.S01.P01","T01.S02.P03","Stable","high"
"IIM Indore","iimi","India","Young Leadership Programme Batch 01","Young Leadership Programme (Batch-01) – IIM Indore","Blended","","Unknown","INR","250000","","34.6","","1","","Direct","","Leadership & Executive Capability","Foundational leadership","Leadership styles and situational leadership","T01.S01.P05","","Stable","fallback"
"IIM Indore","iimi","India","Advanced Human Resource Management Programme for HR Leaders Batch 05","Advanced Human Resource Management Programme for HR Leaders (Batch 05) – IIM Indore","Blended","","Unknown","INR","277500","","52.0","","1","","Direct","","People, Talent & Organisation","HR strategy and the CHRO agenda","Strategic HR and business partnering","T07.S01.P01","T15.S01.P01","Stable","high"
"IIM Indore","iimi","India","Certificate Programme in Leadership and Change Management (CPLCM 08)","Certificate Programme in Leadership and Change Management (CPLCM 08) – IIM Indore","Blended","","Unknown","INR","198000","","34.6","","1","","Direct","","Leadership & Executive Capability","Change, resilience and crisis","Leading change and transformation","T01.S05.P01","","Stable","high"
"IIM Indore","iimi","India","Post Graduate Certificate Programme for Emerging Chief Human Resource Officers (CHROs, Batch 01)","Post Graduate Certificate Programme for Emerging Chief Human Resource Officers (CHROs, Batch 01) – IIM Indore","Blended","","Unknown","INR","385000","","52.0","","1","","Direct","","People, Talent & Organisation","HR strategy and the CHRO agenda","CHRO and HR leadership","T07.S01.P02","T01.S02.P02","Stable","officer-rule"
"IIM Indore","iimi","India","Post Graduate Certificate Programme for Emerging CFOs Batch 05","Post Graduate Certificate Programme for Emerging CFOs (Batch-05) – IIM Indore","Blended","","Unknown","INR","430000","","52.0","","1","","Direct","","Leadership & Executive Capability","Senior and C-suite leadership","Becoming a C-suite officer (role-specific ladders)","T01.S02.P02","","Stable","fallback"
"IIM Indore","iimi","India","Post Graduate Certificate Programme in Investment Banking (PGCPIB) Batch 07","Post Graduate Certificate Programme in Investment Banking (PGCPIB), Batch-07 – IIM Indore","Blended","","Mid-career","INR","240000","","52.0","","1","","Direct","","Finance & Accounting","Risk, treasury and financial regulation","Banking strategy and regulation","T04.S03.P03","","Stable","high"
"IIM Indore","iimi","India","Certificate Programme in Applied Financial Risk Management (CPAFRM Batch 03)","Certificate Programme in Applied Financial Risk Management (CPAFRM Batch 03) – IIM Indore","Blended","","Unknown","INR","240000","","47.6","","1","","Direct","","Finance & Accounting","Risk, treasury and financial regulation","Financial risk management","T04.S03.P01","","Stable","high"
"IIM Indore","iimi","India","Chief Digital Transformation Officer Programme (Batch 02)","Chief Digital Transformation Officer Programme (Batch 02) – IIM Indore","Blended","","Unknown","INR","327500","","52.0","","1","","Direct","","AI, Data & Digital","Digital transformation","Enterprise digital transformation strategy and roadmaps","T03.S03.P01","T03.S02.P01","Transformed","officer-rule"
"IIM Indore","iimi","India","Executive Programme in Artificial Intelligence and Cyber Security for Organizations (EPAI&CSO)","Executive Programme in Artificial Intelligence and Cyber Security for Organizations [EPAI&CSO] – IIM Indore","Blended","","Early/Emerging","INR","200000","","43.3","","1","","Direct","","Strategy","Corporate and competitive strategy","Corporate strategy, portfolio and diversification","T02.S01.P02","T03.S02.P01","Stable","officer-rule"
"IIM Indore","iimi","India","Executive Programme in Digital Transformation (EPDT) Batch 07","Executive Programme in Digital Transformation (EPDT) Batch 07 – IIM Indore","Blended","","Unknown","INR","250000","","52.0","","1","","Direct","","AI, Data & Digital","Digital transformation","Enterprise digital transformation strategy and roadmaps","T03.S03.P01","","Transformed","high"
"IIM Indore","iimi","India","Chief Product Officer Programme (CPOP)","Chief Product Officer Programme (CPOP) – IIM Indore","Blended","","Mid-career","INR","450000","","34.6","","1","","Direct","","Marketing, Sales & Customer","Marketing strategy and brand","Product management and product marketing","T05.S01.P05","T01.S02.P02","Stable","officer-rule"
"IIM Indore","iimi","India","Post Graduate Certificate Programme in Branding & Advertising (PGCPBA)","Post Graduate Certificate Programme in Branding & Advertising (PGCPBA) – IIM Indore","Blended","","Unknown","INR","240000","","52.0","","1","","Direct","","Marketing, Sales & Customer","Marketing strategy and brand","Brand management and positioning","T05.S01.P02","","Stable","high"
"IIM Indore","iimi","India","Executive Programme in Marktech and AI Driven Marketing","Executive Programme in Marktech and AI Driven Marketing – IIM Indore","Blended","","Mid-career","INR","330500","","52.0","","1","","Direct","","Marketing, Sales & Customer","AI in marketing","Generative AI for marketing and creative","T05.S03.P01","","New","high"
"IIM Indore","iimi","India","Certificate Programme in Digital Marketing and Strategy (CPDMS) Batch 07","Certificate Programme in Digital Marketing and Strategy (CPDMS) Batch 07 – IIM Indore","Blended","","Unknown","INR","170000","","52.0","","1","","Direct","","Marketing, Sales & Customer","Digital growth and performance marketing","Digital marketing and performance media","T05.S02.P01","","Transformed","high"
"IIM Indore","iimi","India","Executive Programme in Sales & Marketing (Batch 05)","Executive Programme in Sales & Marketing (Batch 05) – IIM Indore","Blended","","Unknown","INR","200000","","52.0","","1","","Direct","","Marketing, Sales & Customer","Sales and go-to-market","Sales leadership and sales force management","T05.S04.P01","","Stable","fallback"
"IIM Indore","iimi","India","Post Graduate Certificate Programme for Emerging CBO","Post Graduate Certificate Programme for Emerging CBO – IIM Indore","Blended","","Unknown","INR","385000","","52.0","","1","","Direct","","UNCLASSIFIED","","","","","","none"
"IIM Indore","iimi","India","Postgraduate Certificate Programme in Product Management (Batch-12)","Postgraduate Certificate Programme in Product Management (Batch-12) – IIM Indore","Blended","","Unknown","INR","350000","","26.0","","1","","Direct","","Marketing, Sales & Customer","Marketing strategy and brand","Product management and product marketing","T05.S01.P05","","Stable","high"
"IIM Indore","iimi","India","Chief Operating Officer Programme, Batch 02 (COO-02)","Chief Operating Officer Programme, Batch 02 (COO-02) – IIM Indore","Blended","","Unknown","INR","450000","","47.6","","1","","Direct","","Operations, Supply Chain & Quality","Operations management","Operational excellence and process improvement","T06.S01.P01","T01.S02.P02","Stable","officer-rule"
"IIM Indore","iimi","India","Certificate Programme in Project Management (CPPM) (Batch 15)","Certificate Programme in Project Management (CPPM) (Batch 15) – IIM Indore","Blended","","Unknown","INR","168000","","26.0","","1","","Direct","","Operations, Supply Chain & Quality","Operations management","Project management","T06.S01.P05","","Stable","high"
"IIM Indore","iimi","India","Executive Programme in Operations and Supply Chain Management (EPO&SCM) Batch 07","Executive Programme in Operations and Supply Chain Management (EPO&SCM) Batch 07 – IIM Indore","Blended","","Unknown","INR","300000","","52.0","","1","","Direct","","Operations, Supply Chain & Quality","Supply chain and logistics","Supply chain strategy and design","T06.S02.P01","","Stable","high"
"IIM Indore","iimi","India","Certificate Programme in Design Thinking & Innovation for Business Excellence","Certificate Programme in Design Thinking & Innovation for Business Excellence – IIM Indore","Blended","","Unknown","INR","200000","","43.3","","1","","Direct","","Innovation & Entrepreneurship","Innovation management","Design thinking and human-centred design","T09.S01.P02","","Stable","high"
"IIM Indore","iimi","India","Post Graduate Certificate Programme in Family Business Management & Entrepreneurship (PGCP -FBM&E) Batch 03","Post Graduate Certificate Programme in Family Business Management & Entrepreneurship (PGCP -FBM&E) Batch 03 – IIM Indore","Blended","","Unknown","INR","450000","","52.0","","1","","Direct","","Innovation & Entrepreneurship","Entrepreneurship","Starting and scaling a venture","T09.S02.P01","T09.S02.P03","Stable","high"
"IIM Indore","iimi","India","Advanced Management Programme for Corporate Leaders (Batch 05)","Advanced Management Programme for Corporate Leaders (Batch 05) – IIM Indore","Blended","","Unknown","INR","327500","","52.0","","1","","Direct","","General Management (Integrative)","Comprehensive general management","General management programmes for senior leaders","T15.S01.P01","T01.S02.P01","Stable","high"
"IIM Indore","iimi","India","Advanced Programme in Corporate Stategy & Business Leadership (Batch 03)","Advance Programme in Corporate Strategy & Business Leadership (Batch 03) – IIM Indore","Blended","","Unknown","INR","188000","","34.6","","1","","Direct","","Leadership & Executive Capability","Foundational leadership","Leadership styles and situational leadership","T01.S01.P05","","Stable","fallback"
"IIM Indore","iimi","India","Executive Certificate Programme in Strategy and Leadership for Senior Professionals (Batch 09)","Executive Certificate Programme in Strategy & Leadership for Senior Professionals (Batch 09) – IIM Indore","Blended","","Senior","INR","315000","","52.0","","1","","Direct","","Strategy","Corporate and competitive strategy","Competitive strategy and advantage","T02.S01.P01","","Stable","fallback"
"IIM Indore","iimi","India","Corporate and Public Leadership in a VUCA World (Batch 02)","Corporate and Public Leadership in a VUCA World (Batch 02) – IIM Indore","Blended","","Unknown","INR","142500","","34.6","","1","","Direct","","Leadership & Executive Capability","Foundational leadership","Leadership styles and situational leadership","T01.S01.P05","","Stable","fallback"
"IIM Indore","iimi","India","Advanced Programme in CSR and Sustainable Strategic Leadership (Batch 01)","Advanced Programme in CSR and Sustainable Strategic Leadership (Batch 01) – IIM Indore","Blended","","Unknown","INR","186500","","26.0","","1","","Direct","","Sustainability, ESG & Climate","Sustainability strategy","Sustainability and ESG strategy for the enterprise","T10.S01.P01","T10.S02.P03","Transformed","high"
"IIM Indore","iimi","India","Executive Programme in Digital Marketing (Asynchronous) (Batch 15)","Executive Programme in Digital Marketing (Asynchronous) (Batch 15) – IIM Indore","Self-paced Online","","Unknown","INR","105000","","18.0","","1","","Direct","","Marketing, Sales & Customer","Digital growth and performance marketing","Digital marketing and performance media","T05.S02.P01","T07.S01.P02","Transformed","high"
"IIM Indore","iimi","India","Certificate Programme in Digital Transformation and AI for Leaders (Batch 08)","Certificate Programme in Digital Transformation and AI for Leaders – Batch 8 – IIM Indore","Blended","","Unknown","INR","125000","","22.0","","1","","Direct","","Strategy","AI-era strategy","AI strategy for the enterprise","T02.S03.P01","T03.S03.P01","New","high"
"IIM Indore","iimi","India","Executive Programme in Business Strategy (EPBS) (Asynchronous) (Batch 01)","Executive Programme in Business Strategy (EPBS) (Batch 01) (Asynchronous) – IIM Indore","Self-paced Online","","Unknown","INR","100000","","20.0","","1","","Direct","","People, Talent & Organisation","HR strategy and the CHRO agenda","CHRO and HR leadership","T07.S01.P02","","Stable","high"
"IIM Indore","iimi","India","Executive Certificate Programme in General Management (Asynchronous) (Batch 07)","Executive Certificate Programme in General Management (Asynchronous) (Batch-7) – IIM Indore","Blended","","Unknown","INR","222500","","26.0","","1","","Direct","","People, Talent & Organisation","HR strategy and the CHRO agenda","CHRO and HR leadership","T07.S01.P02","","Stable","high"
"IIM Indore","iimi","India","General Management Programme for Executives","General Management Programme for Executives (GMPE) – IIM Indore","Campus","","Unknown","INR","590000","","52.0","","1","","Direct","","General Management (Integrative)","Comprehensive general management","General management programmes for senior leaders","T15.S01.P01","T01.S02.P03","Stable","high"
"IIM Indore","iimi","India","Accelerated Leadership Programme","Accelerated Leadership Programme – IIM Indore","Blended","","Unknown","INR","325000","","34.6","","1","","Direct","","Leadership & Executive Capability","Foundational leadership","Leadership styles and situational leadership","T01.S01.P05","","Stable","fallback"
"IIM Indore","iimi","India","Certificate Course in Business Management for Defence Officers","Certificate Course in Business Management for Defence Officers – IIM Indore","Campus","","Unknown","","","","24.0","","1","","Direct","","Public Policy, Government & Infrastructure","Sector and development policy","Defence, security and strategic affairs","T11.S02.P04","","Stable","high"
"IIM Indore","iimi","India","MSME Strategic Business Growth Accelerator Programme","MSME Strategic Business Growth Accelerator Programme – IIM Indore","Blended","","Unknown","INR","85000","","6.0","","1","","Direct","","Innovation & Entrepreneurship","Entrepreneurship","Franchising, SME growth and business ownership","T09.S02.P05","T09.S01.P04","Stable","high"
"IIM Indore","iimi","India","MSME Digitalisation Accelerator Programme","MSME Digitalization Accelerator Programme – IIM Indore","Blended","","Unknown","INR","85000","","5.0","","1","","Direct","","Innovation & Entrepreneurship","Entrepreneurship","Franchising, SME growth and business ownership","T09.S02.P05","T09.S01.P04","Stable","high"
"IIM Indore","iimi","India","Public Health Policy and Administration in Government Healthcare Initiatives","Public Health Policy and Administration in Government Healthcare initiatives – IIM Indore","Blended","","Mixed","INR","250000","","","","1","","Direct","","Healthcare & Life Sciences","Healthcare management","Public health policy and programme management","T12.S01.P03","","Stable","high"
"IIM Indore","iimi","India","Strategic Leadership in Public Sector Governance","Strategic Leadership in Public Sector Governance – IIM Indore","Blended","","Senior","INR","250000","","","","1","","Direct","","Strategy","Corporate and competitive strategy","Competitive strategy and advantage","T02.S01.P01","","Stable","fallback"
"IIM Indore","iimi","India","Young Leaders Certificate Programme in Business Excellence","Young Leaders Certificate Programme in Business Excellence – IIM Indore","Campus","","Early/Emerging","INR","90000","","2.0","","1","","Direct","","Leadership & Executive Capability","Foundational leadership","Leadership styles and situational leadership","T01.S01.P05","","Stable","fallback"
"IIM Indore","iimi","India","Certificate Programme in International Business Management (CPIBM) for Defence Officers","CPIBM-05-Brochure.pdf","Campus","","Unknown","INR","250002","","24.0","","1","","Direct","","Public Policy, Government & Infrastructure","Sector and development policy","Defence, security and strategic affairs","T11.S02.P04","","Stable","high"
"IIM Indore","iimi","India","Global Healthcare Professional Programme (GHPP) (In collaboration with the Arizona State University)","Global Healthcare Professional Programme (GHPP) (In collaboration with Arizona State University, USA) – IIM Indore","Blended","","Mixed","INR","600000","","39.0","","1","","Direct","","Healthcare & Life Sciences","Healthcare management","Hospital and healthcare operations management","T12.S01.P01","","Stable","fallback"
"IIM Indore","iimi","India","Global Leadership Development Programme for Entrepreneurs (In collaboration with the University of Glasgow, Scotland)","Global Leadership Development Programme For Entrepreneurs (In collaboration with University of Glasgow, Scotland, UK) – IIM Indore","Unknown","","Unknown","INR","600000","","","","1","","Direct","","People, Talent & Organisation","Talent, learning and workforce","Leadership development and succession architecture","T07.S02.P05","T09.S02.P01","Stable","high"
"IIM Indore","iimi","India","Global Leadership Experience Programme (In collaboration with University of Denver, USA)","Global Leadership Experience Programme (In collaboration with University of Denver, Colorado, USA) – IIM Indore","Blended","","Senior","INR","600000","","","","1","","Direct","","Leadership & Executive Capability","Foundational leadership","Leadership styles and situational leadership","T01.S01.P05","","Stable","fallback"
"IIM Indore","iimi","India","Global Sports Business Management Programme (In collaboration with the University of Liverpool)","Global Sports Business Management Programme (In collaboration with University of Liverpool, UK) – IIM Indore","Unknown","","Mixed","INR","600000","","39.0","","1","","Direct","","Sector-Specific Management","Regulated and asset-heavy sectors","Transport, aviation, shipping and railways","T13.S01.P05","T13.S02.P06","Stable","high"
"IIM Indore","iimi","India","Advanced Management Programme for Senior Leaders","AMPe2-sep24-feb35-1.pdf","Blended","","Senior","INR","668000","","26.0","","1","","Direct","","General Management (Integrative)","Comprehensive general management","General management programmes for senior leaders","T15.S01.P01","T01.S02.P01","Stable","high"
"IIM Indore","iimi","India","General Management Programme for Executives in Other Middle East Countries","GMPe25-Brochure.pdf","Blended","","Unknown","INR","728000","","43.3","","1","","Direct","","General Management (Integrative)","Comprehensive general management","General management programmes for senior leaders","T15.S01.P01","T01.S02.P03","Stable","high"
"IIM Indore","iimi","India","Strategic Financial Management Programme for Executives","SFMe4-Sep24-to-Feb25.pdf","Blended","","Mid-career","INR","286000","","26.0","","1","","Direct","","General Management (Integrative)","Comprehensive general management","General management programmes for senior leaders","T15.S01.P01","","Stable","high"
"IIM Indore","iimi","India","Strategic Marketing Management Programme for Executives in the Digital World","FDDW 29Sept","Self-paced Online","","Senior","INR","880000","","21.6","","1","","Direct","","Marketing, Sales & Customer","Marketing strategy and brand","Marketing strategy for executives","T05.S01.P01","T15.S01.P01","Stable","high"
"IIM Indore","iimi","India","Executive Management Programme (EMP) (Batch 02)","Executive Management Programme (EMP)– Batch 02 – IIM Indore","Blended","","Unknown","INR","1400000","","104.0","","1","","Direct","","General Management (Integrative)","Comprehensive general management","General management programmes for senior leaders","T15.S01.P01","","Stable","fallback"
"IIM Indore","iimi","India","Masters of Science in Data Management","Master of Science in Data Science and Management – IIM Indore","Blended","","Unknown","","","","104.0","","1","","Direct","","AI, Data & Digital","Data, analytics and decisions","Data governance, quality and architecture","T03.S04.P04","","Transformed","high"
"IIM Indore","iimi","India","Executive Management Programme - Government, Public Administration and Defence","Executive Management Programme – Government, Public Administration and Defence [EMP – (G&D)] – IIM Indore","Blended","","Unknown","INR","800000","","104.0","","1","","Direct","","Public Policy, Government & Infrastructure","Public policy and governance","Governance for civil servants and elected representatives","T11.S01.P03","T11.S02.P04","Stable","high"
"IIM Indore","iimi","India","Executive Post Graduate Diploma in Artificial Intelligence (04)","Executive Post Graduate Diploma Programme in Management & Artificial Intelligence (EPGDPM&AI) (Batch 04) – IIM Indore","Blended","","Unknown","INR","760000","","65.0","","1","","Direct","","AI, Data & Digital","Digital transformation","Enterprise digital transformation strategy and roadmaps","T03.S03.P01","","Transformed","fallback"
"IIM Kozhikode","iimk","India","A Non-technical Introduction to Financial Derivatives","https://iimk.ac.in/academic-programmes/OPEN-MDP/course-calender","Campus","","Unknown","INR","75000","3","0.6","","1","Open MDP","Direct","","AI, Data & Digital","AI foundations for leaders","Data and AI literacy for non-technical leaders","T03.S01.P04","","Transformed","high"
"IIM Kozhikode","iimk","India","General Management Programme: Management in the Era of Digital Disruption & AI","https://iimk.ac.in/academic-programmes/OPEN-MDP/course-calender","Campus","","Unknown","INR","112500","5","1.0","","1","Open MDP","Direct","","Leadership & Executive Capability","Senior and C-suite leadership","Leading the enterprise / enterprise-wide leadership","T01.S02.P03","T15.S01.P01","Stable","high"
"IIM Kozhikode","iimk","India","Strategic Decision Making & Leadership under Dynamic & Uncertain Environments","https://iimk.ac.in/academic-programmes/OPEN-MDP/course-calender","Campus","","Unknown","INR","75000","3","0.6","","1","Open MDP","Direct","","AI, Data & Digital","Data, analytics and decisions","AI-augmented decision-making and judgment","T03.S04.P06","T14.S02.P01","New","high"
"IIM Kozhikode","iimk","India","The CMO's Playbook: Executive Edition","https://iimk.ac.in/academic-programmes/OPEN-MDP/course-calender","Campus","","Unknown","INR","112500","5","","","1","Open MDP","Direct","","Marketing, Sales & Customer","Marketing strategy and brand","Marketing strategy for executives","T05.S01.P01","T01.S02.P02","Stable","officer-rule"
"IIM Kozhikode","iimk","India","Consumer Behaviour in the Digital Age","https://iimk.ac.in/academic-programmes/OPEN-MDP/course-calender","Campus","","Unknown","INR","75000","3","0.6","","1","Open MDP","Direct","","Marketing, Sales & Customer","Marketing strategy and brand","Customer insight, segmentation and market research","T05.S01.P03","T05.S01.P05","Stable","high"
"IIM Kozhikode","iimk","India","Healthcare Management: Strategy, Technology & Operations","https://iimk.ac.in/academic-programmes/OPEN-MDP/course-calender","Campus","","Unknown","INR","112500","5","1.0","","1","Open MDP","Direct","","Healthcare & Life Sciences","Healthcare management","Healthcare strategy, payers and providers","T12.S01.P02","","Stable","sector-rule"
"IIM Kozhikode","iimk","India","AI in Marketing: Foundations, Trends, and Perspectives","https://iimk.ac.in/academic-programmes/OPEN-MDP/course-calender","Campus","","Unknown","INR","112500","5","","","1","Open MDP","Direct","","Marketing, Sales & Customer","AI in marketing","Generative AI for marketing and creative","T05.S03.P01","","New","high"
"IIM Kozhikode","iimk","India","Story Telling Artistry at Work","https://iimk.ac.in/academic-programmes/OPEN-MDP/course-calender","Campus","","Unknown","INR","75000","3","0.6","","1","Open MDP","Direct","","Personal Effectiveness & Communication","Executive presence and communication","Business storytelling and narrative","T14.S01.P02","","Stable","high"
"IIM Kozhikode","iimk","India","Data Driven Decision Making using Data Analytics","https://iimk.ac.in/academic-programmes/OPEN-MDP/course-calender","Campus","","Unknown","INR","112500","5","1.0","","1","Open MDP","Direct","","AI, Data & Digital","Data, analytics and decisions","Business analytics for decision-making","T03.S04.P01","T14.S02.P01","Stable","high"
"IIM Kozhikode","iimk","India","Strategic Mindset for Sales Managers - A Lego Serious Play Approach","https://iimk.ac.in/academic-programmes/OPEN-MDP/course-calender","Campus","","Unknown","INR","75000","3","0.6","","1","Open MDP","Direct","","Strategy","Corporate and competitive strategy","Strategic thinking for executives","T02.S01.P03","","Stable","high"
"IIM Kozhikode","iimk","India","Leadership in the AI World: Growth & Transformation","https://iimk.ac.in/academic-programmes/OPEN-MDP/course-calender","Campus","Emeritus","C-suite/Senior","INR","102500","2","","","1","Open MDP","Partner","(P)","AI, Data & Digital","Digital transformation","Enterprise digital transformation strategy and roadmaps","T03.S03.P01","","Transformed","fallback"
"IIM Kozhikode","iimk","India","Understanding India through its Cultural Roots From Farms to Firms","https://iimk.ac.in/academic-programmes/OPEN-MDP/course-calender","Campus","","Mixed","INR","162500","5","1.0","","1","Open MDP","Direct","","UNCLASSIFIED","","","","","","none"
"IIM Kozhikode","iimk","India","Problem Solving & Decision Making","https://iimk.ac.in/academic-programmes/OPEN-MDP/course-calender","Campus","","Unknown","INR","75000","3","0.6","","1","Open MDP","Direct","","Personal Effectiveness & Communication","Personal productivity and judgment","Decision-making, biases and behavioural judgment","T14.S02.P01","T14.S02.P02","Stable","high"
"IIM Kozhikode","iimk","India","Managing Employees with Humane Touch","https://iimk.ac.in/academic-programmes/OPEN-MDP/course-calender","Campus","","Unknown","INR","162500","5","1.0","","1","Open MDP","Direct","","Innovation & Entrepreneurship","Entrepreneurship","Starting and scaling a venture","T09.S02.P01","","Stable","low"
"IIM Kozhikode","iimk","India","Service Excellence through Customer Orientation","https://iimk.ac.in/academic-programmes/OPEN-MDP/course-calender","Campus","","Unknown","INR","75000","3","0.6","","1","Open MDP","Direct","","Operations, Supply Chain & Quality","Operations management","Service operations management","T06.S01.P03","","Stable","high"
"IIM Kozhikode","iimk","India","MDP on Simulate to Strategize: Accelerate your Leadership Journey","https://iimk.ac.in/academic-programmes/OPEN-MDP/course-calender","Campus","","Unknown","INR","112500","5","1.0","","1","Open MDP","Direct","","Strategy","Corporate and competitive strategy","Competitive strategy and advantage","T02.S01.P01","","Stable","fallback"
"IIM Kozhikode","iimk","India","Public Systems Management","https://iimk.ac.in/academic-programmes/OPEN-MDP/course-calender","Campus","","Unknown","INR","112500","5","1.0","","1","Open MDP","Direct","","Public Policy, Government & Infrastructure","Public policy and governance","Public policy design and analysis","T11.S01.P01","","Stable","fallback"
"IIM Kozhikode","iimk","India","Soft Skills for Interpersonal Effectiveness: Attitude & Skill Enhancement Lab","https://iimk.ac.in/academic-programmes/OPEN-MDP/course-calender","Campus","","Unknown","INR","112500","5","1.0","","1","Open MDP","Direct","","Personal Effectiveness & Communication","Personal productivity and judgment","Time, attention and personal productivity","T14.S02.P03","","Transformed","high"
"IIM Kozhikode","iimk","India","Executive Presence, Influence & Storytelling","https://iimk.ac.in/academic-programmes/OPEN-MDP/course-calender","Campus","","Unknown","INR","75000","3","0.6","","1","Open MDP","Direct","","Personal Effectiveness & Communication","Executive presence and communication","Business storytelling and narrative","T14.S01.P02","T14.S01.P01","Stable","high"
"IIM Kozhikode","iimk","India","Design Thinking for Business Problem Solving","https://iimk.ac.in/academic-programmes/OPEN-MDP/course-calender","Campus","","Unknown","INR","100000","4","0.6","","1","Open MDP","Direct","","Innovation & Entrepreneurship","Innovation management","Design thinking and human-centred design","T09.S01.P02","T14.S02.P02","Stable","high"
"IIM Kozhikode","iimk","India","Digital Operations & Supply Chain Transformation","https://iimk.ac.in/academic-programmes/OPEN-MDP/course-calender","Campus","","Unknown","INR","100000","4","0.6","","1","Open MDP","Direct","","Operations, Supply Chain & Quality","Supply chain and logistics","Supply chain strategy and design","T06.S02.P01","T03.S03.P01","Stable","high"
"IIM Kozhikode","iimk","India","Strategic Digital Marketing","https://iimk.ac.in/academic-programmes/OPEN-MDP/course-calender","Campus","","Unknown","INR","100000","4","0.8","","1","Open MDP","Direct","","Marketing, Sales & Customer","Digital growth and performance marketing","Digital marketing and performance media","T05.S02.P01","","Transformed","high"
"IIM Kozhikode","iimk","India","Managing Global Operations","https://iimk.ac.in/academic-programmes/OPEN-MDP/course-calender","Campus","","Unknown","INR","75000","3","0.6","","1","Open MDP","Direct","","Operations, Supply Chain & Quality","Operations management","Operational excellence and process improvement","T06.S01.P01","","Stable","fallback"
"IIM Kozhikode","iimk","India","Mindful Leadership","https://iimk.ac.in/academic-programmes/OPEN-MDP/course-calender","Campus","","Unknown","INR","100000","3","0.6","","1","Open MDP","Direct","","Personal Effectiveness & Communication","Personal productivity and judgment","Emotional intelligence and self-awareness","T14.S02.P05","","Stable","high"
"IIM Kozhikode","iimk","India","Strategic Brand and Marketing Communications: From Meaning to Impact","https://iimk.ac.in/academic-programmes/OPEN-MDP/course-calender","Campus","","Unknown","INR","100000","4","","","1","Open MDP","Direct","","Marketing, Sales & Customer","Marketing strategy and brand","Brand management and positioning","T05.S01.P02","","Stable","high"
"IIM Kozhikode","iimk","India","Supply Chain Management","https://iimk.ac.in/academic-programmes/OPEN-MDP/course-calender","Campus","","Unknown","INR","100000","4","0.8","","1","Open MDP","Direct","","Operations, Supply Chain & Quality","Supply chain and logistics","Supply chain strategy and design","T06.S02.P01","T06.S01.P04","Stable","high"
"IIM Kozhikode","iimk","India","Business Intelligence & Analytics","https://iimk.ac.in/academic-programmes/OPEN-MDP/course-calender","Campus","","Unknown","INR","75000","3","0.6","","1","Open MDP","Direct","","Leadership & Executive Capability","Foundational leadership","Leading mid-level to senior transition","T01.S01.P03","","Stable","low"
"IIM Kozhikode","iimk","India","Advanced Financial Statement Analysis for Decision Making","https://iimk.ac.in/academic-programmes/OPEN-MDP/course-calender","Campus","","Unknown","INR","75000","3","0.6","","1","Open MDP","Direct","","Finance & Accounting","Finance for executives","Financial statement analysis and accounting for decisions","T04.S01.P02","T14.S02.P01","Stable","high"
"IIM Kozhikode","iimk","India","Talent Management","https://iimk.ac.in/academic-programmes/OPEN-MDP/course-calender","Campus","","Unknown","INR","75000","3","0.6","","1","Open MDP","Direct","","People, Talent & Organisation","HR strategy and the CHRO agenda","Strategic HR and business partnering","T07.S01.P01","","Stable","fallback"
"IIM Kozhikode","iimk","India","Finance for Non-Finance Executives","https://iimk.ac.in/academic-programmes/OPEN-MDP/course-calender","Campus","","Unknown","INR","75000","3","0.6","","1","Open MDP","Direct","","Finance & Accounting","Finance for executives","Finance for non-finance managers","T04.S01.P01","","Stable","high"
"IIM Kozhikode","iimk","India","Managing across Cultures (MaC)","https://iimk.ac.in/academic-programmes/OPEN-MDP/course-calender","Campus","","Unknown","INR","75000","3","0.6","","1","Open MDP","Direct","","General Management (Integrative)","Comprehensive general management","General management programmes for senior leaders","T15.S01.P01","","Stable","fallback"
"IIM Kozhikode","iimk","India","Strategic Excellence in the Insurance Sector: Navigating Business Challenges","https://iimk.ac.in/academic-programmes/OPEN-MDP/course-calender","Campus","","Mixed","INR","75000","3","","","1","Open MDP","Direct","","Finance & Accounting","Risk, treasury and financial regulation","Insurance and actuarial management","T04.S03.P04","T13.S01.P01","Stable","high"
"IIM Kozhikode","iimk","India","Methods of Digital Advertising","https://iimk.ac.in/academic-programmes/OPEN-MDP/course-calender","Campus","","Unknown","INR","75000","3","0.6","","1","Open MDP","Direct","","AI, Data & Digital","Digital transformation","Enterprise digital transformation strategy and roadmaps","T03.S03.P01","","Transformed","fallback"
"IIM Kozhikode","iimk","India","Contract Management & Dispute Resolution","https://iimk.ac.in/academic-programmes/OPEN-MDP/course-calender","Campus","","Unknown","INR","75000","3","0.6","","1","Open MDP","Direct","","Governance, Risk & Legal","Business law and regulation","Commercial contracts and contract management","T08.S03.P01","T08.S03.P04","Stable","high"
"IIM Kozhikode","iimk","India","Strategies for Patient-Centric Healthcare Operations","https://iimk.ac.in/academic-programmes/OPEN-MDP/course-calender","Campus","","Unknown","INR","112500","5","1.0","","1","Open MDP","Direct","","Healthcare & Life Sciences","Healthcare management","Hospital and healthcare operations management","T12.S01.P01","","Stable","fallback"
"IIM Kozhikode","iimk","India","Sales Mastery in the Insurance Sector","https://iimk.ac.in/academic-programmes/OPEN-MDP/course-calender","Campus","","Unknown","INR","100000","4","0.8","","1","Open MDP","Direct","","Finance & Accounting","Risk, treasury and financial regulation","Insurance and actuarial management","T04.S03.P04","T13.S01.P01","Stable","high"
"IIM Kozhikode","iimk","India","Cyber Security","https://iimk.ac.in/academic-programmes/OPEN-MDP/course-calender","Campus","","Unknown","INR","60000","3","0.6","","1","Open MDP","Direct","","AI, Data & Digital","Cybersecurity and technology risk","Cybersecurity strategy for leaders and boards","T03.S05.P01","","Transformed","high"
"IIM Kozhikode","iimk","India","Corporate Etiquette & Personality Development","https://iimk.ac.in/academic-programmes/OPEN-MDP/course-calender","Campus","","Unknown","INR","60000","3","0.6","","1","Open MDP","Direct","","Personal Effectiveness & Communication","Executive presence and communication","Executive presence and personal brand","T14.S01.P01","","Stable","fallback"
"IIM Kozhikode","iimk","India","Public Procurement","https://iimk.ac.in/academic-programmes/OPEN-MDP/course-calender","Campus","","Unknown","INR","80000","4","0.8","","1","Open MDP","Direct","","Operations, Supply Chain & Quality","Supply chain and logistics","Procurement, sourcing and supplier management","T06.S02.P02","","Stable","high"
"IIM Kozhikode","iimk","India","A Net-zero Future - Towards Business Sustainability","https://iimk.ac.in/academic-programmes/OPEN-MDP/course-calender","Campus","","Mixed","INR","60000","3","0.6","","1","Open MDP","Direct","","Sustainability, ESG & Climate","Sustainability strategy","Sustainability and ESG strategy for the enterprise","T10.S01.P01","T10.S01.P02","Transformed","high"
"IIM Kozhikode","iimk","India","Mastering Behaviour - Managing Self (Basic Lab)","https://iimk.ac.in/academic-programmes/OPEN-MDP/course-calender","Campus","","Mixed","INR","60000","3","0.6","","1","Open MDP","Direct","","General Management (Integrative)","Comprehensive general management","General management programmes for senior leaders","T15.S01.P01","","Stable","fallback"
"IIM Kozhikode","iimk","India","Creative Thinking, Problem Solving & Decision Making","https://iimk.ac.in/academic-programmes/OPEN-MDP/course-calender","Campus","","Mixed","INR","60000","3","0.6","","1","Open MDP","Direct","","Personal Effectiveness & Communication","Personal productivity and judgment","Decision-making, biases and behavioural judgment","T14.S02.P01","T14.S02.P02","Stable","high"
"IIM Kozhikode","iimk","India","Mastering Behaviours - Managing Self (Advanced Lab)","https://iimk.ac.in/academic-programmes/OPEN-MDP/course-calender","Campus","","Mixed","INR","75000","3","0.6","","1","Open MDP","Direct","","General Management (Integrative)","Comprehensive general management","General management programmes for senior leaders","T15.S01.P01","","Stable","fallback"
"IIM Kozhikode","iimk","India","Good Governance & Big Data","https://iimk.ac.in/academic-programmes/OPEN-MDP/course-calender","Campus","","Mixed","INR","90000","5","1.0","","1","Open MDP","Direct","","Governance, Risk & Legal","Enterprise risk and compliance","Enterprise risk management","T08.S02.P01","","Stable","fallback"
"IIM Kozhikode","iimk","India","Managing Self & Others for High Performance","https://iimk.ac.in/academic-programmes/OPEN-MDP/course-calender","Campus","","Mixed","INR","60000","3","0.6","","1","Open MDP","Direct","","General Management (Integrative)","Comprehensive general management","General management programmes for senior leaders","T15.S01.P01","","Stable","fallback"
"IIM Kozhikode","iimk","India","Communication Effectiveness Lab for Managers","https://iimk.ac.in/academic-programmes/OPEN-MDP/course-calender","Campus","","Mixed","INR","60000","3","0.6","","1","Open MDP","Direct","","Personal Effectiveness & Communication","Executive presence and communication","Public speaking, presentation and boardroom communication","T14.S01.P03","","Stable","fallback"
"IIM Kozhikode","iimk","India","Creating value through Corporate financial decisions","https://iimk.ac.in/academic-programmes/OPEN-MDP/course-calender","Campus","","Mixed","","","5","1.0","","1","Open MDP","Direct","","Leadership & Executive Capability","Foundational leadership","Leading mid-level to senior transition","T01.S01.P03","T04.S01.P02","Stable","low"
"IIM Kozhikode","iimk","India","Emotional Intelligence: Harnessing your Emotional Energy","https://iimk.ac.in/academic-programmes/OPEN-MDP/course-calender","Campus","","Mixed","","","3","","","1","Open MDP","Direct","","Personal Effectiveness & Communication","Personal productivity and judgment","Emotional intelligence and self-awareness","T14.S02.P05","","Stable","high"
"IIM Kozhikode","iimk","India","Agent-based Modeling for Business Problem Solving","https://iimk.ac.in/academic-programmes/OPEN-MDP/course-calender","Campus","","Mixed","INR","60000","3","0.6","","1","Open MDP","Direct","","Personal Effectiveness & Communication","Personal productivity and judgment","Critical thinking and problem solving","T14.S02.P02","T09.S02.P01","Stable","high"
"IIM Kozhikode","iimk","India","Applied Financial Risk Management","https://iimk.ac.in/academic-programmes/OPEN-MDP/course-calender","Campus","","Mixed","INR","60000","3","0.6","","1","Open MDP","Direct","","Finance & Accounting","Risk, treasury and financial regulation","Financial risk management","T04.S03.P01","T13.S01.P01","Stable","high"
"IIM Kozhikode","iimk","India","Public Financial Management (PFM)","https://iimk.ac.in/academic-programmes/OPEN-MDP/course-calender","Campus","","Mixed","INR","90000","5","1.0","","1","Open MDP","Direct","","Finance & Accounting","Finance for executives","Finance for non-finance managers","T04.S01.P01","","Stable","fallback"
"IIM Kozhikode","iimk","India","Strategies for Products & Marketing","https://iimk.ac.in/academic-programmes/OPEN-MDP/course-calender","Campus","","Mixed","INR","60000","3","0.6","","1","Open MDP","Direct","","Marketing, Sales & Customer","Marketing strategy and brand","Marketing strategy for executives","T05.S01.P01","","Stable","fallback"
"IIM Kozhikode","iimk","India","Social Impact Assessment for Decision-Making","https://iimk.ac.in/academic-programmes/OPEN-MDP/course-calender","Campus","","Mixed","","","3","","","1","Open MDP","Direct","","Innovation & Entrepreneurship","Entrepreneurship","Franchising, SME growth and business ownership","T09.S02.P05","T10.S02.P03","Stable","high"
"IIM Kozhikode","iimk","India","Financial Market Regulations (FMR)","https://iimk.ac.in/academic-programmes/OPEN-MDP/course-calender","Campus","","Mixed","INR","90000","5","1.0","","1","Open MDP","Direct","","Finance & Accounting","Finance for executives","Finance for non-finance managers","T04.S01.P01","","Stable","fallback"
"IIM Kozhikode","iimk","India","Accelerating Sales Force Performance","https://iimk.ac.in/academic-programmes/OPEN-MDP/course-calender","Campus","","Mixed","INR","60000","3","0.6","","1","Open MDP","Direct","","Marketing, Sales & Customer","Sales and go-to-market","Sales leadership and sales force management","T05.S04.P01","","Stable","high"
"IIM Kozhikode","iimk","India","Operational Excellence through Lean Six Sigma","https://iimk.ac.in/academic-programmes/OPEN-MDP/course-calender","Campus","","Mixed","INR","60000","3","0.6","","1","Open MDP","Direct","","Operations, Supply Chain & Quality","Operations management","Lean, Six Sigma and quality management","T06.S01.P02","T06.S01.P01","Stable","high"
"IIM Kozhikode","iimk","India","Business Analytics","https://iimk.ac.in/academic-programmes/OPEN-MDP/course-calender","Campus","","Mixed","INR","90000","5","1.0","","1","Open MDP","Direct","","AI, Data & Digital","Data, analytics and decisions","Business analytics for decision-making","T03.S04.P01","","Stable","high"
"IIM Kozhikode","iimk","India","MDP on Gender, Work and Technology","https://iimk.ac.in/academic-programmes/OPEN-MDP/course-calender","Campus","","Mixed","","","5","","","1","Open MDP","Direct","","People, Talent & Organisation","Culture, DEI and organisational behaviour","Women's leadership and gender in the workplace","T07.S04.P03","","Stable","high"
"IIM Kozhikode","iimk","India","Enhancing Organizational & Individual Performance","https://iimk.ac.in/academic-programmes/OPEN-MDP/course-calender","Campus","","Mixed","INR","60000","3","0.6","","1","Open MDP","Direct","","UNCLASSIFIED","","","","","","none"
"IIM Kozhikode","iimk","India","General Management Programme in the Age of AI","https://iimk.ac.in/academic-programmes/E-MDP/course-calender","Live Online","Emeritus","Mixed","","","","","","1","eMDP (Synchronous Online)","Partner","(P)","Leadership & Executive Capability","Senior and C-suite leadership","Leading the enterprise / enterprise-wide leadership","T01.S02.P03","T15.S01.P01","Stable","high"
"IIM Kozhikode","iimk","India","Professional Certificate Programme in Business Management","https://iimk.ac.in/academic-programmes/E-MDP/course-calender","Live Online","Jaro Education","Mid-career","INR","195000","","","","1","eMDP (Synchronous Online)","Partner","(P)","People, Talent & Organisation","HR strategy and the CHRO agenda","CHRO and HR leadership","T07.S01.P02","","Stable","low"
"IIM Kozhikode","iimk","India","Strategic Management Programme for CXO's","https://iimk.ac.in/academic-programmes/E-MDP/course-calender","Live Online","TimesPro","C-suite/Senior","INR","490000","","43.3","","1","eMDP (Synchronous Online)","Partner","(P)","Leadership & Executive Capability","Senior and C-suite leadership","Becoming a C-suite officer (role-specific ladders)","T01.S02.P02","T03.S03.P04","Stable","high"
"IIM Kozhikode","iimk","India","Professional Certificate Programme in Project Management","https://iimk.ac.in/academic-programmes/E-MDP/course-calender","Live Online","TimesPro","Functional specialist","INR","198000","","","","1","eMDP (Synchronous Online)","Partner","(P)","Operations, Supply Chain & Quality","Operations management","Project management","T06.S01.P05","T07.S01.P02","Stable","high"
"IIM Kozhikode","iimk","India","Professional Certificate Programme in Gen AI, Agentic System & Intelligent Decision-Making","https://iimk.ac.in/academic-programmes/E-MDP/course-calender","Live Online","Jaro Education","Mixed","INR","200000","","","Y","1","eMDP (Synchronous Online)","Partner","(P)","Leadership & Executive Capability","Leading human-AI organisations","Leading teams that include AI agents","T01.S04.P01","T03.S01.P02","New","high"
"IIM Kozhikode","iimk","India","Entrepreneurship and New Venture Creation","https://iimk.ac.in/academic-programmes/E-MDP/course-calender","Live Online","TimesPro","Mixed","INR","260000","","34.6","","1","eMDP (Synchronous Online)","Partner","(P)","Innovation & Entrepreneurship","Entrepreneurship","Starting and scaling a venture","T09.S02.P01","T07.S01.P02","Stable","high"
"IIM Kozhikode","iimk","India","Professional Certificate Programme in Advanced Product Management","https://iimk.ac.in/academic-programmes/E-MDP/course-calender","Live Online","TimesPro","Functional specialist","INR","195000","","26.0","","1","eMDP (Synchronous Online)","Partner","(P)","Marketing, Sales & Customer","Marketing strategy and brand","Product management and product marketing","T05.S01.P05","T07.S01.P02","Stable","high"
"IIM Kozhikode","iimk","India","Professional Certificate Programme in Investment Banking, Risk & Capital Markets","https://iimk.ac.in/academic-programmes/E-MDP/course-calender","Live Online","Jaro Education","Functional specialist","INR","240000","","","","1","eMDP (Synchronous Online)","Partner","(P)","Finance & Accounting","Investment and capital markets","Capital markets, debt and equity raising","T04.S02.P03","T04.S03.P03","Stable","high"
"IIM Kozhikode","iimk","India","Professional Certificate Programme in Growth Strategy and Business Transformation","https://iimk.ac.in/academic-programmes/E-MDP/course-calender","Live Online","TimesPro","Mid-career","INR","298000","","","Y","1","eMDP (Synchronous Online)","Partner","(P)","Strategy","Corporate and competitive strategy","Growth strategy and scaling","T02.S01.P04","T07.S01.P02","Stable","high"
"IIM Kozhikode","iimk","India","Professional Certificate Program in AI Powered Marketing, Analytics and Sales","https://iimk.ac.in/academic-programmes/E-MDP/course-calender","Live Online","TimesPro","Functional specialist","INR","245000","","","Y","1","eMDP (Synchronous Online)","Partner","(P)","Marketing, Sales & Customer","AI in marketing","Generative AI for marketing and creative","T05.S03.P01","T05.S04.P04","New","high"
"IIM Kozhikode","iimk","India","Professional Certificate Programme in AI-Powered Digital Marketing for Performance & Growth","https://iimk.ac.in/academic-programmes/E-MDP/course-calender","Live Online","Jaro Education","Functional specialist","INR","180000","","39.0","","1","eMDP (Synchronous Online)","Partner","(P)","Marketing, Sales & Customer","Digital growth and performance marketing","Digital marketing and performance media","T05.S02.P01","T05.S03.P01","Transformed","high"
"IIM Kozhikode","iimk","India","AI-Enabled Supply Chain & Operations Management","https://iimk.ac.in/academic-programmes/E-MDP/course-calender","Live Online","TimesPro","Functional specialist","INR","250000","","","","1","eMDP (Synchronous Online)","Partner","(P)","Operations, Supply Chain & Quality","Operations management","Operational excellence and process improvement","T06.S01.P01","T06.S02.P01","Stable","high"
"IIM Kozhikode","iimk","India","Professional Certificate Programme in Chief Human Resource Officer","https://iimk.ac.in/academic-programmes/E-MDP/course-calender","Live Online","","C-suite/Senior","","","","","Y","1","eMDP (Synchronous Online)","Direct","","People, Talent & Organisation","HR strategy and the CHRO agenda","CHRO and HR leadership","T07.S01.P02","T01.S02.P02","Stable","officer-rule"
"IIM Kozhikode","iimk","India","Professional Certificate Programme in FinTech","https://iimk.ac.in/academic-programmes/E-MDP/course-calender","Live Online","TimesPro","Functional specialist","INR","240000","","47.6","","1","eMDP (Synchronous Online)","Partner","(P)","Finance & Accounting","Fintech and AI in finance","Fintech, digital payments and embedded finance","T04.S04.P01","T07.S01.P02","Transformed","high"
"IIM Kozhikode","iimk","India","Chief Product & AI-Driven Strategy Officer (CPAIO) Programme","https://iimk.ac.in/academic-programmes/E-MDP/course-calender","Live Online","Emeritus","C-suite/Senior","INR","545000","","","","1","eMDP (Synchronous Online)","Partner","(P)","Strategy","AI-era strategy","AI strategy for the enterprise","T02.S03.P01","T03.S02.P01","New","officer-rule"
"IIM Kozhikode","iimk","India","Professional Certificate Programme in Healthcare Management and AI Applications","https://iimk.ac.in/academic-programmes/E-MDP/course-calender","Live Online","Emeritus","Functional specialist","INR","225000","","43.3","","1","eMDP (Synchronous Online)","Partner","(P)","Healthcare & Life Sciences","Healthcare management","Healthcare strategy, payers and providers","T12.S01.P02","","Stable","sector-rule"
"IIM Kozhikode","iimk","India","Professional Certificate Programme in Strategic Management","https://iimk.ac.in/academic-programmes/E-MDP/course-calender","Live Online","Jaro Education","Mid-career","INR","195000","","52.0","","1","eMDP (Synchronous Online)","Partner","(P)","Strategy","Corporate and competitive strategy","Competitive strategy and advantage","T02.S01.P01","T07.S01.P02","Stable","high"
"IIM Kozhikode","iimk","India","Senior Management Programme","https://iimk.ac.in/academic-programmes/E-MDP/course-calender","Live Online","Emeritus","C-suite/Senior","INR","623000","","52.0","","1","eMDP (Synchronous Online)","Partner","(P)","General Management (Integrative)","Comprehensive general management","General management programmes for senior leaders","T15.S01.P01","T07.S01.P02","Stable","high"
"IIM Kozhikode","iimk","India","Professional Certificate Program in Managing Businesses - Strategies for Sustained Growth & Profitability","https://iimk.ac.in/academic-programmes/E-MDP/course-calender","Live Online","","Mixed","INR","299000","","52.0","","1","eMDP (Synchronous Online)","Direct","","Finance & Accounting","Finance for executives","Cost, pricing and profitability management","T04.S01.P05","T07.S01.P02","Stable","high"
"IIM Kozhikode","iimk","India","Professional Certificate Programme in Financial Analysis and Financial Management","https://iimk.ac.in/academic-programmes/E-MDP/course-calender","Live Online","Emeritus","Functional specialist","INR","260000","","52.0","","1","eMDP (Synchronous Online)","Partner","(P)","People, Talent & Organisation","HR strategy and the CHRO agenda","CHRO and HR leadership","T07.S01.P02","","Stable","low"
"IIM Kozhikode","iimk","India","Professional Certificate Programme in Advanced Analytics & Business Intelligence","https://iimk.ac.in/academic-programmes/E-MDP/course-calender","Live Online","Jaro Education","Functional specialist","INR","200000","","52.0","","1","eMDP (Synchronous Online)","Partner","(P)","People, Talent & Organisation","HR strategy and the CHRO agenda","CHRO and HR leadership","T07.S01.P02","","Stable","low"
"IIM Kozhikode","iimk","India","Professional Certificate Programme in Data Analytics for Business Strategy (Essential Tools and Applications)","https://iimk.ac.in/academic-programmes/E-MDP/course-calender","Live Online","Emeritus","Functional specialist","","","","","","1","eMDP (Synchronous Online)","Partner","(P)","AI, Data & Digital","Data, analytics and decisions","Business analytics for decision-making","T03.S04.P01","T07.S01.P02","Stable","high"
"IIM Kozhikode","iimk","India","Chief Operations Officer Programme","https://iimk.ac.in/academic-programmes/E-MDP/course-calender","Live Online","Emeritus","C-suite/Senior","INR","662000","","52.0","","1","eMDP (Synchronous Online)","Partner","(P)","Operations, Supply Chain & Quality","Operations management","Operational excellence and process improvement","T06.S01.P01","T01.S02.P02","Stable","officer-rule"
"IIM Kozhikode","iimk","India","Chief Executive Officer Programme","https://iimk.ac.in/academic-programmes/E-MDP/course-calender","Live Online","Emeritus","C-suite/Senior","INR","682000","","52.0","","1","eMDP (Synchronous Online)","Partner","(P)","Leadership & Executive Capability","Senior and C-suite leadership","CEO / top management leadership","T01.S02.P01","T01.S02.P02","Stable","officer-rule"
"IIM Kozhikode","iimk","India","Professional Certificate Programme in Strategic Sales Management and New Age Marketing","https://www.jaroeducation.com/professional-certificate-programme-in-strategic-sales-management-and-new-age-marketing-iim-kozhikode","Live Online","Jaro Education","Functional specialist","INR","240000","","43.3","","1","eMDP (Synchronous Online)","Partner","(P)","Marketing, Sales & Customer","Sales and go-to-market","Sales leadership and sales force management","T05.S04.P01","T07.S01.P02","Stable","high"
"IIM Kozhikode","iimk","India","Professional Certificate Programme in Digital Transformation","https://iimk.ac.in/academic-programmes/E-MDP/course-calender","Live Online","","Mixed","INR","740000","","52.0","","1","eMDP (Synchronous Online)","Direct","","AI, Data & Digital","Digital transformation","Enterprise digital transformation strategy and roadmaps","T03.S03.P01","T07.S01.P02","Transformed","high"
"IIM Kozhikode","iimk","India","Professional Certificate Programme in General Management Programme for Business Excellence","https://iimk.ac.in/academic-programmes/E-MDP/course-calender","Live Online","","Mixed","INR","248500","","43.3","","1","eMDP (Synchronous Online)","Direct","","General Management (Integrative)","Comprehensive general management","General management programmes for senior leaders","T15.S01.P01","T01.S02.P03","Stable","high"
"IIM Kozhikode","iimk","India","Advanced Strategic Management Programme","https://iimk.ac.in/academic-programmes/E-MDP/course-calender","Live Online","Emeritus","Mid-career","INR","298000","","52.0","","1","eMDP (Synchronous Online)","Partner","(P)","Strategy","Corporate and competitive strategy","Competitive strategy and advantage","T02.S01.P01","T07.S01.P02","Stable","high"
"IIM Kozhikode","iimk","India","Chief Technology and AI Officer Programme","https://iimk.ac.in/academic-programmes/E-MDP/course-calender","Live Online","Emeritus","Mixed","INR","678000","","52.0","","1","eMDP (Synchronous Online)","Partner","(P)","Strategy","AI-era strategy","AI strategy for the enterprise","T02.S03.P01","T03.S02.P01","New","officer-rule"
"IIM Kozhikode","iimk","India","Marketing and Brand Management for New Age Business","https://iimk.ac.in/academic-programmes/E-MDP/course-calender","Live Online","","Functional specialist","","","","","","1","eMDP (Synchronous Online)","Direct","","Marketing, Sales & Customer","Marketing strategy and brand","Brand management and positioning","T05.S01.P02","T07.S01.P02","Stable","high"
"IIM Kozhikode","iimk","India","Professional Certificate Programme in AI Powered Decision Making","https://iimk.ac.in/academic-programmes/E-MDP/course-calender","Live Online","Simplilearn","Mixed","","","","","Y","1","eMDP (Synchronous Online)","Partner","(P)","Personal Effectiveness & Communication","Personal productivity and judgment","Decision-making, biases and behavioural judgment","T14.S02.P01","T07.S01.P02","Stable","high"
"IIM Kozhikode","iimk","India","New Age Management Programme for Senior Professionals","https://iimk.ac.in/academic-programmes/E-MDP/course-calender","Live Online","Jaro Education","C-suite/Senior","","","","","","1","eMDP (Synchronous Online)","Partner","(P)","General Management (Integrative)","Comprehensive general management","General management programmes for senior leaders","T15.S01.P01","T07.S01.P02","Stable","high"
"IIM Kozhikode","iimk","India","Professional Certificate Programme in Advanced Operations Analytics and Supply Chain Management","https://iimk.ac.in/academic-programmes/E-MDP/course-calender","Live Online","Emeritus","Functional specialist","INR","205000","","47.6","","1","eMDP (Synchronous Online)","Partner","(P)","Operations, Supply Chain & Quality","Supply chain and logistics","Supply chain strategy and design","T06.S02.P01","T07.S01.P02","Stable","high"
"IIM Kozhikode","iimk","India","Professional Certificate Programme in AI Product Development & Innovation","https://iimk.ac.in/academic-programmes/E-MDP/course-calender","Live Online","Simplilearn","Functional specialist","","","","","Y","1","eMDP (Synchronous Online)","Partner","(P)","People, Talent & Organisation","HR strategy and the CHRO agenda","CHRO and HR leadership","T07.S01.P02","","Stable","low"
"IIM Kozhikode","iimk","India","Professional Certificate Programme in Management of Social Initiatives","https://iimk.ac.in/academic-programmes/E-MDP/course-calender","Live Online","TimesPro","Unknown","","","","","","1","eMDP (Synchronous Online)","Partner","(P)","People, Talent & Organisation","HR strategy and the CHRO agenda","CHRO and HR leadership","T07.S01.P02","","Stable","low"
"IIM Kozhikode","iimk","India","Applied Data Analytics & AI for Managers","https://iimk.ac.in/academic-programmes/E-MDP/course-calender","Live Online","Emeritus","Mixed","","","","","Y","1","eMDP (Synchronous Online)","Partner","(P)","Leadership & Executive Capability","Leading human-AI organisations","Redesigning managerial work around AI","T01.S04.P02","T07.S01.P02","New","high"
"IIM Kozhikode","iimk","India","Applied Analytics and Gen AI for Business Decisions","https://iimk.ac.in/academic-programmes/E-MDP/course-calender","Live Online","","Mixed","","","","","Y","1","eMDP (Synchronous Online)","Direct","","AI, Data & Digital","AI foundations for leaders","AI and machine learning fundamentals for executives","T03.S01.P01","T03.S01.P02","Transformed","high"
"IIM Kozhikode","iimk","India","Women Leadership Programme","https://iimk.ac.in/academic-programmes/E-MDP/course-calender","Live Online","Emeritus","Mid-career","INR","350000","","43.3","","1","eMDP (Synchronous Online)","Partner","(P)","People, Talent & Organisation","Culture, DEI and organisational behaviour","Women's leadership and gender in the workplace","T07.S04.P03","T07.S01.P02","Stable","high"
"IIM Kozhikode","iimk","India","Professional Certificate Programme in AI for Business Strategy","https://iimk.ac.in/academic-programmes/E-MDP/course-calender","Live Online","Simplilearn","Mixed","","","","","Y","1","eMDP (Synchronous Online)","Partner","(P)","AI, Data & Digital","AI foundations for leaders","AI and machine learning fundamentals for executives","T03.S01.P01","T07.S01.P02","Transformed","high"
"IIM Kozhikode","iimk","India","Chief Revenue Officer Programme","https://iimk.ac.in/academic-programmes/E-MDP/course-calender","Live Online","","C-suite/Senior","","","","","Y","1","eMDP (Synchronous Online)","Direct","","Marketing, Sales & Customer","Sales and go-to-market","Sales leadership and sales force management","T05.S04.P01","T01.S02.P02","Stable","officer-rule"
"IIM Kozhikode","iimk","India","Advanced Certificate Programme in Smart Supply Chain Management & Transformation","https://iimk.ac.in/academic-programmes/E-MDP/course-calender","Live Online","Jaro Education","Functional specialist","INR","281000","","52.0","","1","eMDP (Synchronous Online)","Partner","(P)","Operations, Supply Chain & Quality","Supply chain and logistics","Supply chain strategy and design","T06.S02.P01","T07.S01.P02","Stable","high"
"IIM Kozhikode","iimk","India","Chief Financial Officer Programme","https://iimk.ac.in/academic-programmes/E-MDP/course-calender","Live Online","Emeritus","C-suite/Senior","INR","658000","","52.0","","1","eMDP (Synchronous Online)","Partner","(P)","Finance & Accounting","Finance for executives","Corporate finance and capital allocation","T04.S01.P03","T01.S02.P02","Stable","officer-rule"
"IIM Kozhikode","iimk","India","Professional Certificate Programme in Advanced Business Management","https://iimk.ac.in/uploads/courseDetails/1408581494_2026-07-10_11-06-33.pdf","Self-paced Online","","Mid-career","INR","595000","","103.9","","1","Asynchronous eMDP","Direct","","People, Talent & Organisation","HR strategy and the CHRO agenda","CHRO and HR leadership","T07.S01.P02","","Stable","low"
"IIM Kozhikode","iimk","India","AI Officer Programme","https://iimk.ac.in/uploads/courseDetails/1798039451_2026-07-10_10-34-05.pdf","Self-paced Online","Emeritus","C-suite/Senior","INR","300000","","30.0","Y","1","Asynchronous eMDP","Partner","(P)","People, Talent & Organisation","HR strategy and the CHRO agenda","CHRO and HR leadership","T07.S01.P02","","Stable","low"
"IIM Kozhikode","iimk","India","Professional Certificate Programme in AI for Business Professionals","https://iimk.ac.in/uploads/courseDetails/1962144709_2026-07-24_12-24-01.pdf","Self-paced Online","upGrad","Mixed","INR","169000","","","Y","1","Asynchronous eMDP","Partner","(P)","AI, Data & Digital","AI foundations for leaders","AI and machine learning fundamentals for executives","T03.S01.P01","T07.S01.P02","Transformed","high"
"IIM Kozhikode","iimk","India","Professional Certificate Programme in Data Science and Artificial Intelligence for Managers","https://iimk.ac.in/uploads/courseDetails/1162005190_2026-07-09_11-44-27.pdf","Self-paced Online","Emeritus","Mixed","INR","179900","","34.6","","1","Asynchronous eMDP","Partner","(P)","AI, Data & Digital","AI foundations for leaders","AI and machine learning fundamentals for executives","T03.S01.P01","T03.S04.P02","Transformed","high"
"IIM Kozhikode","iimk","India","General Management programme: For Future Leaders","https://iimk.ac.in/uploads/courseDetails/377710075_2026-04-10_03-25-10.pdf","Self-paced Online","Emeritus","Early/Emerging","INR","210000","","47.6","","1","Asynchronous eMDP","Partner","(P)","Leadership & Executive Capability","Senior and C-suite leadership","Leading the enterprise / enterprise-wide leadership","T01.S02.P03","T15.S01.P01","Stable","high"
"IIM Kozhikode","iimk","India","Executive Presence, Influence, and Story Telling (online)","https://iimk.ac.in/uploads/courseDetails/885575363_2026-07-07_02-27-58.pdf","Self-paced Online","Emeritus","Mixed","INR","129900","","","","1","Asynchronous eMDP","Partner","(P)","Personal Effectiveness & Communication","Executive presence and communication","Executive presence and personal brand","T14.S01.P01","T14.S01.P02","Stable","high"
"IIM Kozhikode","iimk","India","Professional Certificate Programme in Product Management","https://iimk.ac.in/uploads/courseDetails/674959503_2026-07-09_11-53-53.pdf","Self-paced Online","Emeritus","Functional specialist","INR","199900","","39.0","","1","Asynchronous eMDP","Partner","(P)","Marketing, Sales & Customer","Marketing strategy and brand","Product management and product marketing","T05.S01.P05","T07.S01.P02","Stable","high"
"IIM Kozhikode","iimk","India","Professional Certificate Programme in Design Thinking and Innovation with AI","https://iimk.ac.in/uploads/courseDetails/1271344063_2026-04-18_09-08-22.pdf","Self-paced Online","","Mixed","INR","130000","","25.0","","1","Asynchronous eMDP","Direct","","Innovation & Entrepreneurship","Innovation management","Design thinking and human-centred design","T09.S01.P02","T07.S01.P02","Stable","high"
"IIM Kozhikode","iimk","India","Chief AI Officer (CAIO) Programme","https://iimk.ac.in/uploads/courseDetails/2034223437_2026-05-20_10-48-05.pdf","Self-paced Online","Emeritus","C-suite/Senior","","","","","Y","1","Asynchronous eMDP","Partner","(P)","Strategy","AI-era strategy","AI strategy for the enterprise","T02.S03.P01","T03.S02.P01","New","officer-rule"
"IIM Kozhikode","iimk","India","Executive Programme in Product Innovation with AI & Agentic AI","https://iimk.ac.in/uploads/courseDetails/1452553478_2026-07-09_04-32-50.pdf","Self-paced Online","Emeritus","Mixed","","","","","Y","1","Asynchronous eMDP","Partner","(P)","Leadership & Executive Capability","Leading human-AI organisations","Leading teams that include AI agents","T01.S04.P01","T03.S01.P03","New","high"
"IIM Kozhikode","iimk","India","Professional Certificate in Data Analytics for Business with Generative AI","https://iimk.ac.in/uploads/courseDetails/1705833185_2026-07-10_10-21-12.pdf","Self-paced Online","Emeritus","Mixed","","","","","Y","1","Asynchronous eMDP","Partner","(P)","AI, Data & Digital","AI foundations for leaders","Generative AI foundations and prompting","T03.S01.P02","T03.S04.P01","New","high"
"IIM Kozhikode","iimk","India","Professional Certificate in Agentic AI for Leaders","https://iimk.ac.in/uploads/courseDetails/1597730534_2026-07-10_10-26-29.pdf","Self-paced Online","Emeritus","C-suite/Senior","","","","","Y","1","Asynchronous eMDP","Partner","(P)","Leadership & Executive Capability","Leading human-AI organisations","Leading teams that include AI agents","T01.S04.P01","T02.S03.P01","New","high"
"IIM Kozhikode","iimk","India","Professional Certificate in Public Policy Management","https://emeritus.org/in/universities-and-institutes/iim-kozhikode/","Live Online","Emeritus","Mixed","INR","500000","","52.0","","1","Partner catalogue (Emeritus) - not on IIMK calendar","Partner","(P)","Public Policy, Government & Infrastructure","Public policy and governance","Public policy design and analysis","T11.S01.P01","","Stable","high"
"IIM Kozhikode","iimk","India","Senior Management Programme in Healthcare Management","https://emeritus.org/in/universities-and-institutes/iim-kozhikode/","Live Online","Emeritus","Mixed","","","","","","1","Partner catalogue (Emeritus) - not on IIMK calendar","Partner","(P)","Healthcare & Life Sciences","Healthcare management","Healthcare strategy, payers and providers","T12.S01.P02","","Stable","sector-rule"
"IIM Kozhikode","iimk","India","Professional Certificate in Applied Finance","https://emeritus.org/in/universities-and-institutes/iim-kozhikode/","Live Online","Emeritus","Mixed","INR","237500","","43.3","","1","Partner catalogue (Emeritus) - not on IIMK calendar","Partner","(P)","Finance & Accounting","Finance for executives","Finance for non-finance managers","T04.S01.P01","","Stable","fallback"
"IIM Kozhikode","iimk","India","Leadership Coaching for High Performance & Talent Management","https://emeritus.org/in/universities-and-institutes/iim-kozhikode/","Blended","Emeritus","Mixed","INR","150000","4","0.8","","1","Partner catalogue (Emeritus) - not on IIMK calendar","Partner","(P)","Leadership & Executive Capability","Senior and C-suite leadership","Becoming a C-suite officer (role-specific ladders)","T01.S02.P02","T03.S03.P04","Stable","low"
"IIM Kozhikode","iimk","India","Advanced Data Science for Managers","https://emeritus.org/in/universities-and-institutes/iim-kozhikode/","Live Online","Emeritus","Mixed","","","","","","1","Partner catalogue (Emeritus) - not on IIMK calendar","Partner","(P)","AI, Data & Digital","Data, analytics and decisions","Data science and applied statistics for managers","T03.S04.P02","","Stable","high"
"IIM Kozhikode","iimk","India","Chief Marketing and Growth Officer Programme","https://emeritus.org/in/universities-and-institutes/iim-kozhikode/","Live Online","Emeritus","Mixed","INR","500000","","43.3","","1","Partner catalogue (Emeritus) - not on IIMK calendar","Partner","(P)","Marketing, Sales & Customer","Marketing strategy and brand","Marketing strategy for executives","T05.S01.P01","T01.S02.P02","Stable","officer-rule"
"IIM Kozhikode","iimk","India","Emotional Intelligence: Harnessing your Emotional Energy for Superior Performance","https://iimk.ac.in/uploads/courseDetails/1190067966_2025-05-24_05-58-05.pdf","Campus","","Mid-career","INR","60000","3","0.6","","1","","Direct","","Personal Effectiveness & Communication","Personal productivity and judgment","Emotional intelligence and self-awareness","T14.S02.P05","","Stable","high"
"IIM Kozhikode","iimk","India","Infrastructure Finance","https://iimk.ac.in/uploads/courseDetails/1836039994_2025-05-24_05-58-49.pdf","Campus","","Unknown","INR","60000","3","0.6","","1","","Direct","","Public Policy, Government & Infrastructure","Public policy and governance","Public-private partnerships and infrastructure finance","T11.S01.P05","","Stable","high"
"IIM Kozhikode","iimk","India","Managing Talent & Coaching for High-Performance Leadership","258137815_2025-08-21_12-54-33.pdf","Campus","","C-suite/Senior","INR","150000","4","0.8","","1","","Direct","","Leadership & Executive Capability","Senior and C-suite leadership","Becoming a C-suite officer (role-specific ladders)","T01.S02.P02","T03.S03.P04","Stable","low"
"IIM Kozhikode","iimk","India","Strategic Excellence in the Insurance Sector: Navigating Business Growth & Decision-Making","https://iimk.ac.in/academic-programmes/OPEN-MDP/course-calender","Campus","","Unknown","INR","60000","3","0.6","","1","","Direct","","Finance & Accounting","Risk, treasury and financial regulation","Insurance and actuarial management","T04.S03.P04","T13.S01.P01","Stable","high"
"IIM Kozhikode","iimk","India","Chief Product Officer (CPO) Programme","IIMK CPO_Brochure Batch 4","Blended","","C-suite/Senior","INR","609000","","52.0","","1","","Direct","","Marketing, Sales & Customer","Marketing strategy and brand","Product management and product marketing","T05.S01.P05","T01.S02.P02","Stable","officer-rule"
"IIM Kozhikode","iimk","India","Professional Certificate Programme in Advanced Data Analytics for Managers","IIMK-DTAI_Brochure_B2C_FY25Q3","Blended","","Mid-career","INR","198500","","43.3","","1","","Direct","","AI, Data & Digital","Data, analytics and decisions","Business analytics for decision-making","T03.S04.P01","","Stable","high"
"IIM Kozhikode","iimk","India","Healthcare Management for Senior Executives","https://iimkozhikode.emeritus.org/professional-certificate-programme-in-public-policy-management?src_trk=em680a3aebd165d2.302877921138128596&utm_campaign=organic&utm_medium=EmWebsite&utm_source=google&_gl=1*1aqqdxi*_gcl_au*MTA2NjM2MDUyNy4xNzQ1NTA3MDc5*_ga*NjQ2NjMxNzg4LjE3NDU1MDExMzM.*_ga_Q6TD6R55VD*czE3NTAzMjQzMjYkbzIyJGcxJHQxNzUwMzI4MjEyJGo2MCRsMCRoMTg2NjIxNjM5MA..","Blended","","Senior","INR","320000","","52.0","","1","","Direct","","Healthcare & Life Sciences","Healthcare management","Healthcare strategy, payers and providers","T12.S01.P02","","Stable","sector-rule"
"IIM Kozhikode","iimk","India","Data Analytics for Business Strategy: Essential Tools and Applications","IIMK Healthcare Management Course | Healthcare Management Program","Blended","","Mixed","INR","210000","","43.3","","1","","Direct","","AI, Data & Digital","Data, analytics and decisions","Business analytics for decision-making","T03.S04.P01","","Stable","high"
"IIM Kozhikode","iimk","India","Professional Certificate Programme in Strategic Competencies for CHROs","IIM K MB Brochure Batch 2","Blended","","Senior","INR","400000","","52.0","","1","","Direct","","People, Talent & Organisation","HR strategy and the CHRO agenda","CHRO and HR leadership","T07.S01.P02","","Stable","high"
"IIM Kozhikode","iimk","India","Art of Business Communication (ABC) for Corporate Professionals","IIMK DMPG Brochure 04 25 Feb 2025","Blended","","C-suite/Senior","INR","280000","","30.3","","1","","Direct","","Leadership & Executive Capability","Senior and C-suite leadership","Becoming a C-suite officer (role-specific ladders)","T01.S02.P02","T03.S03.P04","Stable","low"
"IIM Kozhikode","iimk","India","Professional Certificate Programme in Marketing and Brand Management for New Age Businesses","771159467_2025-05-20_04-41-03.pdf","Blended","","Mixed","INR","250000","","52.0","","1","","Direct","","Marketing, Sales & Customer","Marketing strategy and brand","Brand management and positioning","T05.S01.P02","","Stable","high"
"IIM Kozhikode","iimk","India","Professional Certificate Programme on Strategic Management Programme for CXOs","IIMK_HR Analytics-Domestic","Blended","","C-suite/Senior","INR","490000","","43.3","","1","","Direct","","Leadership & Executive Capability","Senior and C-suite leadership","Becoming a C-suite officer (role-specific ladders)","T01.S02.P02","T03.S03.P04","Stable","high"
"IIM Kozhikode","iimk","India","Post Graduate Certificate In Public Policy Management","https://timespro.com/executive-education/iim-kozhikode-post-graduate-certificate-in-public-policy-management","Blended","","Mixed","INR","350000","","52.0","","1","","Direct","","Public Policy, Government & Infrastructure","Public policy and governance","Public policy design and analysis","T11.S01.P01","","Stable","high"
"IIM Kozhikode","iimk","India","Digital Marketing for Performance & Growth","https://www.jaroeducation.com/professional-certificate-programme-in-digital-marketing-for-performance-growth-iim-kozhikode/","Blended","","Mid-career","INR","180000","","39.0","","1","","Direct","","Marketing, Sales & Customer","Digital growth and performance marketing","Digital marketing and performance media","T05.S02.P01","","Transformed","high"
"IIM Kozhikode","iimk","India","Professional Certificate Programme in Investment Banking","https://www.jaroeducation.com/professional-certificate-programme-in-investment-banking-iim-kozhikode/","Blended","","Mid-career","INR","240000","","43.3","","1","","Direct","","Finance & Accounting","Risk, treasury and financial regulation","Banking strategy and regulation","T04.S03.P03","","Stable","high"
"Indian Institute of Management Lucknow","iiml","India","Masterclass for Procurement Leaders: Navigating the Data, Artificial Intelligence, and Agentic Era","https://www.iiml.ac.in/admission/mdp/mdpCalendar","Campus","","Mixed","INR","66500","3","","","1","Operations Management","Direct","","Leadership & Executive Capability","Leading human-AI organisations","Leading teams that include AI agents","T01.S04.P01","T03.S01.P03","New","high"
"Indian Institute of Management Lucknow","iiml","India","Developing Strategic Mindset for Sales and Marketing Leaders","https://www.iiml.ac.in/admission/mdp/mdpCalendar","Campus","","Mixed","INR","66500","3","","","1","Marketing","Direct","","Strategy","Corporate and competitive strategy","Strategic thinking for executives","T02.S01.P03","","Stable","high"
"Indian Institute of Management Lucknow","iiml","India","Strategic Leadership & Managerial Excellence","https://www.iiml.ac.in/admission/mdp/mdpCalendar","Campus","","Mixed","INR","84000","4","","","1","Strategic Management","Direct","","Strategy","Corporate and competitive strategy","Competitive strategy and advantage","T02.S01.P01","","Stable","low"
"Indian Institute of Management Lucknow","iiml","India","Change Leadership","https://www.iiml.ac.in/admission/mdp/mdpCalendar","Campus","","Mixed","INR","66500","3","0.6","","1","Strategic Management","Direct","","Leadership & Executive Capability","Change, resilience and crisis","Leading change and transformation","T01.S05.P01","T02.S01.P01","Stable","high"
"Indian Institute of Management Lucknow","iiml","India","Managing Digital Transformation: Thriving in the Artificial Intelligence Era","https://www.iiml.ac.in/admission/mdp/mdpCalendar","Campus","","Mixed","INR","96500","5","1.0","","1","Information Technology","Direct","","AI, Data & Digital","Digital transformation","Enterprise digital transformation strategy and roadmaps","T03.S03.P01","","Transformed","high"
"Indian Institute of Management Lucknow","iiml","India","Managing Sales Force and Channel for High Performance","https://www.iiml.ac.in/admission/mdp/mdpCalendar","Campus","","Mixed","INR","77000","3","","","1","Marketing","Direct","","Marketing, Sales & Customer","Sales and go-to-market","Sales leadership and sales force management","T05.S04.P01","T05.S04.P03","Stable","high"
"Indian Institute of Management Lucknow","iiml","India","Reskilling for the Future: Learning and Development in the AI Era","https://www.iiml.ac.in/admission/mdp/mdpCalendar","Campus","","Mixed","INR","66500","3","","","1","Human Resource Management","Direct","","People, Talent & Organisation","Talent, learning and workforce","Learning, development and capability building","T07.S02.P03","T07.S01.P01","Stable","high"
"Indian Institute of Management Lucknow","iiml","India","New Age Data Analytics for Marketing Professionals: From Intuition to Insight","https://www.iiml.ac.in/admission/mdp/mdpCalendar","Campus","","Mixed","INR","66500","3","","","1","Marketing","Direct","","AI, Data & Digital","Data, analytics and decisions","Business analytics for decision-making","T03.S04.P01","","Stable","high"
"Indian Institute of Management Lucknow","iiml","India","Marketing Reimagined with AI (Artificial Intelligence)","https://www.iiml.ac.in/admission/mdp/mdpCalendar","Campus","","Mixed","INR","66500","3","0.6","","1","Marketing","Direct","","Marketing, Sales & Customer","Marketing strategy and brand","Marketing strategy for executives","T05.S01.P01","","Stable","fallback"
"Indian Institute of Management Lucknow","iiml","India","Data-driven Leadership: Marketing analytics for seniors","https://www.iiml.ac.in/admission/mdp/mdpCalendar","Campus","","Mixed","INR","66500","3","0.6","","1","Marketing","Direct","","AI, Data & Digital","Data, analytics and decisions","Business analytics for decision-making","T03.S04.P01","T05.S02.P03","Stable","high"
"Indian Institute of Management Lucknow","iiml","India","Essential Labor Codes for Businesses/MSMEs and Start Ups","https://www.iiml.ac.in/admission/mdp/mdpCalendar","Campus","","Mixed","INR","66500","3","0.6","","1","Legal Management","Direct","","Innovation & Entrepreneurship","Entrepreneurship","Franchising, SME growth and business ownership","T09.S02.P05","","Stable","high"
"Indian Institute of Management Lucknow","iiml","India","Managing Digital Infrastructures in the Age of AI","https://www.iiml.ac.in/admission/mdp/mdpCalendar","Campus","","Mixed","INR","66500","3","","","1","Information Technology","Direct","","AI, Data & Digital","Digital transformation","Enterprise digital transformation strategy and roadmaps","T03.S03.P01","","Transformed","fallback"
"Indian Institute of Management Lucknow","iiml","India","Sales & Distribution Management Excellence in Indian Markets","https://www.iiml.ac.in/admission/mdp/mdpCalendar","Campus","","Mixed","INR","96500","5","1.0","","1","Marketing","Direct","","Marketing, Sales & Customer","Sales and go-to-market","Channel, distribution and route-to-market","T05.S04.P03","","Stable","high"
"Indian Institute of Management Lucknow","iiml","India","AI For Business","https://www.iiml.ac.in/admission/mdp/mdpCalendar","Campus","","Mixed","INR","96500","5","","","1","Information Technology","Direct","","AI, Data & Digital","AI foundations for leaders","AI and machine learning fundamentals for executives","T03.S01.P01","","Transformed","high"
"Indian Institute of Management Lucknow","iiml","India","Managing Performance in New Era","https://www.iiml.ac.in/admission/mdp/mdpCalendar","Campus","","Mixed","INR","77000","3","","","1","Human Resource Management","Direct","","People, Talent & Organisation","HR strategy and the CHRO agenda","Strategic HR and business partnering","T07.S01.P01","","Stable","low"
"Indian Institute of Management Lucknow","iiml","India","Creativity for Organisational Problem Solving and Decision Making","https://www.iiml.ac.in/admission/mdp/mdpCalendar","Campus","","Mixed","INR","96500","5","1.0","","1","Decision Science","Direct","","Personal Effectiveness & Communication","Personal productivity and judgment","Decision-making, biases and behavioural judgment","T14.S02.P01","T14.S02.P02","Stable","high"
"Indian Institute of Management Lucknow","iiml","India","AI-Enabled Product Management and Marketing","https://www.iiml.ac.in/admission/mdp/mdpCalendar","Campus","","Mixed","INR","66500","3","","","1","Marketing","Direct","","Marketing, Sales & Customer","Marketing strategy and brand","Product management and product marketing","T05.S01.P05","T05.S03.P01","Stable","high"
"Indian Institute of Management Lucknow","iiml","India","Managing Stress and Wellbeing","https://www.iiml.ac.in/admission/mdp/mdpCalendar","Campus","","Mixed","INR","66500","3","","","1","Human Resource Management","Direct","","Leadership & Executive Capability","Change, resilience and crisis","Personal resilience, wellbeing and burnout","T01.S05.P03","T07.S01.P01","Stable","high"
"Indian Institute of Management Lucknow","iiml","India","Advancing Inclusion for Organizational Excellence","https://www.iiml.ac.in/admission/mdp/mdpCalendar","Campus","","Mixed","INR","66500","3","","","1","Human Resource Management","Direct","","People, Talent & Organisation","Culture, DEI and organisational behaviour","Diversity, equity and inclusion","T07.S04.P02","T07.S01.P01","Stable","high"
"Indian Institute of Management Lucknow","iiml","India","Operational Excellence in Platforms: Simulate, Scale and Succeed","https://www.iiml.ac.in/admission/mdp/mdpCalendar","Campus","","Mixed","INR","66500","3","","","1","Operations Management","Direct","","Operations, Supply Chain & Quality","Operations management","Operational excellence and process improvement","T06.S01.P01","","Stable","high"
"Indian Institute of Management Lucknow","iiml","India","Workplace Scenarios Mastery Lab","https://www.iiml.ac.in/admission/mdp/mdpCalendar","Campus","","Mixed","INR","66500","3","","","1","Human Resource Management","Direct","","People, Talent & Organisation","HR strategy and the CHRO agenda","Strategic HR and business partnering","T07.S01.P01","","Stable","low"
"Indian Institute of Management Lucknow","iiml","India","Strategic Thinking and Leadership for Competitive Advantage","https://www.iiml.ac.in/admission/mdp/mdpCalendar","Campus","","Mixed","INR","66500","3","","","1","Strategic Management","Direct","","Strategy","Corporate and competitive strategy","Competitive strategy and advantage","T02.S01.P01","T02.S01.P03","Stable","high"
"Indian Institute of Management Lucknow","iiml","India","Leadership Development","https://www.iiml.ac.in/admission/mdp/mdpCalendar","Campus","","Mixed","INR","66500","3","0.6","","1","Strategic Management","Direct","","People, Talent & Organisation","Talent, learning and workforce","Leadership development and succession architecture","T07.S02.P05","T02.S01.P01","Stable","high"
"Indian Institute of Management Lucknow","iiml","India","Digital Transformation and Supply Chain Analytics","https://www.iiml.ac.in/admission/mdp/mdpCalendar","Campus","","Mixed","INR","77000","3","0.6","","1","Operations Management","Direct","","AI, Data & Digital","Digital transformation","Enterprise digital transformation strategy and roadmaps","T03.S03.P01","T06.S02.P01","Transformed","high"
"Indian Institute of Management Lucknow","iiml","India","Leading Strategy and Innovation for Managing Digital Disruption and Sustainability","https://www.iiml.ac.in/admission/mdp/mdpCalendar","Campus","","Mixed","INR","66500","3","","","1","Business Sustainability","Direct","","Sustainability, ESG & Climate","Sustainability strategy","Sustainability and ESG strategy for the enterprise","T10.S01.P01","","Transformed","high"
"Indian Institute of Management Lucknow","iiml","India","Managing Change Negotiations","https://www.iiml.ac.in/admission/mdp/mdpCalendar","Campus","","Mixed","INR","77000","3","","","1","Strategic Management","Direct","","Marketing, Sales & Customer","Sales and go-to-market","Negotiation for commercial outcomes","T05.S04.P05","T02.S01.P01","Stable","high"
"Indian Institute of Management Lucknow","iiml","India","ESG, Carbon Management and Decarbonisation Strategy","https://www.iiml.ac.in/admission/mdp/mdpCalendar","Campus","","Mixed","INR","114000","5","","","1","Business Sustainability","Direct","","Sustainability, ESG & Climate","Sustainability strategy","Net-zero transition and decarbonisation","T10.S01.P02","T10.S01.P01","New","high"
"Indian Institute of Management Lucknow","iiml","India","Executive Public Speaking: High-Impact Communication with Breathwork & Mind Mastery","https://www.iiml.ac.in/admission/mdp/mdpCalendar","Campus; Live Online","","Mixed","INR","96500","5","","","1","Communication","Direct","","Leadership & Executive Capability","Change, resilience and crisis","Personal resilience, wellbeing and burnout","T01.S05.P03","T14.S01.P03","Stable","high"
"Indian Institute of Management Lucknow","iiml","India","Game Theory for Strategic Thinking","https://www.iiml.ac.in/admission/mdp/mdpCalendar","Campus","","Mixed","INR","66500","3","0.6","","1","Decision Science","Direct","","Strategy","Corporate and competitive strategy","Strategic thinking for executives","T02.S01.P03","","Stable","high"
"Indian Institute of Management Lucknow","iiml","India","Understanding Self for Leadership Excellence","https://www.iiml.ac.in/admission/mdp/mdpCalendar","Campus","","Mixed","INR","66500","3","0.6","","1","Human Resource Management","Direct","","People, Talent & Organisation","HR strategy and the CHRO agenda","Strategic HR and business partnering","T07.S01.P01","","Stable","low"
"Indian Institute of Management Lucknow","iiml","India","Strategic Communication for High-Impact Leadership","https://www.iiml.ac.in/admission/mdp/mdpCalendar","Campus","","Mixed","INR","66500","3","","","1","Communication","Direct","","Strategy","Corporate and competitive strategy","Competitive strategy and advantage","T02.S01.P01","","Stable","fallback"
"Indian Institute of Management Lucknow","iiml","India","Managing Channels of Distribution in India: Urban, Rural & Online","https://www.iiml.ac.in/admission/mdp/mdpCalendar","Campus","","Mixed","INR","96500","5","1.0","","1","Marketing","Direct","","Marketing, Sales & Customer","Sales and go-to-market","Channel, distribution and route-to-market","T05.S04.P03","T11.S02.P01","Stable","high"
"Indian Institute of Management Lucknow","iiml","India","Mastering Leadership Communication: Critical Thinking & Meditative Mind Management","https://www.iiml.ac.in/admission/mdp/mdpCalendar","Campus; Live Online","","Mixed","INR","84000","","1","","1","Communication","Direct","","Personal Effectiveness & Communication","Personal productivity and judgment","Critical thinking and problem solving","T14.S02.P02","","Stable","high"
"Indian Institute of Management Lucknow","iiml","India","Data Science and Big Data Analytics","https://www.iiml.ac.in/admission/mdp/mdpCalendar","Campus","","Mixed","INR","96500","5","","","1","Decision Science","Direct","","AI, Data & Digital","Data, analytics and decisions","Data science and applied statistics for managers","T03.S04.P02","","Stable","high"
"Indian Institute of Management Lucknow","iiml","India","High Impact Leadership","https://www.iiml.ac.in/admission/mdp/mdpCalendar","Campus","","Mixed","INR","66500","3","0.6","","1","Strategic Management","Direct","","Strategy","Corporate and competitive strategy","Competitive strategy and advantage","T02.S01.P01","","Stable","low"
"Indian Institute of Management Lucknow","iiml","India","Negotiation & Persuasion","https://www.iiml.ac.in/admission/mdp/mdpCalendar","Campus","","Mixed","INR","66500","3","0.6","","1","Strategic Management","Direct","","Marketing, Sales & Customer","Sales and go-to-market","Negotiation for commercial outcomes","T05.S04.P05","T02.S01.P01","Stable","high"
"Indian Institute of Management Lucknow","iiml","India","Mergers and Acquisitions Strategy","https://www.iiml.ac.in/admission/mdp/mdpCalendar","Campus","","Mixed","INR","84000","4","","","1","Finance & Accounting","Direct","","Strategy","M&A and corporate development","M&A strategy and deal rationale","T02.S05.P01","T04.S01.P02","Stable","high"
"Indian Institute of Management Lucknow","iiml","India","Digital Transformation in Healthcare","https://www.iiml.ac.in/admission/mdp/mdpCalendar","Campus","","Mixed","INR","77000","3","0.6","","1","Information Technology","Direct","","Healthcare & Life Sciences","Healthcare management","Healthcare strategy, payers and providers","T12.S01.P02","","Stable","sector-rule"
"Indian Institute of Management Lucknow","iiml","India","Analytics for Effective Marketing Decision","https://www.iiml.ac.in/admission/mdp/mdpCalendar","Campus","","Mixed","INR","77000","3","","","1","Marketing","Direct","","AI, Data & Digital","Data, analytics and decisions","Business analytics for decision-making","T03.S04.P01","","Stable","high"
"Indian Institute of Management Lucknow","iiml","India","Climate Risk and Sustainable Finance","https://www.iiml.ac.in/admission/mdp/mdpCalendar","Campus","","Mixed","INR","77000","3","","","1","Business Sustainability","Direct","","Sustainability, ESG & Climate","Sustainability strategy","Sustainable finance, green bonds and climate risk in finance","T10.S01.P04","T10.S01.P01","Transformed","high"
"Indian Institute of Management Lucknow","iiml","India","Building a Strategic Mindset","https://www.iiml.ac.in/admission/mdp/mdpCalendar","Campus","","Mixed","INR","66500","3","","","1","Strategic Management","Direct","","Strategy","Corporate and competitive strategy","Strategic thinking for executives","T02.S01.P03","T02.S01.P01","Stable","high"
"Indian Institute of Management Lucknow","iiml","India","Agri-input Marketing Strategies","https://www.iiml.ac.in/admission/mdp/mdpCalendar","Campus","","Mixed","INR","96500","5","1.0","","1","Agri-Business Management","Direct","","Marketing, Sales & Customer","Marketing strategy and brand","Marketing strategy for executives","T05.S01.P01","","Stable","fallback"
"Indian Institute of Management Lucknow","iiml","India","Fixed Income: Analytics and Trading","https://www.iiml.ac.in/admission/mdp/mdpCalendar","Campus","","Mixed","INR","66500","3","","","1","Decision Science","Direct","","AI, Data & Digital","Data, analytics and decisions","Business analytics for decision-making","T03.S04.P01","","Stable","fallback"
"Indian Institute of Management Lucknow","iiml","India","Project Management","https://www.iiml.ac.in/admission/mdp/mdpCalendar","Campus","","Mixed","INR","96500","5","1.0","","1","Operations Management","Direct","","Operations, Supply Chain & Quality","Operations management","Project management","T06.S01.P05","T06.S01.P01","Stable","high"
"Indian Institute of Management Lucknow","iiml","India","Strategic Leadership in Uncertain Environments","https://www.iiml.ac.in/admission/mdp/mdpCalendar","Campus","","Mixed","INR","96500","5","1.0","","1","Strategic Management","Direct","","Strategy","Corporate and competitive strategy","Competitive strategy and advantage","T02.S01.P01","","Stable","low"
"Indian Institute of Management Lucknow","iiml","India","Managerial Decision Making under Uncertain Business Environment","https://www.iiml.ac.in/admission/mdp/mdpCalendar","Campus","","Mixed","INR","96500","5","","","1","Decision Science","Direct","","Leadership & Executive Capability","Leading human-AI organisations","Redesigning managerial work around AI","T01.S04.P02","T03.S04.P06","New","high"
"Indian Institute of Management Lucknow","iiml","India","Strategic Human Resource Management","https://www.iiml.ac.in/admission/mdp/mdpCalendar","Campus","","Mixed","INR","66500","3","0.6","","1","Human Resource Management","Direct","","People, Talent & Organisation","HR strategy and the CHRO agenda","Strategic HR and business partnering","T07.S01.P01","","Stable","high"
"Indian Institute of Management Lucknow","iiml","India","Presence: The Strategic Imperative for Women Leaders","https://www.iiml.ac.in/admission/mdp/mdpCalendar","Campus","","Mixed","INR","66500","3","","","1","Human Resource Management","Direct","","People, Talent & Organisation","Culture, DEI and organisational behaviour","Women's leadership and gender in the workplace","T07.S04.P03","T07.S01.P01","Stable","high"
"Indian Institute of Management Lucknow","iiml","India","Design Thinking for Customer Centric Business Innovation","https://www.iiml.ac.in/admission/mdp/mdpCalendar","Campus","","Mixed","INR","96500","5","","","1","Decision Science","Direct","","Innovation & Entrepreneurship","Innovation management","Design thinking and human-centred design","T09.S01.P02","","Stable","high"
"Indian Institute of Management Lucknow","iiml","India","Leadership Effectiveness Through Emotional Intelligence","https://www.iiml.ac.in/admission/mdp/mdpCalendar","Campus","","Mixed","INR","66500","3","","","1","Human Resource Management","Direct","","Personal Effectiveness & Communication","Personal productivity and judgment","Emotional intelligence and self-awareness","T14.S02.P05","T07.S01.P01","Stable","high"
"Indian Institute of Management Lucknow","iiml","India","Managing Finance for Family Owned Business & Early-Stage Enterprises: What it takes to reach to the next level","https://www.iiml.ac.in/admission/mdp/mdpCalendar","Campus","","Mixed","INR","77000","3","","","1","Finance & Accounting","Direct","","Finance & Accounting","Finance for executives","Financial statement analysis and accounting for decisions","T04.S01.P02","","Stable","low"
"Indian Institute of Management Lucknow","iiml","India","Leading Family Enterprises: Managing Growth and Transformation","https://www.iiml.ac.in/admission/mdp/mdpCalendar","Campus","","Mixed","INR","96500","5","1.0","","1","Strategic Management","Direct","","Innovation & Entrepreneurship","Entrepreneurship","Family business succession and next-generation owners","T09.S02.P03","T02.S01.P01","Stable","high"
"Indian Institute of Management Lucknow","iiml","India","HRM Strategies in Times of AI","https://www.iiml.ac.in/admission/mdp/mdpCalendar","Blended","","Mixed","INR","182000","","9","","1","Human Resource Management","Direct","","People, Talent & Organisation","HR strategy and the CHRO agenda","Strategic HR and business partnering","T07.S01.P01","","Stable","low"
"Indian Institute of Management Lucknow","iiml","India","Effective Decision making with HR Analytics","https://www.iiml.ac.in/admission/mdp/mdpCalendar","Campus","","Mixed","INR","77000","3","","","1","Human Resource Management","Direct","","People, Talent & Organisation","People analytics and AI in HR","People analytics and HR data","T07.S03.P01","T14.S02.P01","Transformed","high"
"Indian Institute of Management Lucknow","iiml","India","Design Thinking for Strategy and Innovation","https://www.iiml.ac.in/admission/mdp/mdpCalendar","Campus","","Mixed","INR","84000","4","0.8","","1","Decision Science","Direct","","Innovation & Entrepreneurship","Innovation management","Design thinking and human-centred design","T09.S01.P02","","Stable","high"
"Indian Institute of Management Lucknow","iiml","India","Coaching and Mentoring for Effective Leadership","https://www.iiml.ac.in/admission/mdp/mdpCalendar","Campus","","Mixed","INR","66500","3","0.6","","1","Human Resource Management","Direct","","People, Talent & Organisation","HR strategy and the CHRO agenda","Strategic HR and business partnering","T07.S01.P01","","Stable","low"
"Indian Institute of Management Lucknow","iiml","India","Customer Relationship Management, Emerging Concepts, Strategy and Tools","https://www.iiml.ac.in/admission/mdp/mdpCalendar","Campus","","Mixed","INR","77000","3","0.6","","1","Marketing","Direct","","Strategy","Corporate and competitive strategy","Competitive strategy and advantage","T02.S01.P01","","Stable","fallback"
"Indian Institute of Management Lucknow","iiml","India","Finance for Non-Finance Executives","https://www.iiml.ac.in/admission/mdp/mdpCalendar","Campus","","Mixed","INR","96500","5","1.0","","1","Finance & Accounting","Direct","","Finance & Accounting","Finance for executives","Finance for non-finance managers","T04.S01.P01","T04.S01.P02","Stable","high"
"Indian Institute of Management Lucknow","iiml","India","HRM Strategies for the New Era","https://www.iiml.ac.in/admission/mdp/mdpCalendar","Campus","","Mixed","INR","77000","3","0.6","","1","Human Resource Management","Direct","","People, Talent & Organisation","HR strategy and the CHRO agenda","Strategic HR and business partnering","T07.S01.P01","","Stable","low"
"Indian Institute of Management Lucknow","iiml","India","Creativity and Design Thinking for Problem Solving","https://www.iiml.ac.in/admission/mdp/mdpCalendar","Campus","","Mixed","INR","96500","5","","","1","Decision Science","Direct","","Innovation & Entrepreneurship","Innovation management","Design thinking and human-centred design","T09.S01.P02","T14.S02.P02","Stable","high"
"Indian Institute of Management Lucknow","iiml","India","Agricultural Risk Management: Products, Mechanisms, and Applications","https://www.iiml.ac.in/admission/mdp/mdpCalendar","Campus","","Mixed","INR","66500","3","0.6","","1","Agri-Business Management","Direct","","Public Policy, Government & Infrastructure","Sector and development policy","Agriculture, rural and food systems policy","T11.S02.P02","","Stable","high"
"Indian Institute of Management Lucknow","iiml","India","Executive Management Programme in People Leadership & Strategic HR Management (Batch 04)","https://imarticus.org/people-leadership-and-strategic-hr-management-program-iim-lucknow/","Live Online","Imarticus","Mid-career","INR","311000","","43","","1","Online Learning Programmes","Partner","(P)","People, Talent & Organisation","HR strategy and the CHRO agenda","Strategic HR and business partnering","T07.S01.P01","T07.S01.P02","Stable","high"
"Indian Institute of Management Lucknow","iiml","India","Advanced Programme in Human Resource Management (APHRM) (Batch 12)","https://iiml.emeritus.org/iiml-advanced-programme-in-human-resource-management/","Live Online","Emeritus","Mid-career","INR","240000","","43","","1","Online Learning Programmes","Partner","(P)","People, Talent & Organisation","HR strategy and the CHRO agenda","Strategic HR and business partnering","T07.S01.P01","","Stable","high"
"Indian Institute of Management Lucknow","iiml","India","Executive Programme in HR Analytics (EPHRA) (Batch 05)","https://vcnow.in/IIML-hr-analytics-program-online/","Live Online","VCNow","Mid-career","INR","172000","","26","","1","Online Learning Programmes","Partner","(P)","People, Talent & Organisation","People analytics and AI in HR","People analytics and HR data","T07.S03.P01","","Transformed","high"
"Indian Institute of Management Lucknow","iiml","India","Executive Certificate Programme in Leadership and Change Management (Batch 04)","https://iimmanagementcourse.com/iim-lucknow-executive-certificate-program-in-leadership-and-change-management/","Live Online","TimesPro","Mid-career","INR","225000","","48","","1","Online Learning Programmes","Partner","(P)","Leadership & Executive Capability","Change, resilience and crisis","Leading change and transformation","T01.S05.P01","T01.S02.P02","Stable","high"
"Indian Institute of Management Lucknow","iiml","India","Executive Programme in Data Science and AI for Managers (Batch 10)","https://iimlucknow.emeritus.org/iiml-executive-programme-in-data-science","Live Online","Emeritus","Mid-career","INR","250000","","39","","1","Online Learning Programmes","Partner","(P)","Leadership & Executive Capability","Leading human-AI organisations","Redesigning managerial work around AI","T01.S04.P02","T03.S04.P02","New","high"
"Indian Institute of Management Lucknow","iiml","India","Venture Capital & Private Equity (VCPE) Programme (Batch 02)","https://iimlucknow.emeritus.org/iiml-venture-capital-and-private-equity-programme","Live Online","Emeritus","Mid-career","INR","320000","","39","","1","Online Learning Programmes","Partner","(P)","Finance & Accounting","Investment and capital markets","Private equity and venture capital","T04.S02.P02","T14.S02.P05","Stable","high"
"Indian Institute of Management Lucknow","iiml","India","Executive Programme in FinTech, Banking & AI Application (Batch 13)","https://iimlucknow.emeritus.org/iiml-executive-programme-in-fintech-banking-applied-risk-management","Live Online","Emeritus","Mid-career","INR","150000","","26","","1","Online Learning Programmes","Partner","(P)","Finance & Accounting","Risk, treasury and financial regulation","Banking strategy and regulation","T04.S03.P03","T04.S04.P01","Stable","high"
"Indian Institute of Management Lucknow","iiml","India","Advanced Management Programme in Financial Services & Capital Markets (Batch 06)","https://imarticus.org/financial-services-capital-markets-management-program-iim-lucknow/","Live Online","Imarticus","Mid-career","INR","298000","","48","","1","Online Learning Programmes","Partner","(P)","Leadership & Executive Capability","Senior and C-suite leadership","CEO / top management leadership","T01.S02.P01","T04.S02.P03","Stable","high"
"Indian Institute of Management Lucknow","iiml","India","Executive Programme in Applied Finance (EPAF) (Batch 04)","https://imarticus.org/executive-programme-in-applied-finance-iim-lucknow/","Live Online","Imarticus","Mid-career","INR","298000","","48","","1","Online Learning Programmes","Partner","(P)","Finance & Accounting","Finance for executives","Finance for non-finance managers","T04.S01.P01","","Stable","fallback"
"Indian Institute of Management Lucknow","iiml","India","Executive Programme in Healthcare Management (EPHM) (Batch 05)","https://iiml.emeritus.org/iiml-executive-programme-in-healthcare-management","Live Online","Emeritus","Mid-career","INR","280000","","48","","1","Online Learning Programmes","Partner","(P)","Healthcare & Life Sciences","Healthcare management","Healthcare strategy, payers and providers","T12.S01.P02","","Stable","sector-rule"
"Indian Institute of Management Lucknow","iiml","India","IIM Lucknow Empower: Leadership Programme for Women Professionals (Batch 01)","https://timespro.com/executive-education/iim-lucknow-empower-leadership-programme-women-professionals","Live Online","TimesPro","Mid-career","INR","252500","","43","Y","1","Online Learning Programmes","Partner","(P)","People, Talent & Organisation","Culture, DEI and organisational behaviour","Women's leadership and gender in the workplace","T07.S04.P03","","Stable","high"
"Indian Institute of Management Lucknow","iiml","India","Senior Management Programme (SMP) (Batch 01)","https://imarticus.org/senior-management-programme-by-iim-lucknow/","Live Online","Imarticus","C-suite/Senior","INR","548000","","48","Y","1","C-Suite Programmes","Partner","(P)","General Management (Integrative)","Comprehensive general management","General management programmes for senior leaders","T15.S01.P01","T01.S02.P02","Stable","high"
"Indian Institute of Management Lucknow","iiml","India","Executive Programme in Strategic Digital Marketing with MarTech & AI","https://imarticus.org/digital-marketing-with-martech-and-ai-program-iim-lucknow/","Live Online","Imarticus","Mid-career","INR","225000","","39","","1","Online Learning Programmes","Partner","(P)","Marketing, Sales & Customer","Digital growth and performance marketing","Digital marketing and performance media","T05.S02.P01","T05.S02.P03","Transformed","high"
"Indian Institute of Management Lucknow","iiml","India","Executive Programme in Data Driven Product Management (Batch 13)","https://iimlucknow.emeritus.org/iiml-executive-programme-in-data-driven-product-management","Live Online","Emeritus","Mid-career","INR","235000","","43","","1","Online Learning Programmes","Partner","(P)","Marketing, Sales & Customer","Marketing strategy and brand","Product management and product marketing","T05.S01.P05","","Stable","high"
"Indian Institute of Management Lucknow","iiml","India","Executive Management Programme in Sales & Marketing Leadership (Batch 11)","https://imarticus.org/executive-program-in-sales-and-marketing-leadership-iim-lucknow/","Live Online","Imarticus","Mid-career","INR","343500","","39","","1","Online Learning Programmes","Partner","(P)","Leadership & Executive Capability","Foundational leadership","Transition to leadership / first-time manager","T01.S01.P01","","Stable","low"
"Indian Institute of Management Lucknow","iiml","India","Strategic Operations and Supply Chain Analytics with AI (Batch 9)","https://iimlucknow.emeritus.org/iiml-executive-programme-in-strategic-operations-management-supply-chain-analytics","Live Online","Emeritus","Mid-career","INR","230000","","43","","1","Online Learning Programmes","Partner","(P)","Operations, Supply Chain & Quality","Supply chain and logistics","Supply chain strategy and design","T06.S02.P01","T06.S02.P06","Stable","high"
"Indian Institute of Management Lucknow","iiml","India","Executive Programme in Strategic Project Management & Leadership (Batch 7)","https://accredian.com/programs/iiml-executive-program-in-strategic-project-management-leadership","Live Online","Accredian","Mid-career","INR","242500","","43","","1","Online Learning Programmes","Partner","(P)","Operations, Supply Chain & Quality","Operations management","Project management","T06.S01.P05","","Stable","high"
"Indian Institute of Management Lucknow","iiml","India","IIML Digital Transformation and AI for Business Leaders (Batch 6)","https://iimlucknow.emeritus.org/iiml-digital-transformation-and-ai-for-business-leaders","Live Online","Emeritus","C-suite/Senior","INR","318000","","48","","1","C-Suite Programmes","Partner","(P)","AI, Data & Digital","AI foundations for leaders","AI and machine learning fundamentals for executives","T03.S01.P01","T03.S03.P01","Transformed","high"
"Indian Institute of Management Lucknow","iiml","India","Executive Programme in Artificial Intelligence for Business (Batch 06)","https://imarticus.org/executive-programme-in-ai-for-business-iim-lucknow/","Live Online","Imarticus","Mid-career","INR","318300","","39","","1","Online Learning Programmes","Partner","(P)","AI, Data & Digital","Digital transformation","Enterprise digital transformation strategy and roadmaps","T03.S03.P01","","Transformed","fallback"
"Indian Institute of Management Lucknow","iiml","India","Chief Executive Officer (CEO) Programme (Batch 07)","https://iimlucknow.emeritus.org/iiml-chief-executive-officer-programme","Live Online","Emeritus","C-suite/Senior","INR","620000","","43","","1","C-Suite Programmes","Partner","(P)","Leadership & Executive Capability","Senior and C-suite leadership","CEO / top management leadership","T01.S02.P01","T01.S02.P02","Stable","officer-rule"
"Indian Institute of Management Lucknow","iiml","India","Chief Operating and Transformation Officer (COTO) Programme (Batch 9)","https://iimlucknow.emeritus.org/iiml-chief-operating-officer-programme","Live Online","Emeritus","C-suite/Senior","INR","450000","","43","","1","C-Suite Programmes","Partner","(P)","Operations, Supply Chain & Quality","Operations management","Operational excellence and process improvement","T06.S01.P01","T01.S02.P02","Stable","officer-rule"
"Indian Institute of Management Lucknow","iiml","India","Chief Technology and AI Officer (CTAIO) Programme (Batch 05)","https://iimlucknow.emeritus.org/iiml-chief-technology-officer-programme","Live Online","Emeritus","C-suite/Senior","INR","535000","","43","","1","C-Suite Programmes","Partner","(P)","Strategy","AI-era strategy","AI strategy for the enterprise","T02.S03.P01","T03.S02.P01","New","officer-rule"
"Indian Institute of Management Lucknow","iiml","India","Chief Human Resources Officer (CHRO) Programme (Batch 04)","https://www.iiml.ac.in/executive-education","Live Online","Emeritus","C-suite/Senior","INR","400000","","43","","1","C-Suite Programmes","Partner","(P)","People, Talent & Organisation","HR strategy and the CHRO agenda","CHRO and HR leadership","T07.S01.P02","T01.S02.P02","Stable","officer-rule"
"Indian Institute of Management Lucknow","iiml","India","Global Senior Leadership Programme - COO specialisation (GSLP COO) (Batch 04)","https://imarticus.org/chief-operations-officer-specialisation-gslp-iim-lucknow/","Live Online","Imarticus","C-suite/Senior","INR","450000","","26","","1","C-Suite Programmes","Partner","(P)","Operations, Supply Chain & Quality","Operations management","Operational excellence and process improvement","T06.S01.P01","T01.S02.P02","Stable","officer-rule"
"Indian Institute of Management Lucknow","iiml","India","Global Senior Leadership Programme - CFO specialisation (GSLP CFO) (Batch 04)","https://imarticus.org/chief-finance-officer-specialisation-gslp-iim-lucknow/","Live Online","Imarticus","C-suite/Senior","INR","450000","","26","","1","C-Suite Programmes","Partner","(P)","Finance & Accounting","Finance for executives","Corporate finance and capital allocation","T04.S01.P03","T01.S02.P02","Stable","officer-rule"
"Indian Institute of Management Lucknow","iiml","India","Global Senior Leadership Programme - CHRO specialisation (GSLP CHRO) (Batch 04)","https://imarticus.org/chief-human-resource-officer-specialisation-gslp-iim-lucknow/","Live Online","Imarticus","C-suite/Senior","INR","450000","","26","","1","C-Suite Programmes","Partner","(P)","People, Talent & Organisation","HR strategy and the CHRO agenda","CHRO and HR leadership","T07.S01.P02","T01.S02.P02","Stable","officer-rule"
"Indian Institute of Management Lucknow","iiml","India","Chief Strategy Officer Programme (CSO) (Batch 11)","https://timespro.com/executive-education/iim-lucknow-chief-strategy-officer-programme","Live Online","TimesPro","C-suite/Senior","INR","400500","","43","","1","C-Suite Programmes","Partner","(P)","Strategy","Corporate and competitive strategy","Corporate strategy, portfolio and diversification","T02.S01.P02","T01.S02.P02","Stable","officer-rule"
"Indian Institute of Management Lucknow","iiml","India","Chief Digital & AI Officer Programme (CDAIO)","https://accredian.com/programs/iiml-chief-digital-ai-officer-programme-the-cdaio-program","Live Online","Accredian","C-suite/Senior","INR","452500","","48","","1","C-Suite Programmes","Partner","(P)","AI, Data & Digital","Digital transformation","Enterprise digital transformation strategy and roadmaps","T03.S03.P01","T03.S02.P01","Transformed","officer-rule"
"Indian Institute of Management Lucknow","iiml","India","Chief Revenue Officer (CRO) Programme (Batch 01)","https://iimlucknow.emeritus.org/iiml-chief-revenue-officer-programme","Live Online","Emeritus","C-suite/Senior","INR","400000","","43","Y","1","C-Suite Programmes","Partner","(P)","Marketing, Sales & Customer","Sales and go-to-market","Sales leadership and sales force management","T05.S04.P01","T01.S02.P02","Stable","officer-rule"
"Indian Institute of Management Lucknow","iiml","India","Senior Leadership Programme (SLP) (Batch 11)","https://iiml.emeritus.org/iiml-senior-leadership-programme/","Live Online","Emeritus","C-suite/Senior","INR","550000","","43","","1","C-Suite Programmes","Partner","(P)","Leadership & Executive Capability","Senior and C-suite leadership","Becoming a C-suite officer (role-specific ladders)","T01.S02.P02","T03.S03.P04","Stable","low"
"Indian Institute of Management Lucknow","iiml","India","Chief Financial Officer (CFO) Programme","https://timespro.com/executive-education/iim-lucknow-chief-financial-officer-programme","Live Online","TimesPro","C-suite/Senior","INR","402500","","43","","1","C-Suite Programmes","Partner","(P)","Finance & Accounting","Finance for executives","Corporate finance and capital allocation","T04.S01.P03","T01.S02.P02","Stable","officer-rule"
"Indian Institute of Management Lucknow","iiml","India","Global Senior Leadership Programme (GSLP) (Batch 04)","https://imarticus.org/global-senior-leadership-programme-iim-lucknow/","Live Online","Imarticus","C-suite/Senior","INR","625000","","48","","1","C-Suite Programmes","Partner","(P)","Leadership & Executive Capability","Senior and C-suite leadership","Becoming a C-suite officer (role-specific ladders)","T01.S02.P02","T03.S03.P04","Stable","low"
"Indian Institute of Management Lucknow","iiml","India","Executive General Management Programme (EGMP) (Batch 03)","https://iiml.ac.in/egmp-programmes","Blended","","Mid-career","INR","450000","","52","","1","Special Programmes","Direct","","Leadership & Executive Capability","Senior and C-suite leadership","Leading the enterprise / enterprise-wide leadership","T01.S02.P03","T15.S01.P01","Stable","high"
"Indian Institute of Management Lucknow","iiml","India","IIM Lucknow Executive Programme in Business Analytics","https://www.shiksha.com/college/timespro-jogeshwari-east-mumbai-36985/course-online-iim-lucknow-executive-programme-in-business-analytics-1193903","Live Online","TimesPro","Mid-career","","","","","","1","Online Learning Programmes","Partner","(P)","AI, Data & Digital","Data, analytics and decisions","Business analytics for decision-making","T03.S04.P01","","Stable","high"
"Indian Institute of Management Lucknow","iiml","India","IIM Lucknow Executive Programme in Advanced General Management","https://www.shiksha.com/college/timespro-jogeshwari-east-mumbai-36985/course-online-iim-lucknow-executive-programme-in-advanced-general-management-1193925","Live Online","TimesPro","Mid-career","","","","","","1","Online Learning Programmes","Partner","(P)","General Management (Integrative)","Comprehensive general management","General management programmes for senior leaders","T15.S01.P01","","Stable","fallback"
"Indian Institute of Management Lucknow","iiml","India","IIM Lucknow Executive Programme in IT Management","https://www.shiksha.com/college/timespro-jogeshwari-east-mumbai-36985/course-online-iim-lucknow-executive-programme-in-it-management-1047975","Live Online","TimesPro","Mid-career","","","","","","1","Online Learning Programmes","Partner","(P)","AI, Data & Digital","Digital transformation","Enterprise digital transformation strategy and roadmaps","T03.S03.P01","","Transformed","fallback"
"Indian Institute of Management Lucknow","iiml","India","IIM Lucknow General Management Programme for IT Professionals","https://www.shiksha.com/college/timespro-jogeshwari-east-mumbai-36985/course-online-iim-lucknow-general-management-programme-for-it-professionals-1193923","Live Online","TimesPro","Mid-career","","","","","","1","Online Learning Programmes","Partner","(P)","General Management (Integrative)","Comprehensive general management","General management programmes for senior leaders","T15.S01.P01","T01.S02.P03","Stable","high"
"Indian Institute of Management Lucknow","iiml","India","IIM Lucknow Executive Programme in Sales & Marketing","https://www.shiksha.com/college/timespro-jogeshwari-east-mumbai-36985/course-online-executive-programme-in-sales-marketing-iim-lucknow-1049203","Live Online","TimesPro","Mid-career","","","","","","1","Online Learning Programmes","Partner","(P)","Marketing, Sales & Customer","Sales and go-to-market","Sales leadership and sales force management","T05.S04.P01","","Stable","fallback"
"IIM Lucknow","iiml","India","DEI by Design","https://www.iiml.ac.in/admission/mdp/mdpCalendar","Campus","","Unknown","INR","77000","3","0.6","","1","","Direct","","People, Talent & Organisation","Culture, DEI and organisational behaviour","Diversity, equity and inclusion","T07.S04.P02","","Stable","high"
"IIM Lucknow","iiml","India","Service Operational Excellence in the Analytics Era","https://www.iiml.ac.in/admission/mdp/mdpCalendar","Campus","","Unknown","INR","96500","5","1.0","","1","","Direct","","Operations, Supply Chain & Quality","Operations management","Operational excellence and process improvement","T06.S01.P01","T06.S01.P03","Stable","high"
"IIM Lucknow","iiml","India","Leading Strategy for Managing Digital Disruption and Sustainability","https://www.iiml.ac.in/admission/mdp/mdpCalendar","Campus","","Unknown","INR","66500","3","0.6","","1","","Direct","","Sustainability, ESG & Climate","Sustainability strategy","Sustainability and ESG strategy for the enterprise","T10.S01.P01","","Transformed","high"
"IIM Lucknow","iiml","India","Cybersecurity and Risk Management for Leaders","https://www.iiml.ac.in/admission/mdp/mdpCalendar","Campus","","Unknown","INR","96500","5","1.0","","1","","Direct","","AI, Data & Digital","Cybersecurity and technology risk","Cybersecurity strategy for leaders and boards","T03.S05.P01","","Transformed","high"
"IIM Lucknow","iiml","India","Digital Marketing: Strategy and Application (Online Mode)","https://www.iiml.ac.in/admission/mdp/mdpCalendar","Campus","","Unknown","INR","84000","5","1.0","","1","","Direct","","Marketing, Sales & Customer","Digital growth and performance marketing","Digital marketing and performance media","T05.S02.P01","","Transformed","high"
"IIM Lucknow","iiml","India","Warehousing and Logistics: Data-Driven Decision Making","https://www.iiml.ac.in/admission/mdp/mdpCalendar","Campus","","Unknown","INR","66500","3","0.6","","1","","Direct","","Operations, Supply Chain & Quality","Supply chain and logistics","Logistics, warehousing and distribution networks","T06.S02.P03","T03.S04.P01","Stable","high"
"IIM Lucknow","iiml","India","AI for Managers","https://www.iiml.ac.in/admission/mdp/mdpCalendar","Campus","","Unknown","INR","96500","5","1.0","","1","","Direct","","Leadership & Executive Capability","Leading human-AI organisations","Redesigning managerial work around AI","T01.S04.P02","","New","high"
"IIM Lucknow","iiml","India","Navigating Governance Challenges for Delivering Public Goods","https://www.iiml.ac.in/admission/mdp/mdpCalendar","Campus","","Unknown","INR","66500","3","0.6","","1","","Direct","","Governance, Risk & Legal","Enterprise risk and compliance","Enterprise risk management","T08.S02.P01","","Stable","fallback"
"IIM Lucknow","iiml","India","B2B Marketing Bootcamp: From Basics to Brilliance","https://www.iiml.ac.in/admission/mdp/mdpCalendar","Campus","","Unknown","INR","66500","3","0.6","","1","","Direct","","Marketing, Sales & Customer","Marketing strategy and brand","B2B and industrial marketing","T05.S01.P06","","Stable","high"
"IIM Lucknow","iiml","India","Analytics for Managers: Data Driven Decision Making","https://www.iiml.ac.in/admission/mdp/mdpCalendar","Campus","","Unknown","INR","77000","3","0.6","","1","","Direct","","AI, Data & Digital","Data, analytics and decisions","Business analytics for decision-making","T03.S04.P01","T14.S02.P01","Stable","high"
"IIM Lucknow","iiml","India","Crafting and Delivering Impactful Public Policies","https://www.iiml.ac.in/admission/mdp/mdpCalendar","Campus","","Unknown","INR","66500","3","0.6","","1","","Direct","","Public Policy, Government & Infrastructure","Public policy and governance","Public policy design and analysis","T11.S01.P01","","Stable","fallback"
"IIM Lucknow","iiml","India","Analytics for Leadership","https://www.iiml.ac.in/admission/mdp/mdpCalendar","Campus","","Unknown","INR","66500","3","0.6","","1","","Direct","","AI, Data & Digital","Data, analytics and decisions","Business analytics for decision-making","T03.S04.P01","","Stable","high"
"IIM Lucknow","iiml","India","Marketing Mavericks: Redefining B2B Success","https://www.iiml.ac.in/admission/mdp/mdpCalendar","Campus","","Unknown","INR","66500","3","0.6","","1","","Direct","","Marketing, Sales & Customer","Marketing strategy and brand","B2B and industrial marketing","T05.S01.P06","","Stable","high"
"IIM Lucknow","iiml","India","Content Marketing","https://www.iiml.ac.in/admission/mdp/mdpCalendar","Campus","","Unknown","INR","66500","3","0.6","","1","","Direct","","Marketing, Sales & Customer","Digital growth and performance marketing","Social, content and influencer marketing","T05.S02.P02","","Transformed","high"
"IIM Lucknow","iiml","India","Strategic Thinking and Leadership","https://www.iiml.ac.in/admission/mdp/mdpCalendar","Campus","","Unknown","INR","84000","4","0.8","","1","","Direct","","Strategy","Corporate and competitive strategy","Strategic thinking for executives","T02.S01.P03","","Stable","high"
"IIM Lucknow","iiml","India","Essential Labor Laws for Businesses","https://www.iiml.ac.in/admission/mdp/mdpCalendar","Campus","","Unknown","INR","66500","3","0.6","","1","","Direct","","People, Talent & Organisation","HR strategy and the CHRO agenda","Employee relations, labour law and industrial relations","T07.S01.P03","","Stable","high"
"IIM Lucknow","iiml","India","Marketing for Professional Service Firms","https://www.iiml.ac.in/admission/mdp/mdpCalendar","Campus","","Unknown","INR","66500","3","0.6","","1","","Direct","","Sector-Specific Management","Services and consumer sectors","Professional services and consulting management","T13.S02.P05","","Stable","high"
"IIM Lucknow","iiml","India","Platform Business: Managing New Business Ventures","https://www.iiml.ac.in/admission/mdp/mdpCalendar","Campus","","Unknown","INR","77000","3","0.6","","1","","Direct","","Innovation & Entrepreneurship","Entrepreneurship","Starting and scaling a venture","T09.S02.P01","","Stable","fallback"
"IIM Lucknow","iiml","India","Enhancing Creativity and Problem Solving","https://www.iiml.ac.in/admission/mdp/mdpCalendar","Campus","","Unknown","INR","96500","5","1.0","","1","","Direct","","Personal Effectiveness & Communication","Personal productivity and judgment","Critical thinking and problem solving","T14.S02.P02","","Stable","high"
"IIM Lucknow","iiml","India","Corporate Communication and Image Buliding","https://www.iiml.ac.in/admission/mdp/mdpCalendar","Campus","","Unknown","INR","60000","3","0.6","","1","","Direct","","Personal Effectiveness & Communication","Executive presence and communication","Public speaking, presentation and boardroom communication","T14.S01.P03","","Stable","fallback"
"IIM Lucknow","iiml","India","Marketing and Distribution Excellence for Public Sector","https://www.iiml.ac.in/admission/mdp/mdpCalendar","Campus","","Unknown","INR","60000","3","0.6","","1","","Direct","","Marketing, Sales & Customer","Sales and go-to-market","Channel, distribution and route-to-market","T05.S04.P03","","Stable","high"
"IIM Lucknow","iiml","India","Strategic Management for Leadership Excellence","https://www.iiml.ac.in/admission/mdp/mdpCalendar","Campus","","Unknown","INR","85000","5","1.0","","1","","Direct","","Strategy","Corporate and competitive strategy","Competitive strategy and advantage","T02.S01.P01","","Stable","high"
"IIM Lucknow","iiml","India","Leadership through Literature","https://www.iiml.ac.in/admission/mdp/mdpCalendar","Campus","","Unknown","INR","85000","5","1.0","","1","","Direct","","Leadership & Executive Capability","Foundational leadership","Leadership styles and situational leadership","T01.S01.P05","","Stable","fallback"
"IIM Lucknow","iiml","India","Effective Risk Modelling","https://www.iiml.ac.in/admission/mdp/mdpCalendar","Campus","","Unknown","INR","60000","3","0.6","","1","","Direct","","Governance, Risk & Legal","Enterprise risk and compliance","Enterprise risk management","T08.S02.P01","","Stable","fallback"
"IIM Lucknow","iiml","India","Corporate Governance and Board Effectiveness","https://www.iiml.ac.in/admission/mdp/mdpCalendar","Campus","","Unknown","INR","60000","3","0.6","","1","","Direct","","Governance, Risk & Legal","Board governance","Board effectiveness and director duties","T08.S01.P01","","Stable","high"
"IIM Lucknow","iiml","India","Marketing and Sales Analytics","https://www.iiml.ac.in/admission/mdp/mdpCalendar","Campus","","Unknown","INR","60000","3","0.6","","1","","Direct","","AI, Data & Digital","Data, analytics and decisions","Business analytics for decision-making","T03.S04.P01","","Stable","fallback"
"IIM Lucknow","iiml","India","Understanding Startup Fundraising Valuation and Term Sheets","https://www.iiml.ac.in/admission/mdp/mdpCalendar","Campus","","Unknown","INR","60000","3","0.6","","1","","Direct","","Innovation & Entrepreneurship","Entrepreneurship","Fundraising and investor readiness","T09.S02.P02","T02.S05.P02","Stable","high"
"IIM Lucknow","iiml","India","IIM Lucknow Chief Financial Officer Programme - Batch 08","https://timespro.com/executive-education/iim-lucknow-chief-financial-officer-programme","Blended","","C-suite/Senior","INR","437500","","43.3","","1","","Direct","","Finance & Accounting","Finance for executives","Corporate finance and capital allocation","T04.S01.P03","T01.S02.P02","Stable","officer-rule"
"IIM Lucknow","iiml","India","IIM Lucknow Chief Strategy Officer Programme -Batch-10","https://timespro.com/executive-education/iim-lucknow-chief-strategy-officer-programme","Blended","","C-suite/Senior","INR","398000","","43.3","","1","","Direct","","Strategy","Corporate and competitive strategy","Corporate strategy, portfolio and diversification","T02.S01.P02","T01.S02.P02","Stable","officer-rule"
"IIM Lucknow","iiml","India","IIM Lucknow Chief Operations Officer Programme","https://iimlucknow.emeritus.org/iiml-chief-operating-officer-programme?utm_source=iiml&utm_campaign=school_website&utm_medium=website","Blended","","C-suite/Senior","INR","570500","","47.6","","1","","Direct","","Operations, Supply Chain & Quality","Operations management","Operational excellence and process improvement","T06.S01.P01","T01.S02.P02","Stable","officer-rule"
"IIM Lucknow","iiml","India","IIM Lucknow Chief Executive Programme Batch-03","https://iimlucknow.emeritus.org/iiml-chief-executive-officer-programme?utm_source=iiml&utm_campaign=school_website&utm_medium=website","Blended","","C-suite/Senior","INR","600000","","43.3","","1","","Direct","","Leadership & Executive Capability","Senior and C-suite leadership","CEO / top management leadership","T01.S02.P01","T01.S02.P02","Stable","high"
"IIM Lucknow","iiml","India","IIM Lucknow Chief Technology Officer","https://iimlucknow.emeritus.org/iiml-chief-technology-officer-programme?utm_source=iiml&utm_campaign=school_website&utm_medium=website","Blended","","C-suite/Senior","INR","510000","","43.3","","1","","Direct","","AI, Data & Digital","Digital transformation","Enterprise digital transformation strategy and roadmaps","T03.S03.P01","T01.S02.P02","Transformed","officer-rule"
"IIM Lucknow","iiml","India","Advanced Certification Programme in Design Thinking and Innovation Management for Leaders","https://www.iiml.ac.in/executive-education","Unknown","","Unknown","INR","200000","","26.0","","1","","Direct","","Innovation & Entrepreneurship","Innovation management","Innovation strategy and portfolio","T09.S01.P01","T09.S01.P02","Stable","high"
"IIM Lucknow","iiml","India","Executive Programme in Strategic Management - Batch -06","https://iimlucknow.emeritus.org/iiml-executive-programme-in-strategic-management?utm_source=iiml&utm_campaign=school_website&utm_medium=website","Blended","","Mid-career","INR","156000","","30.3","","1","","Direct","","Strategy","Corporate and competitive strategy","Competitive strategy and advantage","T02.S01.P01","T01.S01.P03","Stable","high"
"IIM Lucknow","iiml","India","Advanced Program in Strategic Management for Business Excellence Batch-05","https://www.iiml.ac.in/executive-education","Unknown","","Unknown","INR","312000","","39.0","","1","","Direct","","Strategy","Corporate and competitive strategy","Competitive strategy and advantage","T02.S01.P01","","Stable","high"
"IIM Lucknow","iiml","India","Executive Programme in strategic Operations Management & Supply Chain Analytics - Batch-07","https://iimlucknow.emeritus.org/iiml-executive-programme-in-strategic-operations-management-supply-chain-analytics?utm_source=iiml&utm_campaign=school_website&utm_medium=website","Blended","","Mid-career","INR","250000","","43.3","","1","","Direct","","Operations, Supply Chain & Quality","Operations management","Operational excellence and process improvement","T06.S01.P01","T06.S02.P01","Stable","high"
"IIM Lucknow","iiml","India","Executive Programme in Project Management -Batch-06","https://iimlucknow.emeritus.org/iiml-executive-programme-in-project-management?utm_source=iiml&utm_campaign=school_website&utm_medium=website","Blended","","Mid-career","INR","215000","","39.0","","1","","Direct","","Operations, Supply Chain & Quality","Operations management","Project management","T06.S01.P05","","Stable","high"
"IIM Lucknow","iiml","India","Executive Programme in Supply Chain Management during Uncertain Times Batch-04","https://www.iiml.ac.in/executive-education","Unknown","","Unknown","INR","218000","","39.0","","1","","Direct","","Operations, Supply Chain & Quality","Supply chain and logistics","Supply chain strategy and design","T06.S02.P01","","Stable","high"
"IIM Lucknow","iiml","India","Executive Programme in Sales and Marketing Batch-05","https://talentsprint.com/course/sales-and-marketing-iim-lucknow?utm_source=partner_referral&utm_medium=website_banner&utm_campaign=iiml-epsm-partner_referral-awareness-partner_website_visitors&utm_content=iiml-epsm-partner_referral-website_banner","Blended","","Mid-career","INR","300000","","43.3","","1","","Direct","","Marketing, Sales & Customer","Sales and go-to-market","Sales leadership and sales force management","T05.S04.P01","","Stable","fallback"
"IIM Lucknow","iiml","India","Advanced Programme for Senior Marketing Professionals Batch-2","https://timespro.com/executive-education/iim-lucknow-advanced-programme-for-senior-marketing-professionals?action=apply_now&programNo=P-00543","Blended","","Mid-career","INR","259000","","47.6","","1","","Direct","","Marketing, Sales & Customer","Marketing strategy and brand","Marketing strategy for executives","T05.S01.P01","","Stable","fallback"
"IIM Lucknow","iiml","India","IIM Lucknow Executive Programme in Healthcare Management - Batch-03","https://iiml.emeritus.org/iiml-executive-programme-in-healthcare-management/index.php?utm_source=iiml&utm_campaign=school_website&utm_medium=website","Blended","","Mixed","INR","319000","","47.6","","1","","Direct","","Healthcare & Life Sciences","Healthcare management","Healthcare strategy, payers and providers","T12.S01.P02","","Stable","sector-rule"
"IIM Lucknow","iiml","India","Executive Programme in Business Management","https://verandahighered.com/executive-programme-in-business-management-iim-lucknow-lp?utm_source=IIML_web&utm_medium=website&utm_campaign=IIML-BM-012","Campus","","Mid-career","INR","299500","","34.6","","1","","Direct","","UNCLASSIFIED","","","","","","none"
"IIM Lucknow","iiml","India","Advanced Program in Leadership in the Digital Era Batch -04","https://iimlucknow.verandahighered.com/advanced-leadership-program","Blended","","C-suite/Senior","INR","323500","","43.3","","1","","Direct","","Leadership & Executive Capability","Senior and C-suite leadership","Becoming a C-suite officer (role-specific ladders)","T01.S02.P02","T03.S03.P04","Stable","low"
"IIM Lucknow","iiml","India","Executive Programme in FinTech,Banking & Applied Risk Management Batch-11","https://iimlucknow.emeritus.org/iiml-executive-programme-in-fintech-banking-applied-risk-management?utm_source=xlri&utm_campaign=school_website&utm_medium=website","Blended","","Mid-career","INR","250000","","43.3","","1","","Direct","","Finance & Accounting","Risk, treasury and financial regulation","Banking strategy and regulation","T04.S03.P03","T04.S04.P01","Stable","high"
"IIM Lucknow","iiml","India","Executive Programme in Corporate and Investment Banking Batch-01","https://imarticus.org/executive-programme-in-corporate-and-investment-banking-iim-lucknow/","Blended","","Mixed","INR","325000","","47.6","","1","","Direct","","Finance & Accounting","Risk, treasury and financial regulation","Banking strategy and regulation","T04.S03.P03","","Stable","high"
"IIM Lucknow","iiml","India","Executive Program in Strategic Finance for CFO and FP&A Leaders -Batch-7","","Unknown","","Unknown","INR","279000","","39.0","","1","","Direct","","Finance & Accounting","Finance for executives","Corporate finance and capital allocation","T04.S01.P03","T01.S02.P02","Stable","officer-rule"
"IIM Lucknow","iiml","India","Nurturing Future Leadership Program : Malaviya Mission Teacher Training Programme -Batch -7","https://www.iiml.ac.in/sites/default/files/2025-06/NFLP%20Batch%207%20July%2028%20-%20August%2001,%202025_compressed.pdf","Unknown","","Unknown","","","","","","1","","Direct","","Leadership & Executive Capability","Foundational leadership","Leadership styles and situational leadership","T01.S01.P05","","Stable","fallback"
"IIM Lucknow","iiml","India","Advanced Program for Public Human Resource Management","https://iiml.ac.in/sites/default/files/2025-05/APPHRM%20Group%20A%20GoI%20September%207,%202025.pdf","Blended","","Unknown","INR","375000","","47.6","","1","","Direct","","People, Talent & Organisation","HR strategy and the CHRO agenda","Strategic HR and business partnering","T07.S01.P01","","Stable","high"
"IIM Lucknow","iiml","India","Senior Leadership Programme for Group ""A"" Gol Officers","https://iiml.ac.in/sites/default/files/2025-05/SLP%20For%20Group%20A%20GOI%20Final%20Brochure.pdf","Blended","","C-suite/Senior","INR","480000","","47.6","","1","","Direct","","Leadership & Executive Capability","Senior and C-suite leadership","Becoming a C-suite officer (role-specific ladders)","T01.S02.P02","T03.S03.P04","Stable","low"
"IIM Lucknow","iiml","India","IIML -Wiley Executive Programme on Business and Data Analytics","Long Duration Blended Programs | Official Website of Indian Institute of Management,Lucknow","Unknown","","Unknown","","","","","","1","","Direct","","AI, Data & Digital","Data, analytics and decisions","Business analytics for decision-making","T03.S04.P01","","Stable","fallback"
"IIM Lucknow","iiml","India","GMP for Defence Officers (DGMP)","Long Duration Blended Programs | Official Website of Indian Institute of Management,Lucknow","Unknown","","Unknown","","","","","","1","","Direct","","Public Policy, Government & Infrastructure","Sector and development policy","Defence, security and strategic affairs","T11.S02.P04","","Stable","high"
"IIM Lucknow","iiml","India","Executive Programme in Data Science (EPDS)","Long Duration Blended Programs | Official Website of Indian Institute of Management,Lucknow","Unknown","","Unknown","","","","","","1","","Direct","","AI, Data & Digital","Data, analytics and decisions","Data science and applied statistics for managers","T03.S04.P02","","Stable","high"
"IIM Lucknow","iiml","India","Advanced Program in Integrated Marketing Strategy (APIMS)","Long Duration Blended Programs | Official Website of Indian Institute of Management,Lucknow","Unknown","","Unknown","","","","","","1","","Direct","","Marketing, Sales & Customer","Marketing strategy and brand","Marketing strategy for executives","T05.S01.P01","","Stable","high"
"IIM Lucknow","iiml","India","Advanced Program in Leadership for Business Excellence (APLBE)","Long Duration Blended Programs | Official Website of Indian Institute of Management,Lucknow","Unknown","","Unknown","","","","","","1","","Direct","","Leadership & Executive Capability","Foundational leadership","Leadership styles and situational leadership","T01.S01.P05","","Stable","fallback"
"IIM Lucknow","iiml","India","Executive Program in Marketing Analytics (EPMA)","Long Duration Blended Programs | Official Website of Indian Institute of Management,Lucknow","Unknown","","Unknown","","","","","","1","","Direct","","Marketing, Sales & Customer","Digital growth and performance marketing","Marketing analytics, attribution and MMM","T05.S02.P03","","Transformed","high"
"IIM Lucknow","iiml","India","Chief Operating Officer Programme","https://iimlucknow.emeritus.org/iiml-chief-operating-officer-programme?src_trk=em680a3aebd165d2.302877921704543147&utm_campaign=organic&utm_medium=EmWebsite&utm_source=google&_gl=1*xcysrw*_gcl_au*MTA2NjM2MDUyNy4xNzQ1NTA3MDc5*_ga*NjQ2NjMxNzg4LjE3NDU1MDExMzM.*_ga_Q6TD6R55VD*czE3NTA2MTg2MjQkbzI5JGcxJHQxNzUwNjE5NDQ2JGo2MCRsMCRoNjg1NjQ3NjQ2","Blended","","C-suite/Senior","INR","570500","","47.6","","1","","Direct","","Operations, Supply Chain & Quality","Operations management","Operational excellence and process improvement","T06.S01.P01","T01.S02.P02","Stable","officer-rule"
"IIM Lucknow","iiml","India","Global Executive Immersion: Silicon Valley","https://online.emeritus.org/global-executive-ai-immersion?src_trk=em680a3aebd165d2.302877921704543147&utm_campaign=organic&utm_medium=EmWebsite&utm_source=google&_gl=1*juyogx*_gcl_au*MTA2NjM2MDUyNy4xNzQ1NTA3MDc5*_ga*NjQ2NjMxNzg4LjE3NDU1MDExMzM.*_ga_Q6TD6R55VD*czE3NTA2MTg2MjQkbzI5JGcxJHQxNzUwNjIwNDk1JGo2MCRsMCRoNjg1NjQ3NjQ2","Blended","","C-suite/Senior","","","6","1.2","","1","","Direct","","Leadership & Executive Capability","Senior and C-suite leadership","Becoming a C-suite officer (role-specific ladders)","T01.S02.P02","T03.S03.P04","Stable","low"
"IIM Lucknow","iiml","India","Executive Programme In IT Management","https://timespro.com/executive-education/iim-lucknow-executive-programme-in-it-management","Blended","TimesPro","Mixed","INR","229000","","39.0","","1","","Partner","(P)","AI, Data & Digital","Digital transformation","Enterprise digital transformation strategy and roadmaps","T03.S03.P01","","Transformed","fallback"
"IIM Lucknow","iiml","India","Executive Certificate Programme In Global Business Management","https://timespro.com/executive-education/iim-lucknow-executive-certificate-programme-in-global-business-management","Blended","TimesPro","Mid-career","INR","242500","","47.6","","1","","Partner","(P)","UNCLASSIFIED","","","","","","none"
"Imarticus Learning","imarticus","India","Financial Services And Capital Markets","Financial Services Course | IIM Lucknow Program","Blended","","Mixed","INR","298000","","47.6","","1","","Direct","","Finance & Accounting","Investment and capital markets","Capital markets, debt and equity raising","T04.S02.P03","","Stable","high"
"Imarticus Learning","imarticus","India","Corporate and Investment Banking","https://imarticus.org/downloads/IIML_CIB_15102024-6bcce148e401a108e7347153669548b2.pdf","Blended","","Mixed","INR","325000","","47.6","","1","","Direct","","Finance & Accounting","Risk, treasury and financial regulation","Banking strategy and regulation","T04.S03.P03","","Stable","high"
"Imarticus Learning","imarticus","India","Private Equity & Venture Capital Programme","https://imarticus.org/iim-calcutta-private-equity-venture-capital-program/","Blended","","Unknown","INR","428000","","30.3","","1","","Direct","","Finance & Accounting","Investment and capital markets","Private equity and venture capital","T04.S02.P02","T14.S02.P05","Stable","high"
"Imarticus Learning","imarticus","India","Global Senior Leadership Programme Specialisation: Chief Finance Officer","https://imarticus.org/chief-finance-officer-specialisation-gslp-iim-lucknow/","Blended","","C-suite/Senior","INR","625000","","26.0","","1","","Direct","","Leadership & Executive Capability","Senior and C-suite leadership","Becoming a C-suite officer (role-specific ladders)","T01.S02.P02","T03.S03.P04","Stable","high"
"Imarticus Learning","imarticus","India","Investment Banking and Capital Markets","https://imarticus.org/downloads/IIMC_EPIBCM_11102024-b507d3509360b9806f445692f02caf7e.pdf","Blended","","Mixed","INR","469450","","52.0","","1","","Direct","","Finance & Accounting","Investment and capital markets","Capital markets, debt and equity raising","T04.S02.P03","T04.S03.P03","Stable","high"
"IMD","imd","Global","Future Leaders","https://www.imd.org/management/fl/future-leaders-program/","Blended","","Mid-career","CHF","19900","10","","","1","General Management","Direct","","Personal Effectiveness & Communication","Personal productivity and judgment","Networking, influence and career strategy","T14.S02.P04","","Stable","low"
"IMD","imd","Global","Foundations for Business Leadership","https://www.imd.org/management/fbl/foundation-business-leadership/","Campus","","Mid-career","CHF","25000","15","3","","1","General Management","Direct","","General Management (Integrative)","Comprehensive general management","Mini-MBA and business fundamentals for specialists","T15.S01.P02","","Stable","low"
"IMD","imd","Global","Global Management Foundations","https://www.imd.org/management/gmf/global-management-foundations/","Blended","","Mid-career","CHF","25000","9","10","","1","General Management","Direct","","General Management (Integrative)","Comprehensive general management","General management programmes for senior leaders","T15.S01.P01","","Stable","fallback"
"IMD","imd","Global","Transition to Business Leadership","https://www.imd.org/management/tbl/business-leadership-training/","Blended","","Senior","CHF","32500","20","","","1","General Management","Direct","","Leadership & Executive Capability","Senior and C-suite leadership","Leading the enterprise / enterprise-wide leadership","T01.S02.P03","T14.S02.P04","Stable","low"
"IMD","imd","Global","Program for Executive Development (PED)","https://www.imd.org/management/ped/general-management-course/","Campus","","Senior","CHF","54250","35","7","Y","1","General Management;Executive Certificate","Direct","","Leadership & Executive Capability","Foundational leadership","Leading in the first 90 days / role transition","T01.S01.P02","","Stable","low"
"IMD","imd","Global","Advanced Management Program (AMP)","https://www.imd.org/management/amp/advanced-management-program/","Blended","","C-suite/Senior","CHF","32500","15","","","1","Top Management;Strategy;General Management","Direct","","Leadership & Executive Capability","Senior and C-suite leadership","CEO / top management leadership","T01.S02.P01","T02.S01.P03","Stable","high"
"IMD","imd","Global","C-Suite Program","https://www.imd.org/management/csp/c-suite-program/","Campus","","C-suite/Senior","CHF","35000","8","","","1","Top Management;General Management","Direct","","Leadership & Executive Capability","Senior and C-suite leadership","Becoming a C-suite officer (role-specific ladders)","T01.S02.P02","T01.S02.P01","Stable","high"
"IMD","imd","Global","Breakthrough Program for Senior Executives","https://www.imd.org/management/bpse/executive-leadership-program/","Campus","","C-suite/Senior","CHF","25500","10","","","1","Top Management;Strategy;Geopolitics;General Management","Direct","","Strategy","Geopolitics and macro strategy","Geopolitics for business leaders and boards","T02.S04.P01","T01.S02.P01","New","medium"
"IMD","imd","Global","Strategic Forum for Senior Executives","https://www.imd.org/management/bfse/executive-leadership-forum/","Campus","","C-suite/Senior","CHF","6900","3","","","1","Top Management;Strategy;Geopolitics;General Management","Direct","","Leadership & Executive Capability","Senior and C-suite leadership","CEO / top management leadership","T01.S02.P01","","Stable","override"
"IMD","imd","Global","Orchestrating Winning Performance (OWP) Lausanne","https://www.imd.org/owp","Campus","","Mixed","CHF","11900","5","","","1","General Management;Top Management;Geopolitics;Strategy","Direct","","General Management (Integrative)","Comprehensive general management","General management programmes for senior leaders","T15.S01.P01","","Stable","override"
"IMD","imd","Global","Orchestrating Winning Performance (OWP) Singapore","https://www.imd.org/owp/sessions/singapore-2026/","Campus","","Mixed","SGD","16900","5","","","1","General Management;Geopolitics","Direct","","General Management (Integrative)","Comprehensive general management","General management programmes for senior leaders","T15.S01.P01","","Stable","override"
"IMD","imd","Global","The First 90 Days","https://www.imd.org/leadership/f90d/the-first-90-days/","Live Online","","Mid-career","CHF","3900","3","","","1","Leadership;General Management","Direct","","Leadership & Executive Capability","Foundational leadership","Leading in the first 90 days / role transition","T01.S01.P02","","Stable","high"
"IMD","imd","Global","High Performance Leadership","https://www.imd.org/leadership/hpl/leadership-training/","Campus","","Senior","CHF","14900","6","","","1","Leadership;Top Management","Direct","","People, Talent & Organisation","Talent, learning and workforce","Leadership development and succession architecture","T07.S02.P05","T01.S02.P01","Stable","low"
"IMD","imd","Global","Mobilizing People","https://www.imd.org/leadership/mp/team-leadership-program/","Campus","","Senior","CHF","23000","9","","","1","Leadership;Top Management","Direct","","Leadership & Executive Capability","Senior and C-suite leadership","CEO / top management leadership","T01.S02.P01","","Stable","low"
"IMD","imd","Global","Transformational Leader","https://www.imd.org/leadership/tl/transformational-leader/","Blended","","Senior","CHF","15900","4","12","","1","Leadership;Top Management","Direct","","People, Talent & Organisation","Talent, learning and workforce","Leadership development and succession architecture","T07.S02.P05","T01.S02.P01","Stable","low"
"IMD","imd","Global","Leading for High Impact (Singapore)","https://www.imd.org/leadership/lhi/leading-for-high-impact/","Campus","","Senior","SGD","17900","4.5","","","1","Leadership","Direct","","Leadership & Executive Capability","Foundational leadership","Leadership styles and situational leadership","T01.S01.P05","","Stable","fallback"
"IMD","imd","Global","Leading High-Performance Teams","https://www.imd.org/leadership/lhpt/leading-high-performance-teams/","Campus","","Mid-career","CHF","7900","3.5","","","1","Leadership","Direct","","Leadership & Executive Capability","Foundational leadership","Leadership styles and situational leadership","T01.S01.P05","","Stable","fallback"
"IMD","imd","Global","Strategies for Leadership","https://www.imd.org/leadership/sl/women-leadership-program/","Campus","","Senior","CHF","10900","4","","","1","Leadership","Direct","","People, Talent & Organisation","Culture, DEI and organisational behaviour","Women's leadership and gender in the workplace","T07.S04.P03","","Stable","low"
"IMD","imd","Global","IMD Executive Coaching Certificate","https://www.imd.org/leadership/iecc/executive-coaching-certificate/","Blended","","Functional specialist","CHF","26500","","","","1","Leadership;Executive Certificate","Direct","","Leadership & Executive Capability","Leading people and teams","Coaching and the leader as coach","T01.S03.P03","","Stable","high"
"IMD","imd","Global","Advanced High Performance Leadership","https://www.imd.org/leadership/ahpl/advanced-leadership-training/","Campus","","Senior","CHF","9500","5","","","1","Leadership","Direct","","People, Talent & Organisation","Talent, learning and workforce","Leadership development and succession architecture","T07.S02.P05","","Stable","low"
"IMD","imd","Global","Leadership Skills for Sustainable Change","https://www.imd.org/sustainability/lsc/leading-sustainable-change/","Blended","","Mid-career","CHF","5900","2.5","","","1","Leadership;Sustainable Business","Direct","","Sustainability, ESG & Climate","Sustainability strategy","Sustainability and ESG strategy for the enterprise","T10.S01.P01","","Transformed","high"
"IMD","imd","Global","Strategy for Future Readiness","https://www.imd.org/strategy/sfr/strategy-for-future-readiness-program/","Campus","","Senior","CHF","5950","3.5","","","1","Strategy","Direct","","Strategy","Corporate and competitive strategy","Competitive strategy and advantage","T02.S01.P01","","Stable","fallback"
"IMD","imd","Global","Inside China's Innovation Ecosystem: A Shenzhen Immersion","https://www.imd.org/strategy/icie/china-shenzhen-immersion","Campus","","Senior","CHF","10900","4","","","1","Strategy;Innovation","Direct","","Strategy","Corporate and competitive strategy","Platform and ecosystem strategy","T02.S01.P06","T09.S01.P04","Transformed","high"
"IMD","imd","Global","Integrating Sustainability into Strategy","https://www.imd.org/sustainability/iss/integrating-sustainability-strategy/","Blended","","Senior","CHF","5900","2.5","","","1","Strategy;Sustainable Business","Direct","","Sustainability, ESG & Climate","Sustainability strategy","Sustainability and ESG strategy for the enterprise","T10.S01.P01","","Transformed","high"
"IMD","imd","Global","Building Digital Ecosystems","https://www.imd.org/digital-transformation/bde/building-digital-ecosystems/","Campus","","Senior","CHF","10900","5","","","1","Strategy;AI & Digital Transformation","Direct","","Strategy","Corporate and competitive strategy","Platform and ecosystem strategy","T02.S01.P06","T03.S03.P01","Transformed","high"
"IMD","imd","Global","Supply Chain for the AI Era","https://www.imd.org/supply-chain/sscl/strategic-supply-chain-leadership/","Campus","","Senior","CHF","10900","5","","","1","Supply Chain;Strategy;AI & Digital Transformation","Direct","","Operations, Supply Chain & Quality","Supply chain and logistics","Supply chain strategy and design","T06.S02.P01","T03.S03.P01","Stable","high"
"IMD","imd","Global","Leading Digital and AI Transformation","https://www.imd.org/digital-transformation/ldait/leading-digital-ai-transformation/","Campus","","Senior","CHF","10900","5","","","1","AI & Digital Transformation;Marketing","Direct","","AI, Data & Digital","Digital transformation","Enterprise digital transformation strategy and roadmaps","T03.S03.P01","T05.S03.P01","Transformed","medium"
"IMD","imd","Global","AI Strategy and Implementation","https://www.imd.org/digital-transformation/aisi/ai-strategy-and-implementation/","Campus","","Senior","CHF","10900","5","","","1","AI & Digital Transformation","Direct","","Strategy","AI-era strategy","AI strategy for the enterprise","T02.S03.P01","T03.S01.P02","New","high"
"IMD","imd","Global","Innovate with AI and Tech","https://www.imd.org/digital-transformation/iait/innovate-ai-technologies/","Campus","","Senior","CHF","10900","5","","","1","AI & Digital Transformation;Innovation","Direct","","AI, Data & Digital","Digital transformation","Enterprise digital transformation strategy and roadmaps","T03.S03.P01","","Transformed","low"
"IMD","imd","Global","Leading Digital Execution","https://www.imd.org/digital-transformation/lde/leading-digital-execution/","Campus","","Senior","CHF","10900","5","","","1","AI & Digital Transformation","Direct","","AI, Data & Digital","Digital transformation","Enterprise digital transformation strategy and roadmaps","T03.S03.P01","","Transformed","low"
"IMD","imd","Global","Digital and AI Accelerator (Singapore)","https://www.imd.org/digital-transformation/dac/digital-accelerator/","Campus","","Senior","SGD","13900","5","","","1","AI & Digital Transformation","Direct","","Innovation & Entrepreneurship","Innovation management","Corporate venturing and open innovation","T09.S01.P04","T03.S03.P01","Stable","high"
"IMD","imd","Global","Leading Sustainable Business Transformation","https://www.imd.org/sustainability/lsbt/leading-sustainable-business-transformation/","Blended","","Senior","CHF","9900","6","5","","1","Sustainable Business;Strategy;Leadership","Direct","","Sustainability, ESG & Climate","Sustainability strategy","Sustainability and ESG strategy for the enterprise","T10.S01.P01","","Transformed","high"
"IMD","imd","Global","Measuring and Managing Sustainability Impact","https://www.imd.org/sustainability/mmsi/measuring-and-managing-sustainability-impact/","Blended","","Functional specialist","CHF","5900","2.5","","","1","Sustainable Business","Direct","","Sustainability, ESG & Climate","Sustainability strategy","Sustainability and ESG strategy for the enterprise","T10.S01.P01","T13.S01.P05","Transformed","high"
"IMD","imd","Global","Creating Value in the Circular Economy","https://www.imd.org/sustainability/cvce/creating-value-circular-economy/","Blended","","Senior","CHF","5900","2.5","","","1","Sustainable Business","Direct","","Sustainability, ESG & Climate","Sustainability strategy","Circular economy and sustainable operations","T10.S01.P03","T10.S01.P01","Stable","high"
"IMD","imd","Global","Driving Strategic Innovation","https://www.imd.org/innovation/dsi/driving-strategic-innovation/","Campus","","Senior","CHF","11500","6","","","1","Innovation;Strategy","Direct","","Innovation & Entrepreneurship","Innovation management","Innovation strategy and portfolio","T09.S01.P01","","Stable","fallback"
"IMD","imd","Global","Driving Strategic Innovation @MIT","https://www.imd.org/innovation/dsi/driving-strategic-innovation-usa/","Campus","MIT (co-delivered, Cambridge MA)","Senior","USD","12900","6","","","1","Innovation;Strategy","Partner","(P)","Innovation & Entrepreneurship","Innovation management","Innovation strategy and portfolio","T09.S01.P01","","Stable","fallback"
"IMD","imd","Global","Innovation in Action","https://www.imd.org/innovation/ia/innovation-course/","Blended","","Mid-career","CHF","10900","5","","","1","Innovation","Direct","","Innovation & Entrepreneurship","Innovation management","Innovation strategy and portfolio","T09.S01.P01","","Stable","fallback"
"IMD","imd","Global","Strategic Finance","https://www.imd.org/finance/sf/strategic-finance-course/","Campus","","Senior","CHF","10900","5","","","1","Finance;Strategy","Direct","","Strategy","Corporate and competitive strategy","Competitive strategy and advantage","T02.S01.P01","","Stable","fallback"
"IMD","imd","Global","Venture Capital Asset Management","https://www.imd.org/finance/vam/venture-capital-management/","Campus","","Functional specialist","CHF","7900","4","","","1","Finance","Direct","","Finance & Accounting","Investment and capital markets","Investment management and portfolio theory","T04.S02.P01","T04.S02.P02","Stable","high"
"IMD","imd","Global","Driving Innovative Finance for Impact","https://www.imd.org/finance/difi/driving-innovative-finance-for-impact/","Blended","","Functional specialist","CHF","2500","","8","","1","Finance;Sustainable Business","Direct","","Sustainability, ESG & Climate","Sustainability strategy","Sustainability and ESG strategy for the enterprise","T10.S01.P01","","Transformed","low"
"IMD","imd","Global","Leading your Family Business","https://www.imd.org/family-business/lfb/leading-your-family-business/","Campus","","Mixed","CHF","11900","5","","","1","Family Business","Direct","","Innovation & Entrepreneurship","Entrepreneurship","Family business succession and next-generation owners","T09.S02.P03","T01.S02.P04","Stable","high"
"IMD","imd","Global","Leading your Family Office","https://www.imd.org/family-business/lfo/leading-your-family-office/","Campus","","Mixed","CHF","12400","5","","","1","Family Business","Direct","","Finance & Accounting","Investment and capital markets","Investment management and portfolio theory","T04.S02.P01","T09.S02.P03","Stable","low"
"IMD","imd","Global","Future Proofing your Business Family (Singapore)","https://www.imd.org/family-business/fpbf/future-proofing-business-family/","Campus","","Mixed","SGD","15700","3","","","1","Family Business","Direct","","Innovation & Entrepreneurship","Entrepreneurship","Family business succession and next-generation owners","T09.S02.P03","","Stable","low"
"IMD","imd","Global","Negotiating for Value Creation","https://www.imd.org/negotiation/nvc/negotiation-course/","Campus","","Mixed","CHF","6900","3","","","1","Negotiation","Direct","","Marketing, Sales & Customer","Sales and go-to-market","Negotiation for commercial outcomes","T05.S04.P05","","Stable","high"
"IMD","imd","Global","Organizational Learning in Action","https://www.imd.org/human-resources/ola/organizational-learning/","Blended","","Functional specialist","CHF","9000","4","","","1","Organizational Learning;Human Resources","Direct","","People, Talent & Organisation","Culture, DEI and organisational behaviour","Organisational culture and culture change","T07.S04.P01","T07.S02.P03","Stable","low"
"IMD","imd","Global","Reinventing Luxury Lab","https://www.imd.org/luxury/rll/luxury-lab/","Campus","","Senior","CHF","3500","2","","","1","Luxury","Direct","","Sector-Specific Management","Services and consumer sectors","Sports, arts and luxury management","T13.S02.P06","T02.S01.P05","Stable","high"
"IMD","imd","Global","High Performance Boards","https://www.imd.org/governance/hpb/board-governance/","Campus","","Board","CHF","12500","3","","","1","Board & Governance","Direct","","Governance, Risk & Legal","Board governance","Board effectiveness and director duties","T08.S01.P01","","Stable","high"
"IMD","imd","Global","Mastering Board Governance","https://www.imd.org/governance/mbg/mastering-board-governance/","Self-paced Online","","Board","CHF","2950","","5","","1","Board & Governance","Direct","","Governance, Risk & Legal","Board governance","Board effectiveness and director duties","T08.S01.P01","","Stable","low"
"IMD","imd","Global","Strategy Governance for Boards","https://www.imd.org/governance/sgb/strategy-governance-for-boards/","Campus","","Board","CHF","6600","2","","","1","Strategy;Board & Governance","Direct","","Leadership & Executive Capability","Change, resilience and crisis","Leading in uncertainty, volatility and ambiguity","T01.S05.P05","T08.S01.P01","Stable","low"
"IMD","imd","Global","Geopolitics for Boards","https://www.imd.org/governance/gpb/geopolitics-for-boards","Campus","","Board","CHF","6600","2","","","1","Geopolitics;Board & Governance","Direct","","Strategy","Geopolitics and macro strategy","Geopolitics for business leaders and boards","T02.S04.P01","T02.S04.P05","New","high"
"IMD","imd","Global","Digital and AI Transformation for Boards","https://www.imd.org/governance/dtb/digital-transformation-for-boards/","Campus","","Board","CHF","6600","2","","","1","AI & Digital Transformation;Board & Governance","Direct","","AI, Data & Digital","Digital transformation","Enterprise digital transformation strategy and roadmaps","T03.S03.P01","T03.S02.P01","Transformed","medium"
"IMD","imd","Global","Stakeholder Management for Boards","https://www.imd.org/governance/smb/stakeholder-management-board-training/","Campus","","Board","CHF","6600","2","","","1","Board & Governance","Direct","","Governance, Risk & Legal","Board governance","Board effectiveness and director duties","T08.S01.P01","","Stable","low"
"IMD","imd","Global","Boards and Risks","https://www.imd.org/governance/br/risks-for-board-members/","Campus","","Board","CHF","6600","2","","","1","Board & Governance","Direct","","Leadership & Executive Capability","Change, resilience and crisis","Crisis leadership and business continuity","T01.S05.P04","T08.S02.P01","Stable","low"
"IMD","imd","Global","Team Dynamics for Boards","https://www.imd.org/governance/tdb/team-dynamics-for-board-members/","Campus","","Board","CHF","6600","2","","","1","Board & Governance","Direct","","Leadership & Executive Capability","Leading people and teams","Leading high-performing teams","T01.S03.P01","T08.S01.P01","Stable","high"
"IMD","imd","Global","Finance for Boards","https://www.imd.org/governance/ffb/finance-for-board-members/","Campus","","Board","CHF","6600","2","","","1","Finance;Board & Governance","Direct","","Finance & Accounting","Finance for executives","Finance for non-finance managers","T04.S01.P01","T14.S02.P01","Stable","low"
"IMD","imd","Global","Driving Sustainability from the Boardroom","https://www.imd.org/governance/dsb/esg-board-training/","Campus","","Board","CHF","7500","2","","","1","Sustainable Business;Board & Governance","Direct","","Sustainability, ESG & Climate","Sustainability strategy","Sustainability and ESG strategy for the enterprise","T10.S01.P01","T08.S02.P01","Transformed","high"
"IMD","imd","Global","Women on Boards","https://www.imd.org/governance/wob/women-on-boards/","Campus","","Board","CHF","6600","2","","","1","Board & Governance","Direct","","People, Talent & Organisation","Culture, DEI and organisational behaviour","Women's leadership and gender in the workplace","T07.S04.P03","T08.S01.P01","Stable","high"
"IMD","imd","Global","Role of the Chair","https://www.imd.org/governance/roc/chairperson-board-training/","Campus","","Board","CHF","8600","2","","","1","Board & Governance","Direct","","Governance, Risk & Legal","Board governance","Board effectiveness and director duties","T08.S01.P01","","Stable","low"
"IMD","imd","Global","Board Readiness Diploma","https://www.imd.org/governance/diplomas/board-readiness-diploma/","Blended","","Board","CHF","22500","6","5","","1","Board & Governance;Diploma","Direct","","Governance, Risk & Legal","Board governance","Board effectiveness and director duties","T08.S01.P01","T09.S02.P05","Stable","high"
"IMD","imd","Global","Board Director Diploma","https://www.imd.org/programs-solutions/certification/board-director-diploma/","Campus","","Board","CHF","32000","9","","","1","Board & Governance;Diploma","Direct","","Governance, Risk & Legal","Board governance","Board effectiveness and director duties","T08.S01.P01","T09.S02.P05","Stable","high"
"IMD","imd","Global","Certificate in Board Governance (CAS)","https://www.imd.org/programs-solutions/certification/board-governance-certificate/","Campus","","Board","CHF","28500","15","","","1","Board & Governance;Certificate","Direct","","Governance, Risk & Legal","Board governance","Board effectiveness and director duties","T08.S01.P01","","Stable","low"
"IMD","imd","Global","Programme d'Excellence en Gouvernance des Conseils d'Administration","https://www.imd.org/governance/egca/gouvernance-conseils-administration/","Campus","IMD partner program (partner not named on listing)","Board","other","","","","","1","Board & Governance","Partner","(P)","Governance, Risk & Legal","Board governance","Board effectiveness and director duties","T08.S01.P01","","Stable","fallback"
"IMD","imd","Global","Leadership Essentials","https://www.imd.org/leadership/le/leadership-essentials-course/","Self-paced Online","","Mid-career","CHF","1950","","5","","1","Leadership","Direct","","Leadership & Executive Capability","Foundational leadership","Leadership styles and situational leadership","T01.S01.P05","","Stable","fallback"
"IMD","imd","Global","Advanced Leadership","https://www.imd.org/leadership/al/advanced-leadership-program/","Self-paced Online","","Mid-career","CHF","1950","","5","","1","Leadership","Direct","","Leadership & Executive Capability","Foundational leadership","Leadership styles and situational leadership","T01.S01.P05","","Stable","fallback"
"IMD","imd","Global","Inspirational Leadership","https://www.imd.org/leadership/il/inspirational-leadership-course/","Self-paced Online","","Mid-career","CHF","2950","","8","","1","Leadership","Direct","","Leadership & Executive Capability","Foundational leadership","Leadership styles and situational leadership","T01.S01.P05","","Stable","fallback"
"IMD","imd","Global","Change Management","https://www.imd.org/leadership/chm/change-management-program/","Self-paced Online","","Mid-career","CHF","1950","","5","","1","Leadership","Direct","","Leadership & Executive Capability","Change, resilience and crisis","Leading change and transformation","T01.S05.P01","","Stable","high"
"IMD","imd","Global","Leading Behavioral Change","https://www.imd.org/leadership/lbc/leading-behavioral-change-online-course/","Self-paced Online","","Mid-career","CHF","2950","","8","","1","Leadership;Organizational Learning","Direct","","Leadership & Executive Capability","Foundational leadership","Leadership styles and situational leadership","T01.S01.P05","","Stable","fallback"
"IMD","imd","Global","Crisis Management","https://www.imd.org/leadership/cm/crisis-management-online-course/","Self-paced Online","","Mid-career","CHF","1950","","5","","1","Leadership","Direct","","Leadership & Executive Capability","Change, resilience and crisis","Crisis leadership and business continuity","T01.S05.P04","","Stable","high"
"IMD","imd","Global","Organizational Leadership","https://www.imd.org/human-resources/ogl/organizational-leadership-course/","Self-paced Online","","Mid-career","CHF","1950","","5","","1","Leadership;Organizational Learning;Human Resources","Direct","","Leadership & Executive Capability","Foundational leadership","Leadership styles and situational leadership","T01.S01.P05","","Stable","fallback"
"IMD","imd","Global","Strategic Thinking","https://www.imd.org/strategy/st/online-course-strategy/","Self-paced Online","","Mid-career","CHF","2950","","8","","1","Strategy","Direct","","Strategy","Corporate and competitive strategy","Strategic thinking for executives","T02.S01.P03","","Stable","high"
"IMD","imd","Global","Strategy Execution","https://www.imd.org/strategy/se/strategy-execution-course/","Self-paced Online","","Mid-career","CHF","2950","","8","","1","Strategy","Direct","","Strategy","Strategy execution","Strategy execution and implementation","T02.S02.P01","","Stable","high"
"IMD","imd","Global","Complex Problem Solving","https://www.imd.org/strategy/cps/complex-problem-solving-online-course/","Self-paced Online","","Mid-career","CHF","1950","","5","","1","Strategy","Direct","","Personal Effectiveness & Communication","Personal productivity and judgment","Critical thinking and problem solving","T14.S02.P02","","Stable","high"
"IMD","imd","Global","AI Strategies: From Analytics to Agents","https://www.imd.org/digital-transformation/aiso/ai-strategies-online-course/","Self-paced Online","","Mid-career","CHF","1950","","5","","1","AI & Digital Transformation","Direct","","AI, Data & Digital","Digital transformation","Enterprise digital transformation strategy and roadmaps","T03.S03.P01","","Transformed","low"
"IMD","imd","Global","Business Analytics for Leaders","https://www.imd.org/digital-transformation/bal/business-analytics-course/","Self-paced Online","","Mid-career","CHF","2950","","8","","1","AI & Digital Transformation;Marketing","Direct","","AI, Data & Digital","Data, analytics and decisions","Business analytics for decision-making","T03.S04.P01","T03.S03.P01","Stable","high"
"IMD","imd","Global","Digital Transformation in Practice","https://www.imd.org/digital-transformation/dtip/digital-transformation-in-practice/","Self-paced Online","","Mid-career","CHF","1950","","5","","1","AI & Digital Transformation;Marketing","Direct","","AI, Data & Digital","Digital transformation","Enterprise digital transformation strategy and roadmaps","T03.S03.P01","T05.S03.P01","Transformed","high"
"IMD","imd","Global","Marketing Strategy in the Digital Age","https://www.imd.org/marketing/msda/marketing-strategy-digital-age/","Self-paced Online","","Mid-career","CHF","2950","","8","","1","Marketing;AI & Digital Transformation","Direct","","Marketing, Sales & Customer","Marketing strategy and brand","Marketing strategy for executives","T05.S01.P01","T03.S03.P01","Stable","high"
"IMD","imd","Global","Disruptive Innovation","https://www.imd.org/innovation/di/disruptive-innovation-course/","Self-paced Online","","Mid-career","CHF","1950","","5","","1","Innovation","Direct","","Innovation & Entrepreneurship","Innovation management","Innovation strategy and portfolio","T09.S01.P01","","Stable","fallback"
"IMD","imd","Global","Business Finance","https://www.imd.org/finance/bf/online-finance-course/","Self-paced Online","","Mid-career","CHF","1950","","5","","1","Finance","Direct","","Finance & Accounting","Finance for executives","Finance for non-finance managers","T04.S01.P01","","Stable","fallback"
"IMD","imd","Global","Winning Sustainability Strategies","https://www.imd.org/sustainability/wss/sustainability-strategy-course/","Self-paced Online","","Mid-career","CHF","1950","","5","","1","Sustainable Business;Strategy","Direct","","Sustainability, ESG & Climate","Sustainability strategy","Sustainability and ESG strategy for the enterprise","T10.S01.P01","","Transformed","high"
"IMD","imd","Global","Lean Intrapreneurship","https://www.imd.org/innovation/li/corporate-entrepreneurship/","Self-paced Online","","Senior","CHF","18000","","10","","1","Innovation;AI & Digital Transformation","Direct","","Operations, Supply Chain & Quality","Operations management","Lean, Six Sigma and quality management","T06.S01.P02","T09.S01.P05","Stable","high"
"IMD","imd","Global","Digital Transformation Sprint","https://www.imd.org/sprint/digital-transformation/","Live Online","","Mixed","CHF","950","","2","","1","AI & Digital Transformation","Direct","","AI, Data & Digital","Digital transformation","Enterprise digital transformation strategy and roadmaps","T03.S03.P01","","Transformed","high"
"IMD","imd","Global","Generative AI Sprint","https://www.imd.org/sprint/generative-ai/","Live Online","","Mixed","CHF","950","","1","","1","AI & Digital Transformation","Direct","","AI, Data & Digital","AI foundations for leaders","Generative AI foundations and prompting","T03.S01.P02","T03.S03.P01","New","high"
"IMD","imd","Global","Resilient Leadership Sprint","https://www.imd.org/sprint/resilient-leadership/","Live Online","","Mixed","CHF","950","","2","","1","Leadership","Direct","","Leadership & Executive Capability","Foundational leadership","Leadership styles and situational leadership","T01.S01.P05","","Stable","fallback"
"IMD","imd","Global","Business Creativity and Innovation Sprint","https://www.imd.org/sprint/business-creativity-innovation/","Live Online","","Mixed","CHF","950","","2","","1","Innovation","Direct","","Innovation & Entrepreneurship","Innovation management","Innovation strategy and portfolio","T09.S01.P01","","Stable","fallback"
"IMD","imd","Global","Leading Teams in the AI Era Sprint","https://www.imd.org/sprint/leadership-ai/","Live Online","","Mixed","CHF","950","","1","","1","Leadership;AI & Digital Transformation","Direct","","AI, Data & Digital","Digital transformation","Enterprise digital transformation strategy and roadmaps","T03.S03.P01","","Transformed","low"
"IMD","imd","Global","Online Executive Certificate in Leadership","https://www.imd.org/programs-solutions/certification/online-executive-certificate-leadership/","Self-paced Online","","Mixed","CHF","","","","Y","1","Leadership;Executive Certificate","Direct","","Leadership & Executive Capability","Leading people and teams","Coaching and the leader as coach","T01.S03.P03","","Stable","low"
"IMD","imd","Global","Online Executive Certificate in Strategy","https://www.imd.org/programs-solutions/certification/online-executive-certificate-strategy/","Self-paced Online","","Mixed","CHF","","","","Y","1","Strategy;Executive Certificate","Direct","","Leadership & Executive Capability","Leading people and teams","Coaching and the leader as coach","T01.S03.P03","","Stable","low"
"IMD","imd","Global","Online Executive Certificate in Digital Acceleration","https://www.imd.org/programs-solutions/certification/online-executive-certificate-digital-acceleration/","Self-paced Online","","Mixed","CHF","","","","Y","1","AI & Digital Transformation;Executive Certificate","Direct","","Leadership & Executive Capability","Leading people and teams","Coaching and the leader as coach","T01.S03.P03","T03.S03.P01","Stable","low"
"IMD","imd","Global","Executive Certificate in AI and Digital Business Excellence","https://www.imd.org/programs-solutions/certification/digital-business-excellence/","Blended","","Mixed","CHF","","","","Y","1","AI & Digital Transformation;Executive Certificate","Direct","","AI, Data & Digital","Digital transformation","Enterprise digital transformation strategy and roadmaps","T03.S03.P01","T01.S03.P03","Transformed","high"
"IMD","imd","Global","Executive Certificate in Sustainable Business","https://www.imd.org/programs-solutions/certification/sustainable-business/","Blended","","Mixed","CHF","","","","Y","1","Sustainable Business;Executive Certificate","Direct","","Sustainability, ESG & Climate","Sustainability strategy","Sustainability and ESG strategy for the enterprise","T10.S01.P01","T01.S03.P03","Transformed","high"
"INSEAD","insead","Global","Advanced Management Programme","https://www.insead.edu/executive-education/general-management/advanced-management-programme","Campus","","C-suite/Senior","EUR","47500","20","4.0","","1","General Management;Top Management","Direct","","Leadership & Executive Capability","Senior and C-suite leadership","CEO / top management leadership","T01.S02.P01","T15.S01.P01","Stable","high"
"INSEAD","insead","Global","Transition to General Management","https://www.insead.edu/executive-education/general-management/transition-general-management","Campus","","Unknown","EUR","37000","20","4.0","","1","General Management","Direct","","General Management (Integrative)","Comprehensive general management","General management programmes for senior leaders","T15.S01.P01","","Stable","fallback"
"INSEAD","insead","Global","Management Acceleration Programme","https://www.insead.edu/executive-education/general-management/management-acceleration-programme","Blended","","Mid-career","EUR","15950","","8.7","","1","General Management","Direct","","General Management (Integrative)","Comprehensive general management","General management programmes for senior leaders","T15.S01.P01","","Stable","fallback"
"INSEAD","insead","Global","Human Capital in the Age of AI","https://www.insead.edu/executive-education/top-management/human-capital-age-ai","Campus","","C-suite/Senior","","","3","","","1","Top Management;Digital Transformation & AI","Direct","","Leadership & Executive Capability","Senior and C-suite leadership","CEO / top management leadership","T01.S02.P01","T03.S03.P01","Stable","low"
"INSEAD","insead","Global","AVIRA: Awareness, Vision, Imagination, Role, Action","https://www.insead.edu/executive-education/top-management/avira-awareness-vision-imagination-role-action","Campus","","C-suite/Senior","EUR","24700","5","1.0","","1","Top Management","Direct","","Leadership & Executive Capability","Senior and C-suite leadership","CEO / top management leadership","T01.S02.P01","T01.S02.P02","Stable","low"
"INSEAD","insead","Global","LEAP: Leadership Excellence through Awareness and Practice","https://www.insead.edu/executive-education/top-management/leap-leadership-excellence-awareness-practice","Campus","","C-suite/Senior","SGD","65900","20","4.0","","1","Top Management","Direct","","Leadership & Executive Capability","Senior and C-suite leadership","CEO / top management leadership","T01.S02.P01","","Stable","low"
"INSEAD","insead","Global","The Challenge of Leadership","https://www.insead.edu/executive-education/top-management/challenge-leadership","Campus","","C-suite/Senior","EUR","44200","20","4.0","","1","Top Management","Direct","","Leadership & Executive Capability","Senior and C-suite leadership","CEO / top management leadership","T01.S02.P01","","Stable","low"
"INSEAD","insead","Global","INSEAD for Impact","https://www.insead.edu/executive-education/leadership/insead-impact","Campus","","Unknown","","","","","","1","Leadership","Direct","","Leadership & Executive Capability","Foundational leadership","Leadership styles and situational leadership","T01.S01.P05","","Stable","fallback"
"INSEAD","insead","Global","Reinventing Teams with AI","https://www.insead.edu/executive-education/leadership/reinventing-teams-ai","Campus","","Unknown","","","3","","","1","Leadership;Digital Transformation & AI","Direct","","Strategy","Corporate and competitive strategy","Business model innovation and reinvention","T02.S01.P05","T03.S03.P01","Transformed","high"
"INSEAD","insead","Global","Collaborative Leadership","https://www.insead.edu/executive-education/leadership/collaborative-leadership","Campus","","Unknown","EUR","11200","5","1.0","","1","Leadership","Direct","","Leadership & Executive Capability","Foundational leadership","Leadership styles and situational leadership","T01.S01.P05","","Stable","fallback"
"INSEAD","insead","Global","Leading Teams","https://www.insead.edu/executive-education/leadership/leading-teams","Campus","","Unknown","EUR","11200","5","1.0","","1","Leadership","Direct","","Leadership & Executive Capability","Senior and C-suite leadership","Becoming a C-suite officer (role-specific ladders)","T01.S02.P02","T03.S03.P04","Stable","low"
"INSEAD","insead","Global","Learning to Lead","https://www.insead.edu/executive-education/leadership/learning-lead","Campus","","Unknown","EUR","8600","4","0.8","","1","Leadership","Direct","","Leadership & Executive Capability","Foundational leadership","Leadership styles and situational leadership","T01.S01.P05","","Stable","fallback"
"INSEAD","insead","Global","High Impact Leadership Programme","https://www.insead.edu/executive-education/leadership/high-impact-leadership-programme","Campus","","Unknown","SGD","16200","5","1.0","","1","Leadership","Direct","","Leadership & Executive Capability","Foundational leadership","Leadership styles and situational leadership","T01.S01.P05","","Stable","fallback"
"INSEAD","insead","Global","Leading for Results","https://www.insead.edu/executive-education/leadership/leading-results","Campus","","Unknown","EUR","11600","5","1.0","","1","Leadership","Direct","","Leadership & Executive Capability","Foundational leadership","Leadership styles and situational leadership","T01.S01.P05","","Stable","fallback"
"INSEAD","insead","Global","Women Leaders Programme","https://www.insead.edu/executive-education/leadership/women-leaders-programme","Campus","","Unknown","EUR","9450","4","0.8","","1","Leadership","Direct","","People, Talent & Organisation","Culture, DEI and organisational behaviour","Women's leadership and gender in the workplace","T07.S04.P03","","Stable","high"
"INSEAD","insead","Global","The Leadership Transition","https://www.insead.edu/executive-education/leadership/leadership-transition","Campus","","Unknown","EUR","14950","7","1.4","","1","Leadership","Direct","","Leadership & Executive Capability","Foundational leadership","Leadership styles and situational leadership","T01.S01.P05","","Stable","fallback"
"INSEAD","insead","Global","Leading Change in an Age of Digital Transformation","https://www.insead.edu/executive-education/leadership/leading-change-age-digital-transformation","Campus","","Unknown","EUR","9250","4","0.8","","1","Leadership;Digital Transformation & AI","Direct","","AI, Data & Digital","Digital transformation","Enterprise digital transformation strategy and roadmaps","T03.S03.P01","T01.S05.P01","Transformed","high"
"INSEAD","insead","Global","Leading Successful Change","https://www.insead.edu/executive-education/leadership/leading-successful-change","Campus","","Unknown","EUR","9450","4","0.8","","1","Leadership","Direct","","Leadership & Executive Capability","Foundational leadership","Leadership styles and situational leadership","T01.S01.P05","","Stable","fallback"
"INSEAD","insead","Global","Strategic Decision Making for Leaders","https://www.insead.edu/executive-education/leadership/strategic-decision-making-leaders","Campus","","Unknown","SGD","13600","4","0.8","","1","Leadership","Direct","","Personal Effectiveness & Communication","Personal productivity and judgment","Decision-making, biases and behavioural judgment","T14.S02.P01","","Stable","high"
"INSEAD","insead","Global","Leading Across Borders and Cultures","https://www.insead.edu/executive-education/leadership/leading-across-borders-cultures","Campus","","Unknown","EUR","11200","5","1.0","","1","Leadership","Direct","","Leadership & Executive Capability","Foundational leadership","Leadership styles and situational leadership","T01.S01.P05","","Stable","fallback"
"INSEAD","insead","Global","INSEAD Blue Ocean Strategy","https://www.insead.edu/executive-education/strategy/blue-ocean-strategy","Campus","","Unknown","SGD","15900","5","1.0","","1","Strategy;Digital Transformation & AI","Direct","","AI, Data & Digital","Digital transformation","Enterprise digital transformation strategy and roadmaps","T03.S03.P01","","Transformed","low"
"INSEAD","insead","Global","Competitive Strategy","https://www.insead.edu/executive-education/strategy/competitive-strategy","Campus","","Unknown","EUR","8750","3","0.6","","1","Strategy","Direct","","Strategy","Corporate and competitive strategy","Competitive strategy and advantage","T02.S01.P01","","Stable","high"
"INSEAD","insead","Global","Strategy Execution Programme","https://www.insead.edu/executive-education/strategy/strategy-execution-programme","Campus","","Unknown","EUR","17200","8","1.6","","1","Strategy","Direct","","Strategy","Strategy execution","Strategy execution and implementation","T02.S02.P01","","Stable","high"
"INSEAD","insead","Global","M&As and Corporate Strategy","https://www.insead.edu/executive-education/strategy/merger-acquisition-corporate-strategy","Campus","","Unknown","EUR","11600","5","1.0","","1","Strategy","Direct","","Strategy","Corporate and competitive strategy","Corporate strategy, portfolio and diversification","T02.S01.P02","T02.S05.P01","Stable","high"
"INSEAD","insead","Global","Managing Partnerships and Strategic Alliances","https://www.insead.edu/executive-education/strategy/managing-partnerships-strategic-alliances","Campus","","Unknown","SGD","16100","5","1.0","","1","Strategy","Direct","","Strategy","M&A and corporate development","Alliances, joint ventures and partnerships","T02.S05.P05","","Stable","high"
"INSEAD","insead","Global","INSEAD Business Sustainability Programme","https://www.insead.edu/executive-education/strategy/business-sustainability-programme","Campus","","Unknown","SGD","16800","5","1.0","","1","Strategy;R&D and Operations Management;Sustainability","Direct","","Sustainability, ESG & Climate","Sustainability strategy","Sustainability and ESG strategy for the enterprise","T10.S01.P01","T06.S01.P01","Transformed","high"
"INSEAD","insead","Global","Leading Growth through Innovation and Technology","https://www.insead.edu/executive-education/strategy/leading-growth-through-innovation-and-technology","Campus","","Unknown","EUR","9800","4","0.8","","1","Strategy;Digital Transformation & AI","Direct","","AI, Data & Digital","Digital transformation","Enterprise digital transformation strategy and roadmaps","T03.S03.P01","","Transformed","low"
"INSEAD","insead","Global","AI for Boards","https://www.insead.edu/executive-education/corporate-governance/ai-boards","Campus","","Board","","","4","","","1","Corporate Governance","Direct","","AI, Data & Digital","AI governance, risk and regulation","Board oversight of AI","T03.S02.P05","T08.S01.P01","New","high"
"INSEAD","insead","Global","International Directors Programme","https://www.insead.edu/executive-education/corporate-governance/international-directors-programme","Campus","","Board","SGD","39200","10","2.0","","1","Corporate Governance","Direct","","Governance, Risk & Legal","Board governance","Board effectiveness and director duties","T08.S01.P01","","Stable","low"
"INSEAD","insead","Global","IDP Connect - Boardroom in Practice","https://www.insead.edu/executive-education/corporate-governance/idp-connect-boardroom-practice","Campus","","Board","","","","","","1","Corporate Governance","Direct","","Governance, Risk & Legal","Board governance","Board effectiveness and director duties","T08.S01.P01","","Stable","low"
"INSEAD","insead","Global","Aspiring Directors Programme","https://www.insead.edu/executive-education/corporate-governance/aspiring-directors-programme","Campus","","Board","EUR","11800","5","1.0","","1","Corporate Governance","Direct","","Governance, Risk & Legal","Board governance","Board effectiveness and director duties","T08.S01.P01","T01.S02.P02","Stable","low"
"INSEAD","insead","Global","Crisis Management for Boards","https://www.insead.edu/executive-education/corporate-governance/crisis-management-boards","Campus","","Board","EUR","9500","3","0.6","","1","Corporate Governance","Direct","","Leadership & Executive Capability","Change, resilience and crisis","Crisis leadership and business continuity","T01.S05.P04","T08.S01.P01","Stable","high"
"INSEAD","insead","Global","Corporate Strategy for Board Members","https://www.insead.edu/executive-education/corporate-governance/corporate-strategy-board-members","Campus","","Board","EUR","11800","5","1.0","","1","Corporate Governance","Direct","","Governance, Risk & Legal","Board governance","Board effectiveness and director duties","T08.S01.P01","T02.S01.P02","Stable","high"
"INSEAD","insead","Global","Value Creation for Owners and Directors","https://www.insead.edu/executive-education/corporate-governance/value-creation-owners-directors","Campus","","Board","EUR","11200","5","1.0","","1","Corporate Governance;Strategy","Direct","","Governance, Risk & Legal","Board governance","Board effectiveness and director duties","T08.S01.P01","","Stable","low"
"INSEAD","insead","Global","Leading from the Chair","https://www.insead.edu/executive-education/corporate-governance/leading-from-the-chair","Campus","","Board","EUR","9900","3","0.6","","1","Corporate Governance","Direct","","Governance, Risk & Legal","Board governance","Board effectiveness and director duties","T08.S01.P01","","Stable","low"
"INSEAD","insead","Global","Finance for Executives","https://www.insead.edu/executive-education/finance/finance-executives","Campus","","Unknown","SGD","21200","8","1.6","","1","Finance","Direct","","Finance & Accounting","Finance for executives","Finance for non-finance managers","T04.S01.P01","","Stable","fallback"
"INSEAD","insead","Global","Advanced International Corporate Finance","https://www.insead.edu/executive-education/finance/advanced-international-corporate-finance","Campus","","Functional specialist","EUR","11200","5","1.0","","1","Finance","Direct","","Finance & Accounting","Finance for executives","Corporate finance and capital allocation","T04.S01.P03","T08.S01.P01","Stable","high"
"INSEAD","insead","Global","Strategic Management in Banking","https://www.insead.edu/executive-education/finance/strategic-management-banking","Campus","","Functional specialist","EUR","11200","5","1.0","","1","Finance;Strategy","Direct","","Strategy","Corporate and competitive strategy","Competitive strategy and advantage","T02.S01.P01","T04.S03.P03","Stable","high"
"INSEAD","insead","Global","AI for Business: Strategic Opportunities with AI","https://www.insead.edu/executive-education/digital-transformation-ai/ai-business-strategic-opportunities-ai","Campus","","Unknown","","","5","","","1","Digital Transformation & AI","Direct","","AI, Data & Digital","AI foundations for leaders","AI and machine learning fundamentals for executives","T03.S01.P01","T13.S01.P05","Transformed","high"
"INSEAD","insead","Global","AI for Business: from Strategy to Execution","https://www.insead.edu/executive-education/digital-transformation-ai/ai-business-strategy-execution","Campus","","Unknown","","","3","","","1","Digital Transformation & AI","Direct","","Strategy","Strategy execution","Strategy execution and implementation","T02.S02.P01","T03.S01.P01","Stable","high"
"INSEAD","insead","Global","Leading AI and Digital Transformation","https://www.insead.edu/executive-education/digital-transformation-ai/leading-ai-and-digital-transformation","Campus","","Unknown","EUR","11200","5","1.0","","1","Digital Transformation & AI","Direct","","AI, Data & Digital","Digital transformation","Enterprise digital transformation strategy and roadmaps","T03.S03.P01","","Transformed","high"
"INSEAD","insead","Global","Strategic Marketing Programme","https://www.insead.edu/executive-education/marketing-sales/strategic-marketing-programme","Campus","","Functional specialist","EUR","11200","5","1.0","","1","Marketing & Sales;Strategy","Direct","","Marketing, Sales & Customer","Marketing strategy and brand","Marketing strategy for executives","T05.S01.P01","","Stable","high"
"INSEAD","insead","Global","Leading the Effective Sales Force","https://www.insead.edu/executive-education/marketing-sales/leading-effective-sales-force","Campus","","Functional specialist","SGD","16100","5","1.0","","1","Marketing & Sales","Direct","","Marketing, Sales & Customer","Sales and go-to-market","Sales leadership and sales force management","T05.S04.P01","","Stable","high"
"INSEAD","insead","Global","Leading AI and Digital Marketing Strategy","https://www.insead.edu/executive-education/marketing-sales/leading-ai-and-digital-marketing-strategy","Campus","","Functional specialist","EUR","11200","5","1.0","","1","Marketing & Sales;Digital Transformation & AI","Direct","","Marketing, Sales & Customer","Marketing strategy and brand","Marketing strategy for executives","T05.S01.P01","T05.S02.P01","Stable","high"
"INSEAD","insead","Global","Negotiation Dynamics","https://www.insead.edu/executive-education/marketing-sales/negotiation-dynamics","Campus","","Functional specialist","SGD","12500","3","0.6","","1","Marketing & Sales;Negotiation","Direct","","Marketing, Sales & Customer","Sales and go-to-market","Negotiation for commercial outcomes","T05.S04.P05","","Stable","high"
"INSEAD","insead","Global","B2B Marketing Strategies","https://www.insead.edu/executive-education/marketing-sales/b2b-marketing-strategies","Campus","","Functional specialist","EUR","11600","5","1.0","","1","Marketing & Sales","Direct","","Marketing, Sales & Customer","Marketing strategy and brand","B2B and industrial marketing","T05.S01.P06","","Stable","high"
"INSEAD","insead","Global","Supply Chain Management","https://www.insead.edu/executive-education/rd-and-operations-management/supply-chain-management","Campus","","Functional specialist","EUR","10950","5","1.0","","1","R&D and Operations Management","Direct","","Operations, Supply Chain & Quality","Supply chain and logistics","Supply chain strategy and design","T06.S02.P01","T06.S01.P01","Stable","high"
"INSEAD","insead","Global","Strategic R&D Management","https://www.insead.edu/executive-education/rd-and-operations-management/strategic-rd-management","Campus","","Functional specialist","EUR","11200","5","1.0","","1","R&D and Operations Management;Strategy","Direct","","Innovation & Entrepreneurship","Innovation management","R&D management and technology commercialisation","T09.S01.P03","T06.S01.P01","Stable","high"
"INSEAD","insead","Global","Entrepreneurship: New Business Ventures","https://www.insead.edu/executive-education/entrepreneurship/entrepreneurship-new-business-ventures","Campus","","Unknown","EUR","10950","5","1.0","","1","Entrepreneurship & Family Business","Direct","","Innovation & Entrepreneurship","Entrepreneurship","Starting and scaling a venture","T09.S02.P01","T09.S02.P03","Stable","high"
"INSEAD","insead","Global","Essentials of Coaching","https://www.insead.edu/executive-education/coaching/essentials-coaching","Campus","","Functional specialist","EUR","11600","5","1.0","","1","Coaching","Direct","","Personal Effectiveness & Communication","Executive presence and communication","Public speaking, presentation and boardroom communication","T14.S01.P03","","Stable","fallback"
"INSEAD","insead","Global","INSEAD Coaching Certificate","https://www.insead.edu/executive-education/coaching/coaching-certificate","Campus","","Functional specialist","EUR","23100","12","2.4","","1","Coaching","Direct","","Personal Effectiveness & Communication","Executive presence and communication","Public speaking, presentation and boardroom communication","T14.S01.P03","","Stable","fallback"
"INSEAD","insead","Global","Advanced Programme in Coaching Groups","https://www.insead.edu/executive-education/coaching/advanced-programme-coaching-groups","Campus","","Functional specialist","EUR","9950","4","0.9","","1","Coaching","Direct","","Personal Effectiveness & Communication","Executive presence and communication","Public speaking, presentation and boardroom communication","T14.S01.P03","","Stable","fallback"
"INSEAD","insead","Global","Virtual Executive Coaching","https://www.insead.edu/executive-education/insead-executive-coaching/coaching-sessions","Live Online","","Mixed","","","","","","1","Coaching","Direct","","Leadership & Executive Capability","Leading people and teams","Coaching and the leader as coach","T01.S03.P03","","Stable","high"
"INSEAD","insead","Global","Lead the Future","https://www.insead.edu/executive-education/open-online-programmes/lead-future","Blended","","C-suite/Senior","EUR","19950","","52.0","","1","Leadership;Open Online Programmes","Direct","","Leadership & Executive Capability","Foundational leadership","Leadership styles and situational leadership","T01.S01.P05","","Stable","fallback"
"INSEAD","insead","Global","Developing Emerging Leaders","https://www.insead.edu/executive-education/open-online-programmes/developing-emerging-leaders","Live Online","","Early/Emerging","EUR","2050","","5","","1","Leadership;Open Online Programmes","Direct","","Leadership & Executive Capability","Foundational leadership","Transition to leadership / first-time manager","T01.S01.P01","","Stable","high"
"INSEAD","insead","Global","Leading Organisations in Disruptive Times","https://www.insead.edu/executive-education/open-online-programmes/leading-organisations-disruptive-times","Live Online","","Mid-career","EUR","2470","","6","","1","Leadership;Digital Transformation & AI;Open Online Programmes","Direct","","AI, Data & Digital","Digital transformation","Enterprise digital transformation strategy and roadmaps","T03.S03.P01","","Transformed","low"
"INSEAD","insead","Global","Strategy in the Age of Digital and AI","https://www.insead.edu/executive-education/open-online-programmes/strategy-age-digital-ai","Live Online","","Mid-career","","","","5","","1","Digital Transformation & AI;Strategy;Open Online Programmes","Direct","","AI, Data & Digital","Digital transformation","Enterprise digital transformation strategy and roadmaps","T03.S03.P01","","Transformed","low"
"INSEAD","insead","Global","Impactful Communication for Leaders","https://www.insead.edu/executive-education/open-online-programmes/impactful-communication-leaders","Live Online","","Mid-career","EUR","2470","","5","","1","Leadership;Open Online Programmes","Direct","","Personal Effectiveness & Communication","Executive presence and communication","Public speaking, presentation and boardroom communication","T14.S01.P03","","Stable","fallback"
"INSEAD","insead","Global","Executive Presence and Influence","https://www.insead.edu/executive-education/open-online-programmes/executive-presence-influence","Live Online","","Mid-career","EUR","2050","","5","","1","Leadership;Open Online Programmes","Direct","","Personal Effectiveness & Communication","Executive presence and communication","Executive presence and personal brand","T14.S01.P01","","Stable","high"
"INSEAD","insead","Global","Business Strategy and Financial Performance","https://www.insead.edu/executive-education/open-online-programmes/business-strategy-financial-performance","Live Online","","Mid-career","EUR","2470","","7","","1","Strategy;Finance;Open Online Programmes","Direct","","Strategy","Corporate and competitive strategy","Competitive strategy and advantage","T02.S01.P01","","Stable","fallback"
"INSEAD","insead","Global","Financial Analysis for Non-Financial Managers","https://www.insead.edu/executive-education/open-online-programmes/financial-analysis-managers","Live Online","","Mid-career","EUR","1910","","5","","1","Finance;Open Online Programmes","Direct","","Finance & Accounting","Finance for executives","Finance for non-finance managers","T04.S01.P01","","Stable","fallback"
"INSEAD","insead","Global","Driving Digital Marketing Strategy","https://www.insead.edu/executive-education/open-online-programmes/driving-digital-marketing-strategy","Live Online","","Functional specialist","","","","","","1","Marketing & Sales;Open Online Programmes","Direct","","Marketing, Sales & Customer","Marketing strategy and brand","Marketing strategy for executives","T05.S01.P01","T05.S02.P01","Stable","high"
"INSEAD","insead","Global","Transforming Your Business with AI","https://www.insead.edu/executive-education/open-online-programmes/transform-business-ai","Live Online","","Mixed","EUR","2100","","5","","1","Open Online Programmes;Digital Transformation & AI;General Management","Direct","","AI, Data & Digital","Digital transformation","Enterprise digital transformation strategy and roadmaps","T03.S03.P01","T03.S02.P05","Transformed","low"
"INSEAD","insead","Global","Building Strategic Partnerships and Ecosystems","https://www.insead.edu/executive-education/open-online-programmes/building-strategic-partnerships-ecosystems","Self-paced Online","","Mixed","","","","","","1","Microcredentials;Open Online Programmes","Direct","","Strategy","Corporate and competitive strategy","Platform and ecosystem strategy","T02.S01.P06","T02.S05.P05","Transformed","high"
"INSEAD","insead","Global","Leading Through Change and Uncertainty","https://www.insead.edu/executive-education/open-online-programmes/leading-through-change-uncertainty","Self-paced Online","","Mixed","","","","","","1","Microcredentials;Open Online Programmes","Direct","","Leadership & Executive Capability","Change, resilience and crisis","Leading in uncertainty, volatility and ambiguity","T01.S05.P05","","Stable","high"
"INSEAD","insead","Global","Negotiation Fundamentals","https://www.insead.edu/executive-education/open-online-programmes/negotiation-fundamentals","Self-paced Online","","Mixed","","","","","","1","Microcredentials;Open Online Programmes","Direct","","Marketing, Sales & Customer","Sales and go-to-market","Negotiation for commercial outcomes","T05.S04.P05","","Stable","high"
"INSEAD","insead","Global","Mastering Creative Thinking","https://www.insead.edu/executive-education/open-online-programmes/mastering-creative-thinking","Self-paced Online","","Mixed","","","","","","1","Microcredentials;Open Online Programmes","Direct","","Personal Effectiveness & Communication","Executive presence and communication","Public speaking, presentation and boardroom communication","T14.S01.P03","","Stable","fallback"
"INSEAD","insead","Global","Driving Innovation for Growth","https://www.insead.edu/executive-education/open-online-programmes/driving-innovation-growth","Self-paced Online","","Mixed","","","","","","1","Microcredentials;Open Online Programmes","Direct","","Innovation & Entrepreneurship","Innovation management","Innovation strategy and portfolio","T09.S01.P01","","Stable","fallback"
"INSEAD","insead","Global","Advancing Diversity and Inclusion","https://www.insead.edu/executive-education/open-online-programmes/advancing-diversity-inclusion","Self-paced Online","","Mixed","EUR","2050","","5.0","","1","Microcredentials;Open Online Programmes","Direct","","People, Talent & Organisation","Culture, DEI and organisational behaviour","Diversity, equity and inclusion","T07.S04.P02","","Stable","high"
"INSEAD","insead","Global","The Future of Work","https://www.insead.edu/executive-education/open-online-programmes/future-of-work","Self-paced Online","","Mixed","","","","","","1","Microcredentials;Open Online Programmes","Direct","","UNCLASSIFIED","","","","","","none"
"INSEAD","insead","Global","Online Certificate in Business Essentials","https://www.insead.edu/executive-education/insead-online-certificates","Live Online","","Mixed","EUR","5790","","16.5","","1","Certificates;Open Online Programmes","Direct","","General Management (Integrative)","Comprehensive general management","Mini-MBA and business fundamentals for specialists","T15.S01.P02","","Stable","high"
"INSEAD","insead","Global","Online Certificate in Digital Transformation","https://www.insead.edu/executive-education/insead-online-certificates","Live Online","","Mixed","EUR","5790","","16.5","","1","Certificates;Open Online Programmes","Direct","","AI, Data & Digital","Digital transformation","Enterprise digital transformation strategy and roadmaps","T03.S03.P01","","Transformed","high"
"INSEAD","insead","Global","Online Certificate in Negotiation","https://www.insead.edu/executive-education/insead-online-certificates","Live Online","","Mixed","EUR","4610","","9","","1","Certificates;Open Online Programmes","Direct","","Marketing, Sales & Customer","Sales and go-to-market","Negotiation for commercial outcomes","T05.S04.P05","","Stable","high"
"INSEAD","insead","Global","Certificate in Global Management","https://www.insead.edu/executive-education/certificate-global-management","Campus","","Mixed","","","15","","","1","Certificates","Direct","","UNCLASSIFIED","","","","","","none"
"INSEAD","insead","Global","Certificate in Corporate Governance","https://www.insead.edu/executive-education/insead-certification-directors","Campus","","Board","","","","","","1","Certificates;Corporate Governance","Direct","","Governance, Risk & Legal","Board governance","Board effectiveness and director duties","T08.S01.P01","","Stable","high"
"INSEAD","insead","Global","Advanced Certificate in Corporate Governance","https://www.insead.edu/executive-education/insead-certification-directors","Campus","","Board","","","","","","1","Certificates;Corporate Governance","Direct","","Governance, Risk & Legal","Board governance","Board effectiveness and director duties","T08.S01.P01","","Stable","high"
"INSEAD","insead","Global","Chief Operating Officer (COO) Programme","https://www.insead.edu/executive-education/programmes-delivered-emeritus/COO-programme","Live Online","Emeritus","C-suite/Senior","","","","","","1","Partner Programmes;Strategy","Partner","(P)","Operations, Supply Chain & Quality","Operations management","Operational excellence and process improvement","T06.S01.P01","T01.S02.P02","Stable","officer-rule"
"INSEAD","insead","Global","Chief Strategy Officer (CSO) Programme","https://www.insead.edu/executive-education/programmes-delivered-emeritus/chief-strategy-officer-programme","Live Online","Emeritus","C-suite/Senior","","","","","","1","Partner Programmes;Strategy","Partner","(P)","Strategy","Corporate and competitive strategy","Corporate strategy, portfolio and diversification","T02.S01.P02","T01.S02.P02","Stable","officer-rule"
"INSEAD","insead","Global","Sustainability Leadership and Strategy Programme","https://www.insead.edu/executive-education/programmes-delivered-emeritus/sustainability-leadership-strategy-programme","Live Online","Emeritus","C-suite/Senior","","","","","","1","Partner Programmes;Strategy","Partner","(P)","Sustainability, ESG & Climate","Sustainability strategy","Sustainability and ESG strategy for the enterprise","T10.S01.P01","","Transformed","high"
"INSEAD","insead","Global","Sustainability Leadership Programme for Senior Executives","https://www.insead.edu/executive-education/programmes-delivered-emeritus/sustainability-leadership-programme-for-senior-executives","Live Online","Emeritus","C-suite/Senior","","","","","","1","Partner Programmes;Strategy","Partner","(P)","Sustainability, ESG & Climate","Sustainability strategy","Sustainability and ESG strategy for the enterprise","T10.S01.P01","","Transformed","high"
"INSEAD","insead","Global","M&A Success Strategies","https://www.insead.edu/executive-education/programmes-delivered-emeritus/mergers-acquisitions-success-strategies","Live Online","Emeritus","Mid-career","","","","","","1","Partner Programmes;Strategy","Partner","(P)","Strategy","M&A and corporate development","M&A strategy and deal rationale","T02.S05.P01","","Stable","high"
"INSEAD","insead","Global","Rethinking Global Strategy","https://www.insead.edu/executive-education/programmes-delivered-emeritus/rethinking-global-strategy","Live Online","Emeritus","Mid-career","","","","","","1","Partner Programmes;Strategy","Partner","(P)","Strategy","Corporate and competitive strategy","Competitive strategy and advantage","T02.S01.P01","","Stable","fallback"
"INSEAD","insead","Global","Supply Chain Strategies for Business","https://www.insead.edu/executive-education/programmes-delivered-emeritus/supply-chain-strategies-business","Live Online","Emeritus","Mid-career","","","","","","1","Partner Programmes;Strategy","Partner","(P)","Operations, Supply Chain & Quality","Supply chain and logistics","Supply chain strategy and design","T06.S02.P01","","Stable","high"
"INSEAD","insead","Global","INSEAD Hans H. Wahl Impact Entrepreneurship Programme","https://www.insead.edu/executive-education/partner-programmes/insead-hans-h-wahl-impact-entrepreneurship-programme","Campus","","Mixed","","","4","","","1","Partner Programmes;Entrepreneurship & Family Business","Direct","","Innovation & Entrepreneurship","Entrepreneurship","Starting and scaling a venture","T09.S02.P01","T09.S02.P03","Stable","high"
"INSEAD","insead","Global","Product Leadership Programme","https://www.insead.edu/executive-education/partner-programmes/product-leadership-programme","Campus","","Mixed","","","5","","","1","Partner Programmes","Direct","","Marketing, Sales & Customer","Marketing strategy and brand","Product management and product marketing","T05.S01.P05","","Stable","high"
"INSEAD","insead","Global","INSEAD and Scandinavian Executive Institute Partnership Programmes","https://www.insead.edu/executive-education/partner-programmes/insead-and-scandinavian-executive-institute-partnership","Campus","Scandinavian Executive Institute","Mixed","","","","","","1","Partner Programmes;General Management;Top Management","Partner","(P)","Leadership & Executive Capability","Senior and C-suite leadership","CEO / top management leadership","T01.S02.P01","","Stable","low"
"INSEAD","insead","Global","CTAM Europe Executive Management Programme","https://www.insead.edu/executive-education/partner-programmes/ctam-europe-executive-management-programme","Campus","CTAM Europe","Mixed","","","5","","","1","Partner Programmes;General Management;Leadership","Partner","(P)","General Management (Integrative)","Comprehensive general management","General management programmes for senior leaders","T15.S01.P01","","Stable","fallback"
"INSEAD","insead","Global","Future Food & Ag Leadership programme from Agrohub and INSEAD","https://www.insead.edu/executive-education/partner-programmes/future-food-ag-leadership-programme-agrohub-agfunder","Campus","Agrohub / AgFunder","Mixed","","","","","","1","Partner Programmes;General Management;Leadership;Strategy","Partner","(P)","Leadership & Executive Capability","Foundational leadership","Leadership styles and situational leadership","T01.S01.P05","","Stable","fallback"
"INSEAD","insead","Global","INSEAD Healthcare Ethics & Compliance Programme","https://www.insead.edu/executive-education/partner-programmes/insead-healthcare-ethics-compliance-programme","Campus","","Mixed","","","","","","1","Partner Programmes;Leadership","Direct","","Governance, Risk & Legal","Enterprise risk and compliance","Compliance, ethics and integrity programmes","T08.S02.P03","","Stable","high"
"INSEAD","insead","Global","SAL-INSEAD Legal Leadership and Strategy Programme","https://www.insead.edu/executive-education/partner-programmes/sal-insead-legal-leadership-and-strategy-programme","Campus","Singapore Academy of Law","Mixed","","","","","","1","Partner Programmes;Leadership;Strategy","Partner","(P)","Strategy","Corporate and competitive strategy","Competitive strategy and advantage","T02.S01.P01","","Stable","fallback"
"INSEAD","insead","Global","INSEAD Leadership Programme for Senior Executives – India","https://www.insead.edu/executive-education/partner-programmes/insead-leadership-programme-senior-executives-india","Campus","","Mixed","SGD","43000","","52.0","","1","Partner Programmes;Leadership;Finance;General Management","Direct","","Leadership & Executive Capability","Foundational leadership","Leadership styles and situational leadership","T01.S01.P05","","Stable","fallback"
"INSEAD","insead","Global","Strategy in the Age of AI and Digital Disruption","https://www.insead.edu/executive-education/open-online-programmes/strategy-age-digital-disruption","Self-paced Online","","Mid-career","EUR","2050","","5.0","","1","","Direct","","Strategy","Corporate and competitive strategy","Competitive strategy and advantage","T02.S01.P01","","Stable","fallback"
"INSEAD","insead","Global","Advanced Negotiations","https://www.insead.edu/executive-education/open-online-programmes/advanced-negotiations","Self-paced Online","","Senior","EUR","2470","","4.0","","1","","Direct","","Marketing, Sales & Customer","Sales and go-to-market","Negotiation for commercial outcomes","T05.S04.P05","","Stable","high"
"INSEAD","insead","Global","Strategic Negotiations","https://www.insead.edu/executive-education/open-online-programmes/strategic-negotiations","Self-paced Online","","Mixed","EUR","2050","","5.0","","1","","Direct","","Marketing, Sales & Customer","Sales and go-to-market","Negotiation for commercial outcomes","T05.S04.P05","","Stable","high"
"INSEAD","insead","Global","Aspiring Women Leaders Programme","https://www.insead.edu/executive-education/leadership/aspiring-women-leaders-programme","Campus","","Mid-career","EUR","8750","3","0.6","","1","","Direct","","People, Talent & Organisation","Culture, DEI and organisational behaviour","Women's leadership and gender in the workplace","T07.S04.P03","","Stable","high"
"INSEAD","insead","Global","Corporate Venturing and Innovation","https://www.insead.edu/executive-education/entrepreneurship/corporate-venturing-and-innovation","Campus","","Senior","EUR","11200","5","1.0","","1","","Direct","","Innovation & Entrepreneurship","Innovation management","Corporate venturing and open innovation","T09.S01.P04","","Stable","high"
"INSEAD","insead","Global","AI for Business","https://www.insead.edu/executive-education/digital-transformation-ai/ai-business","Campus","","Senior","EUR","11200","5","1.0","","1","","Direct","","AI, Data & Digital","AI foundations for leaders","AI and machine learning fundamentals for executives","T03.S01.P01","","Transformed","high"
"Indian School of Business","isb","India","Senior Management Programme","https://execed.isb.edu","Blended","","C-suite/Senior","INR","900000","","52","","1","C-suite Programmes","Direct","","General Management (Integrative)","Comprehensive general management","General management programmes for senior leaders","T15.S01.P01","","Stable","override"
"Indian School of Business","isb","India","Accelerated General Management Programme","https://execed.isb.edu","Blended","","C-suite/Senior","INR","740000","","44","","1","C-suite Programmes","Direct","","General Management (Integrative)","Comprehensive general management","General management programmes for senior leaders","T15.S01.P01","","Stable","override"
"Indian School of Business","isb","India","Chief Growth & Marketing Officer Programme","https://execed.isb.edu","Blended","","C-suite/Senior","INR","600000","","43","","1","C-suite Programmes","Direct","","Marketing, Sales & Customer","Marketing strategy and brand","Marketing strategy for executives","T05.S01.P01","","Stable","override"
"Indian School of Business","isb","India","Chief Human Resources Officer Programme","https://execed.isb.edu","Blended","","C-suite/Senior","INR","630000","","43","","1","C-suite Programmes","Direct","","People, Talent & Organisation","HR strategy and the CHRO agenda","CHRO and HR leadership","T07.S01.P02","T01.S02.P02","Stable","override"
"Indian School of Business","isb","India","Women's Leadership Programme","https://execed.isb.edu","Blended","","Mid-career","INR","325000","","26","","1","Executive Programmes","Direct","","People, Talent & Organisation","Culture, DEI and organisational behaviour","Women's leadership and gender in the workplace","T07.S04.P03","","Stable","override"
"Indian School of Business","isb","India","Emerging Leaders Programme","https://execed.isb.edu","Blended","","Mid-career","INR","395000","","35","","1","Executive Programmes","Direct","","Leadership & Executive Capability","Foundational leadership","Leading mid-level to senior transition","T01.S01.P03","","Stable","override"
"Indian School of Business","isb","India","Executive Programme in Business Management","https://execed.isb.edu","Blended","","Mid-career","INR","325000","","32","","1","Executive Programmes","Direct","","General Management (Integrative)","Comprehensive general management","Mini-MBA and business fundamentals for specialists","T15.S01.P02","","Stable","override"
"Indian School of Business","isb","India","Executive Programme in Strategy and Leadership","https://execed.isb.edu","Blended","","Mid-career","INR","335000","","38","","1","Executive Programmes","Direct","","Strategy","Strategy execution","Strategy execution and implementation","T02.S02.P01","","Stable","override"
"Indian School of Business","isb","India","Executive Programme in Fintech and AI","https://execed.isb.edu","Blended","","Mid-career","INR","295000","","32","","1","Executive Programmes","Direct","","Finance & Accounting","Fintech and AI in finance","Fintech, digital payments and embedded finance","T04.S04.P01","","Transformed","override"
"Indian School of Business","isb","India","Strategic Digital Leadership Programme","https://execed.isb.edu","Blended","","Mid-career","INR","315000","","13","","1","Executive Programmes","Direct","","AI, Data & Digital","Digital transformation","Enterprise digital transformation strategy and roadmaps","T03.S03.P01","","Transformed","override"
"Indian School of Business","isb","India","AI for Leaders: Strategy to Action","https://execed.isb.edu","Campus","","Mixed","INR","175000","3","","","1","Certificate Programmes","Direct","","Strategy","AI-era strategy","AI strategy for the enterprise","T02.S03.P01","","New","override"
"Indian School of Business","isb","India","Public Policy","https://execed.isb.edu","Blended","","Mixed","INR","125000","","22","","1","Certificate Programmes","Direct","","Public Policy, Government & Infrastructure","Public policy and governance","Public policy design and analysis","T11.S01.P01","","Stable","override"
"Indian School of Business","isb","India","Essentials of Leadership","https://execed.isb.edu","Campus","","Mixed","INR","250000","5","1.0","","1","Certificate Programmes","Direct","","Leadership & Executive Capability","Foundational leadership","Leading mid-level to senior transition","T01.S01.P03","","Stable","override"
"Indian School of Business","isb","India","Powering High-performance Boards Programme","https://execed.isb.edu","Campus","","Mixed","INR","200000","3","0.6","","1","Certificate Programmes","Direct","","Governance, Risk & Legal","Board governance","Board effectiveness and director duties","T08.S01.P01","","Stable","override"
"Indian School of Business","isb","India","Business Storytelling and Executive Presence","https://execed.isb.edu","Campus","","Mixed","INR","125000","3","0.6","","1","Certificate Programmes","Direct","","Personal Effectiveness & Communication","Executive presence and communication","Business storytelling and narrative","T14.S01.P02","","Stable","override"
"Indian School of Business","isb","India","Mastering Negotiation and Influence","https://execed.isb.edu","Campus","","Mixed","INR","125000","3","0.6","","1","Certificate Programmes","Direct","","Marketing, Sales & Customer","Sales and go-to-market","Negotiation for commercial outcomes","T05.S04.P05","","Stable","override"
"Indian School of Business","isb","India","Building High-performance Teams","https://execed.isb.edu","Campus","","Mixed","INR","125000","3","0.6","","1","Certificate Programmes","Direct","","Leadership & Executive Capability","Leading people and teams","Leading high-performing teams","T01.S03.P01","","Stable","override"
"Indian School of Business","isb","India","Creating and Scaling Excellence","https://execed.isb.edu","Campus","","Mixed","INR","110000","2","0.4","","1","Certificate Programmes","Direct","","Strategy","Corporate and competitive strategy","Growth strategy and scaling","T02.S01.P04","","Stable","override"
"Indian School of Business","isb","India","Mastering Executive Presence","https://execed.isb.edu","Blended","","Mixed","INR","118000","","15","","1","Certificate Programmes","Direct","","Personal Effectiveness & Communication","Executive presence and communication","Executive presence and personal brand","T14.S01.P01","","Stable","override"
"Indian School of Business","isb","India","Strategy Formulation and Execution","https://execed.isb.edu","Campus","","Mixed","INR","125000","3","0.6","","1","Certificate Programmes","Direct","","Strategy","Corporate and competitive strategy","Competitive strategy and advantage","T02.S01.P01","","Stable","override"
"Indian School of Business","isb","India","Project Management","https://execed.isb.edu","Blended","","Mixed","INR","145000","","24","","1","Certificate Programmes","Direct","","Operations, Supply Chain & Quality","Operations management","Project management","T06.S01.P05","","Stable","override"
"Indian School of Business","isb","India","Operational Excellence for Leaders","https://execed.isb.edu","Campus","","Mixed","INR","95000","2","0.4","","1","Certificate Programmes","Direct","","Operations, Supply Chain & Quality","Operations management","Operational excellence and process improvement","T06.S01.P01","","Stable","override"
"Indian School of Business","isb","India","AI in Business: Fundamentals to Applications","https://execed.isb.edu","Blended","","Mixed","INR","145000","","23","","1","Certificate Programmes","Direct","","AI, Data & Digital","AI foundations for leaders","AI and machine learning fundamentals for executives","T03.S01.P01","","Transformed","override"
"Indian School of Business","isb","India","Digital Business Transformation with AI","https://execed.isb.edu","Blended","","Mixed","INR","208650","","25","","1","Certificate Programmes","Direct","","AI, Data & Digital","Digital transformation","Enterprise digital transformation strategy and roadmaps","T03.S03.P01","","Transformed","override"
"Indian School of Business","isb","India","Managing Sales Teams and Distribution Channels","https://execed.isb.edu","Campus","","Mixed","INR","120000","3","0.6","","1","Certificate Programmes","Direct","","Marketing, Sales & Customer","Sales and go-to-market","Channel, distribution and route-to-market","T05.S04.P03","","Stable","override"
"Indian School of Business","isb","India","Chief Technology Officer Programme","https://isbexecedu.isb.edu","Live Online","Emeritus","C-suite/Senior","INR","631000","","24","","1","C-suite Programmes","Partner","(P)","AI, Data & Digital","Digital transformation","Enterprise digital transformation strategy and roadmaps","T03.S03.P01","T01.S02.P02","Transformed","override"
"Indian School of Business","isb","India","Chief Digital and AI Officer Programme","https://isbexecedu.isb.edu","Live Online","Emeritus","C-suite/Senior","INR","631000","","30.0","","1","C-suite Programmes","Partner","(P)","Strategy","AI-era strategy","AI strategy for the enterprise","T02.S03.P01","T03.S02.P01","New","override"
"Indian School of Business","isb","India","Chief Financial Officer Programme","https://imarticus.org","Live Online","Imarticus Learning","C-suite/Senior","INR","500000","","32","","1","C-suite Programmes","Partner","(P)","Finance & Accounting","Finance for executives","Corporate finance and capital allocation","T04.S01.P03","T01.S02.P02","Stable","override"
"Indian School of Business","isb","India","Venture Capital and Private Equity Programme","https://isbexecedu.isb.edu","Live Online","Emeritus","Mid-career","INR","461000","","22","","1","Executive Programmes","Partner","(P)","Finance & Accounting","Investment and capital markets","Private equity and venture capital","T04.S02.P02","","Stable","override"
"Indian School of Business","isb","India","Leadership with AI","https://online-em.isb.edu","Live Online","Emeritus","Mixed","INR","229900","","20","","1","Certificate Programmes","Partner","(P)","Leadership & Executive Capability","Leading human-AI organisations","Redesigning managerial work around AI","T01.S04.P02","","New","override"
"Indian School of Business","isb","India","Cybersecurity for Leaders","https://online-em.isb.edu","Live Online","Emeritus","Mixed","INR","14900","","16","","1","Certificate Programmes","Partner","(P)","AI, Data & Digital","Cybersecurity and technology risk","Cybersecurity strategy for leaders and boards","T03.S05.P01","","Transformed","override"
"Indian School of Business","isb","India","Transforming HR with Analytics and AI","https://online-em.isb.edu","Live Online","Emeritus","Mixed","INR","149900","","16","","1","Certificate Programmes","Partner","(P)","People, Talent & Organisation","People analytics and AI in HR","People analytics and HR data","T07.S03.P01","","Transformed","override"
"Indian School of Business","isb","India","Applied Business Analytics","https://online-em.isb.edu","Live Online","Emeritus","Mixed","INR","115000","","14","","1","Certificate Programmes","Partner","(P)","AI, Data & Digital","Data, analytics and decisions","Business analytics for decision-making","T03.S04.P01","","Stable","override"
"Indian School of Business","isb","India","Digital Marketing and Analytics","https://online-em.isb.edu","Live Online","Emeritus","Mixed","INR","115000","","12","","1","Certificate Programmes","Partner","(P)","Marketing, Sales & Customer","Digital growth and performance marketing","Digital marketing and performance media","T05.S02.P01","","Transformed","override"
"Indian School of Business","isb","India","Product Management","https://online-em.isb.edu","Live Online","Emeritus","Mixed","INR","159900","","16","","1","Certificate Programmes","Partner","(P)","Marketing, Sales & Customer","Marketing strategy and brand","Product management and product marketing","T05.S01.P05","","Stable","override"
"Indian School of Business","isb","India","Professional Certificate in Product Management","https://online-em.isb.edu","Live Online","Emeritus","Mixed","INR","259900","","28","","1","Certificate Programmes","Partner","(P)","Marketing, Sales & Customer","Marketing strategy and brand","Product management and product marketing","T05.S01.P05","","Stable","override"
"Indian School of Business","isb","India","Professional Certificate Programme in Digital Marketing","https://online-em.isb.edu","Live Online","Emeritus","Mixed","INR","199900","","25.0","","1","Certificate Programmes","Partner","(P)","Marketing, Sales & Customer","Digital growth and performance marketing","Digital marketing and performance media","T05.S02.P01","","Transformed","override"
"Indian School of Business","isb","India","Certificate Programme in IT Project Management","https://online-em.isb.edu","Live Online","Emeritus","Mixed","INR","129900","","12","","1","Certificate Programmes","Partner","(P)","Operations, Supply Chain & Quality","Operations management","Project management","T06.S01.P05","","Stable","override"
"Indian School of Business","isb","India","Certificate Programme in Healthcare Management","https://online-em.isb.edu","Live Online","Emeritus","Mixed","INR","123000","","12","","1","Certificate Programmes","Partner","(P)","Healthcare & Life Sciences","Healthcare management","Hospital and healthcare operations management","T12.S01.P01","","Stable","override"
"Indian School of Business","isb","India","Certificate Programme in Healthcare Leadership","https://online-er.isb.edu","Live Online","Emeritus","Mixed","","","","","","1","Certificate Programmes","Partner","(P)","Healthcare & Life Sciences","Healthcare management","Healthcare strategy, payers and providers","T12.S01.P02","","Stable","override"
"Indian School of Business","isb","India","Certificate Programme in Digital Transformation","https://online-er.isb.edu","Live Online","Emeritus","Mixed","","","","","","1","Certificate Programmes","Partner","(P)","AI, Data & Digital","Digital transformation","Enterprise digital transformation strategy and roadmaps","T03.S03.P01","","Transformed","override"
"Indian School of Business","isb","India","Chief Strategy Officer Programme","https://execed.isb.edu/for-individuals/c-suite-programmes/chief-strategy-officer-programme","Blended","","C-suite/Senior","INR","825000","","26.0","","1","C-suite Programmes","Direct","","Strategy","Corporate and competitive strategy","Corporate strategy, portfolio and diversification","T02.S01.P02","T01.S02.P02","Stable","override"
"Indian School of Business","isb","India","ISB-NUS Global Advanced Management Programme","https://online.isb.edu/lp/isb-nus-global-advanced-management-programme","Blended","NUS Business School","C-suite/Senior","INR","1275000","","18.0","","1","C-suite Programmes","Partner","(P)","General Management (Integrative)","Comprehensive general management","General management programmes for senior leaders","T15.S01.P01","","Stable","override"
"Indian School of Business","isb","India","General Management Programme","https://execed.isb.edu/for-individuals/c-suite-programmes/general-management-programme","Blended","","Mid-career","INR","800000","","34.6","","1","C-suite Programmes","Direct","","General Management (Integrative)","Comprehensive general management","General management programmes for senior leaders","T15.S01.P01","","Stable","override"
"Indian School of Business","isb","India","Business Strategy","https://online.isb.edu/business-strategy","Self-paced Online","","Mid-career","INR","170000","","22.0","","1","ISB Online","Direct","","Strategy","Corporate and competitive strategy","Competitive strategy and advantage","T02.S01.P01","","Stable","override"
"Indian School of Business","isb","India","EY-ISB Executive Program on Board Effectiveness for Women","https://www.ey.com/en_in/women-fast-forward/ey-isb-executive-program-on-board-effectiveness","Campus","EY","Board","INR","250000","","","","1","","Partner","(P)","Governance, Risk & Legal","Board governance","Board effectiveness and director duties","T08.S01.P01","","Stable","override"
"Jaro Education","jaro","India","Professional Certificate Programme In Strategic Sales Management And New Age Marketin","https://www.jaroeducation.com/professional-certificate-programme-in-strategic-sales-management-and-new-age-marketing-iim-kozhikode/","Blended","","Mid-career","INR","240000","","43.3","","1","","Direct","","Marketing, Sales & Customer","Sales and go-to-market","Sales leadership and sales force management","T05.S04.P01","","Stable","high"
"Jaro Education","jaro","India","Artificial Intelligence and Cyber Security for Organizations [EPAI&CSO]","https://www.jaroeducation.com/executive-programme-in-artificial-intelligence-and-cyber-security-for-organizations-iim-indore/","Blended","","Mixed","INR","200000","","43.3","","1","","Direct","","Strategy","Corporate and competitive strategy","Corporate strategy, portfolio and diversification","T02.S01.P02","T03.S02.P01","Stable","officer-rule"
"Jaro Education","jaro","India","Digital Marketing: Business Models, Processes and Technologies","https://www.jaroeducation.com/digital-marketing-business-models-technologies-iim-ahmedabad/","Blended","","Mid-career","INR","350000","","21.6","","1","","Direct","","Strategy","Corporate and competitive strategy","Business model innovation and reinvention","T02.S01.P05","T05.S02.P01","Transformed","high"
"Jaro Education","jaro","India","Information Technology Management for Strategic Business Leadership: A Programme for Future CIOs and CTOs","https://www.jaroeducation.com/it-management-strategic-business-leadership-future-cio-cto-iim-ahmedabad/","Blended","","Senior","INR","400000","","26.0","","1","","Direct","","AI, Data & Digital","Digital transformation","Enterprise digital transformation strategy and roadmaps","T03.S03.P01","","Transformed","fallback"
"Kellogg School of Management","kellogg","Global","Executive Development Program","https://www.kellogg.northwestern.edu/executive-education/individual-programs/executive-programs/edp/#upcomingsessions","Blended","","Mid-career","USD","39500","20","4.0","","1","","Direct","","UNCLASSIFIED","","","","","","none"
"Kellogg School of Management","kellogg","Global","Strategic Capabilities for Emerging Business Leaders","https://www.kellogg.northwestern.edu/executive-education/individual-programs/executive-programs/stratcap/","Live Online","","Mid-career","USD","5850","12","2.4","","1","","Direct","","Strategy","Corporate and competitive strategy","Competitive strategy and advantage","T02.S01.P01","","Stable","fallback"
"Kellogg School of Management","kellogg","Global","Corporate Finance","https://www.kellogg.northwestern.edu/executive-education/individual-programs/executive-programs/corpfin/#upcomingsessions","Campus","","Mixed","USD","10450","6","1.2","","1","","Direct","","Finance & Accounting","Finance for executives","Corporate finance and capital allocation","T04.S01.P03","","Stable","high"
"Kellogg School of Management","kellogg","Global","Finance for Executives","https://www.kellogg.northwestern.edu/executive-education/individual-programs/executive-programs/finexec/#upcomingsessions","Campus","","Mixed","USD","11100","6","1.2","","1","","Direct","","Finance & Accounting","Finance for executives","Finance for non-finance managers","T04.S01.P01","","Stable","fallback"
"Kellogg School of Management","kellogg","Global","Merger Week","https://www.kellogg.northwestern.edu/executive-education/individual-programs/executive-programs/mw/#upcomingsessions","Campus","","Mixed","USD","10700","6","1.2","","1","","Direct","","UNCLASSIFIED","","","","","","none"
"Kellogg School of Management","kellogg","Global","Corporate Governance","https://www.kellogg.northwestern.edu/executive-education/individual-programs/executive-programs/director/#upcomingsessions","Campus","","Senior","USD","11500","4","0.8","","1","","Direct","","Governance, Risk & Legal","Board governance","Board effectiveness and director duties","T08.S01.P01","","Stable","high"
"Kellogg School of Management","kellogg","Global","Family Enterprise Boards","https://www.kellogg.northwestern.edu/executive-education/individual-programs/executive-programs/famboard/#upcomingsessions","Campus","","Board","USD","13000","11","2.2","","1","","Direct","","Innovation & Entrepreneurship","Entrepreneurship","Family business succession and next-generation owners","T09.S02.P03","T08.S01.P01","Stable","high"
"Kellogg School of Management","kellogg","Global","Family Enterprise Leaders Forum 2025: Strategic Growth","https://www.kellogg.northwestern.edu/executive-education/individual-programs/executive-programs/famelf/","Campus","","Senior","USD","8450","3","0.6","","1","","Direct","","Innovation & Entrepreneurship","Entrepreneurship","Family business succession and next-generation owners","T09.S02.P03","","Stable","high"
"Kellogg School of Management","kellogg","Global","Forming Family Enterprise Governance","https://www.kellogg.northwestern.edu/executive-education/individual-programs/executive-programs/fameg/#upcomingsessions","Unknown","","Unknown","","","","","","1","","Direct","","Innovation & Entrepreneurship","Entrepreneurship","Family business succession and next-generation owners","T09.S02.P03","","Stable","high"
"Kellogg School of Management","kellogg","Global","Governing Family Enterprises","https://www.kellogg.northwestern.edu/executive-education/individual-programs/executive-programs/family/#upcomingsessions","Campus","","Board","USD","13000","11","2.2","","1","","Direct","","Innovation & Entrepreneurship","Entrepreneurship","Family business succession and next-generation owners","T09.S02.P03","","Stable","high"
"Kellogg School of Management","kellogg","Global","AI at Scale: Driving Real Business Outcomes Across the Enterprise","https://www.kellogg.northwestern.edu/executive-education/individual-programs/executive-programs/aiscale/#upcomingsessions","Live Online","","C-suite/Senior","USD","4950","4","0.8","","1","","Direct","","Leadership & Executive Capability","Senior and C-suite leadership","Becoming a C-suite officer (role-specific ladders)","T01.S02.P02","T03.S03.P04","Stable","low"
"Kellogg School of Management","kellogg","Global","Competitive Strategy","https://www.kellogg.northwestern.edu/executive-education/individual-programs/executive-programs/compete/#upcomingsessions","Campus","","Mid-career","USD","10450","5","1.0","","1","","Direct","","Strategy","Corporate and competitive strategy","Competitive strategy and advantage","T02.S01.P01","","Stable","high"
"Kellogg School of Management","kellogg","Global","Creating and Managing Strategic Alliances","https://www.kellogg.northwestern.edu/executive-education/individual-programs/executive-programs/cmsa/#upcomingsessions","Live Online","","Mid-career","USD","5850","5","1.0","","1","","Direct","","Strategy","M&A and corporate development","Alliances, joint ventures and partnerships","T02.S05.P05","","Stable","high"
"Kellogg School of Management","kellogg","Global","Delivering Business Growth","https://www.kellogg.northwestern.edu/executive-education/individual-programs/executive-programs/bizgrowth/#upcomingsessions","Campus","","C-suite/Senior","USD","9000","4","0.8","","1","","Direct","","Leadership & Executive Capability","Senior and C-suite leadership","Becoming a C-suite officer (role-specific ladders)","T01.S02.P02","T03.S03.P04","Stable","low"
"Kellogg School of Management","kellogg","Global","Growth Marketing","https://www.kellogg.northwestern.edu/executive-education/individual-programs/executive-programs/growth/#upcomingsessions","Campus","","Mixed","USD","8750","4","0.8","","1","","Direct","","Marketing, Sales & Customer","Marketing strategy and brand","Marketing strategy for executives","T05.S01.P01","","Stable","fallback"
"Kellogg School of Management","kellogg","Global","Leading and Sustaining a Culture of Innovation","https://www.kellogg.northwestern.edu/executive-education/individual-programs/executive-programs/innovate/#upcomingsessions","Campus","","Senior","USD","9000","4","0.8","","1","","Direct","","Innovation & Entrepreneurship","Innovation management","Innovation strategy and portfolio","T09.S01.P01","","Stable","fallback"
"Kellogg School of Management","kellogg","Global","Constructive Collaboration","https://www.kellogg.northwestern.edu/executive-education/individual-programs/executive-programs/collaborate/#upcomingsessions","Live Online","","Mid-career","USD","6500","5","1.0","","1","","Direct","","UNCLASSIFIED","","","","","","none"
"Kellogg School of Management","kellogg","Global","Driving Organizational Change","https://www.kellogg.northwestern.edu/executive-education/individual-programs/executive-programs/orgchange/#upcomingsessions","Campus","","Senior","USD","10050","4","0.8","","1","","Direct","","UNCLASSIFIED","","","","","","none"
"Kellogg School of Management","kellogg","Global","Energizing People for Performance","https://www.kellogg.northwestern.edu/executive-education/individual-programs/executive-programs/people/#upcomingsessions","Campus","","Mid-career","USD","9000","4","0.8","","1","","Direct","","UNCLASSIFIED","","","","","","none"
"Kellogg School of Management","kellogg","Global","Leading High-Impact Teams","https://www.kellogg.northwestern.edu/executive-education/individual-programs/executive-programs/team/#upcomingsessions","Live Online","","Mid-career","USD","6250","5","1.0","","1","","Direct","","Leadership & Executive Capability","Foundational leadership","Leadership styles and situational leadership","T01.S01.P05","","Stable","fallback"
"Kellogg School of Management","kellogg","Global","Leading with AI","https://www.kellogg.northwestern.edu/executive-education/individual-programs/executive-programs/bigdata/#upcomingsessions","Campus","","Senior","USD","11100","4","0.8","","1","","Direct","","AI, Data & Digital","Digital transformation","Enterprise digital transformation strategy and roadmaps","T03.S03.P01","","Transformed","fallback"
"Kellogg School of Management","kellogg","Global","Negotiation Master Class","https://www.kellogg.northwestern.edu/executive-education/individual-programs/executive-programs/mneg/#upcomingsessions","Live Online","","Mixed","USD","6900","12","2.4","","1","","Direct","","Marketing, Sales & Customer","Sales and go-to-market","Negotiation for commercial outcomes","T05.S04.P05","","Stable","high"
"Kellogg School of Management","kellogg","Global","The Customer-Focused Organization","https://www.kellogg.northwestern.edu/executive-education/individual-programs/executive-programs/focus/#upcomingsessions","Campus","","Senior","USD","9000","4","0.8","","1","","Direct","","UNCLASSIFIED","","","","","","none"
"Kellogg School of Management","kellogg","Global","The Leader Within","https://www.kellogg.northwestern.edu/executive-education/individual-programs/executive-programs/lsphere/#upcomingsessions","Campus","","Mid-career","USD","11500","5","1.0","","1","","Direct","","Leadership & Executive Capability","Foundational leadership","Leadership styles and situational leadership","T01.S01.P05","","Stable","fallback"
"Kellogg School of Management","kellogg","Global","The Strategy of Leadership","https://www.kellogg.northwestern.edu/executive-education/individual-programs/executive-programs/newscience/#upcomingsessions","Campus","","Senior","USD","9000","3","0.6","","1","","Direct","","Strategy","Corporate and competitive strategy","Competitive strategy and advantage","T02.S01.P01","","Stable","fallback"
"Kellogg School of Management","kellogg","Global","Turning Data into Revenue: Decision-Making Analytics for Sales Executives","https://www.kellogg.northwestern.edu/executive-education/individual-programs/executive-programs/salesana/#upcomingsessions","Unknown","","Unknown","USD","6000","3","0.6","","1","","Direct","","AI, Data & Digital","Data, analytics and decisions","Business analytics for decision-making","T03.S04.P01","T14.S02.P01","Stable","high"
"Kellogg School of Management","kellogg","Global","Advanced Marketing Management","https://www.kellogg.northwestern.edu/executive-education/individual-programs/executive-programs/admark/#upcomingsessions","Campus","","Senior","USD","11100","5","1.0","","1","","Direct","","Marketing, Sales & Customer","Marketing strategy and brand","Marketing strategy for executives","T05.S01.P01","","Stable","high"
"Kellogg School of Management","kellogg","Global","Business Marketing Strategy","https://www.kellogg.northwestern.edu/executive-education/individual-programs/executive-programs/btob/#upcomingsessions","Campus","","Mixed","USD","11500","4","0.8","","1","","Direct","","Marketing, Sales & Customer","Marketing strategy and brand","Marketing strategy for executives","T05.S01.P01","","Stable","high"
"Kellogg School of Management","kellogg","Global","High-Impact Sales Strategy in a Digital World","https://www.kellogg.northwestern.edu/executive-education/individual-programs/executive-programs/salestrat/#upcomingsessions","Unknown","","Unknown","","","","","","1","","Direct","","Leadership & Executive Capability","Senior and C-suite leadership","Becoming a C-suite officer (role-specific ladders)","T01.S02.P02","","Stable","low"
"Kellogg School of Management","kellogg","Global","Kellogg on Branding","https://www.kellogg.northwestern.edu/executive-education/individual-programs/executive-programs/brand/#upcomingsessions","Campus","","Mixed","USD","9950","5","1.0","","1","","Direct","","Marketing, Sales & Customer","Marketing strategy and brand","Brand management and positioning","T05.S01.P02","","Stable","high"
"Kellogg School of Management","kellogg","Global","Selling Yourself and Your Ideas","https://www.kellogg.northwestern.edu/executive-education/individual-programs/executive-programs/selling/#upcomingsessions","Campus","","Unknown","USD","8750","4","0.8","","1","","Direct","","Innovation & Entrepreneurship","Entrepreneurship","Starting and scaling a venture","T09.S02.P01","","Stable","low"
"Kellogg School of Management","kellogg","Global","B2B Sales Force Strategy & Effectiveness in the Digital Age","https://www.kellogg.northwestern.edu/executive-education/individual-programs/executive-programs/sales/#upcomingsessions","Campus","","C-suite/Senior","USD","10450","5","1.0","","1","","Direct","","Marketing, Sales & Customer","Marketing strategy and brand","B2B and industrial marketing","T05.S01.P06","T05.S04.P01","Stable","high"
"Kellogg School of Management","kellogg","Global","Lean Operations","https://www.kellogg.northwestern.edu/executive-education/individual-programs/executive-programs/lean/#upcomingsessions","Live Online","","Senior","USD","4150","5","1.0","","1","","Direct","","Operations, Supply Chain & Quality","Operations management","Lean, Six Sigma and quality management","T06.S01.P02","","Stable","high"
"Kellogg School of Management","kellogg","Global","Operations Strategy","https://www.kellogg.northwestern.edu/executive-education/individual-programs/executive-programs/opstrat/#upcomingsessions","Campus","","Senior","USD","7950","3","0.6","","1","","Direct","","Strategy","Corporate and competitive strategy","Competitive strategy and advantage","T02.S01.P01","","Stable","fallback"
"Kellogg School of Management","kellogg","Global","Supply Chain Management","https://www.kellogg.northwestern.edu/executive-education/individual-programs/executive-programs/supply/#upcomingsessions","Live Online","","Mid-career","USD","5850","4","0.8","","1","","Direct","","Operations, Supply Chain & Quality","Supply chain and logistics","Supply chain strategy and design","T06.S02.P01","","Stable","high"
"Kellogg School of Management","kellogg","Global","AI Strategies and Applications for Leaders","https://online.em.kellogg.northwestern.edu/kellogg-ai-strategies-and-applications-for-leaders?src_trk=em680a3aebd165d2.3028779295613785&utm_campaign=organic&utm_medium=EmWebsite&utm_source=google","Campus","","C-suite/Senior","INR","165000","","12.0","","1","","Direct","","Leadership & Executive Capability","Senior and C-suite leadership","Becoming a C-suite officer (role-specific ladders)","T01.S02.P02","T03.S03.P04","Stable","low"
"Kellogg School of Management","kellogg","Global","Post Graduate Certificate in Product Management","https://online.em.kellogg.northwestern.edu/kellogg-post-graduate-certificate-in-product-management?src_trk=em680a3aebd165d2.3028779295613785&utm_campaign=organic&utm_medium=EmWebsite&utm_source=google","Campus","","Mid-career","INR","295000","","36.0","","1","","Direct","","Marketing, Sales & Customer","Marketing strategy and brand","Product management and product marketing","T05.S01.P05","","Stable","high"
"Kellogg School of Management","kellogg","Global","Strategic Marketing Leadership Program","https://online.em.kellogg.northwestern.edu/kellogg-strategic-marketing-leadership-programme?src_trk=em680a3aebd165d2.302877921058966122&utm_campaign=organic&utm_medium=EmWebsite&utm_source=google","Campus","","Senior","INR","287000","","30.0","","1","","Direct","","Marketing, Sales & Customer","Marketing strategy and brand","Marketing strategy for executives","T05.S01.P01","","Stable","high"
"Kellogg School of Management","kellogg","Global","Post Graduate Certificate in Digital Marketing","https://online.em.kellogg.northwestern.edu/kellogg-post-graduate-certificate-in-digital-marketing?src_trk=em680a3aebd165d2.302877921058966122&utm_campaign=organic&utm_medium=EmWebsite&utm_source=google","Self-paced Online","","Mid-career","INR","287000","","39.0","","1","","Direct","","Marketing, Sales & Customer","Digital growth and performance marketing","Digital marketing and performance media","T05.S02.P01","","Transformed","high"
"London Business School","lbs","Global","Accelerated Development Programme","https://www.london.edu/executive-education/general-management/accelerated-development-programme","Campus","","Mid-career","GBP","30500","","8.0","","1","General Management","Direct","","General Management (Integrative)","Comprehensive general management","General management programmes for senior leaders","T15.S01.P01","","Stable","fallback"
"London Business School","lbs","Global","Global Executive Programme","https://www.london.edu/executive-education/general-management/global-executive-programme","Campus","","C-suite/Senior","GBP","20000","5","1.0","","1","General Management","Direct","","General Management (Integrative)","Comprehensive general management","General management programmes for senior leaders","T15.S01.P01","","Stable","fallback"
"London Business School","lbs","Global","Senior Executive Programme","https://www.london.edu/executive-education/general-management/senior-executive-programme","Campus","","C-suite/Senior","GBP","41900","20","2.0","","1","General Management","Direct","","Leadership & Executive Capability","Senior and C-suite leadership","CEO / top management leadership","T01.S02.P01","T01.S02.P02","Stable","high"
"London Business School","lbs","Global","Executive Presence and Communication","https://www.london.edu/executive-education/leadership/executive-presence-and-communication","Campus","","Mid-career","","","","","","1","Leadership","Direct","","Personal Effectiveness & Communication","Executive presence and communication","Executive presence and personal brand","T14.S01.P01","","Stable","high"
"London Business School","lbs","Global","High Performance People Skills for Leaders","https://www.london.edu/executive-education/leadership/high-performance-people-skills-for-leaders","Campus","","Mid-career","GBP","10200","5","1.0","","1","Leadership","Direct","","Leadership & Executive Capability","Foundational leadership","Leadership styles and situational leadership","T01.S01.P05","","Stable","fallback"
"London Business School","lbs","Global","Leading Businesses into the Future","https://www.london.edu/executive-education/leadership/leading-businesses-into-the-future","Campus","","C-suite/Senior","GBP","12800","5","1.1","","1","Leadership;Strategy","Direct","","Leadership & Executive Capability","Foundational leadership","Leadership styles and situational leadership","T01.S01.P05","","Stable","fallback"
"London Business School","lbs","Global","Leading Change for Organisational Transformation","https://www.london.edu/executive-education/leadership/leading-change","Campus","","C-suite/Senior","GBP","9700","5","1.0","","1","Leadership","Direct","","Leadership & Executive Capability","Change, resilience and crisis","Leading change and transformation","T01.S05.P01","","Stable","high"
"London Business School","lbs","Global","Leading Teams for Emerging Leaders","https://www.london.edu/executive-education/leadership/leading-teams-for-emerging-leaders","Campus","","Early/Emerging","SGD","12200","5","1.0","","1","Leadership","Direct","","Leadership & Executive Capability","Foundational leadership","Transition to leadership / first-time manager","T01.S01.P01","","Stable","high"
"London Business School","lbs","Global","Leading through Crisis","https://www.london.edu/executive-education/leadership/leading-through-crisis","Campus","","C-suite/Senior","","","","","","1","Leadership","Direct","","Leadership & Executive Capability","Change, resilience and crisis","Crisis leadership and business continuity","T01.S05.P04","","Stable","high"
"London Business School","lbs","Global","Next-Level Leadership","https://www.london.edu/executive-education/leadership/next-level-leadership","Campus","","Mid-career","GBP","10200","5","1.0","","1","Leadership","Direct","","Leadership & Executive Capability","Foundational leadership","Leadership styles and situational leadership","T01.S01.P05","","Stable","fallback"
"London Business School","lbs","Global","Women in Leadership","https://www.london.edu/executive-education/leadership/women-in-leadership","Campus","","Mid-career","GBP","8950","5","1.0","","1","Leadership","Direct","","People, Talent & Organisation","Culture, DEI and organisational behaviour","Women's leadership and gender in the workplace","T07.S04.P03","","Stable","high"
"London Business School","lbs","Global","Supply Chain Executive Leadership","https://www.london.edu/executive-education/leadership/supply-chain-executive-leadership","Campus","","Functional specialist","GBP","24000","","30.3","","1","Leadership","Direct","","Operations, Supply Chain & Quality","Supply chain and logistics","Supply chain strategy and design","T06.S02.P01","T01.S02.P02","Stable","high"
"London Business School","lbs","Global","Chief Marketing Officer Programme","https://www.london.edu/executive-education/leadership/chief-marketing-officer-programme","Campus","","C-suite/Senior","","","","","","1","Leadership;Marketing","Direct","","Marketing, Sales & Customer","Marketing strategy and brand","Marketing strategy for executives","T05.S01.P01","T01.S02.P02","Stable","officer-rule"
"London Business School","lbs","Global","Developing Strategy for Value Creation","https://www.london.edu/executive-education/strategy/developing-strategy-for-value-creation","Campus","","C-suite/Senior","GBP","9900","5","1.1","","1","Strategy","Direct","","Strategy","Corporate and competitive strategy","Competitive strategy and advantage","T02.S01.P01","","Stable","fallback"
"London Business School","lbs","Global","Executing Strategy for Results","https://www.london.edu/executive-education/strategy/executing-strategy-for-results","Campus","","Mid-career","GBP","9900","5","1.1","","1","Strategy","Direct","","Strategy","Strategy execution","Strategy execution and implementation","T02.S02.P01","","Stable","high"
"London Business School","lbs","Global","HR Strategy in Transforming Organisations","https://www.london.edu/executive-education/strategy/hr-strategy-in-transforming-organisations","Campus","","Functional specialist","GBP","10500","5","1.0","","1","Strategy;Human Resources","Direct","","People, Talent & Organisation","HR strategy and the CHRO agenda","Strategic HR and business partnering","T07.S01.P01","","Stable","high"
"London Business School","lbs","Global","Mergers and Acquisitions","https://www.london.edu/executive-education/strategy/mergers-and-acquisitions","Campus","","Mid-career","GBP","9500","5","1.0","","1","Strategy","Direct","","Strategy","M&A and corporate development","M&A strategy and deal rationale","T02.S05.P01","","Stable","high"
"London Business School","lbs","Global","Strategy for Emerging Leaders","https://www.london.edu/executive-education/strategy/strategy-for-emerging-leaders","Campus","","Early/Emerging","GBP","8300","5","1.0","","1","Strategy","Direct","","Leadership & Executive Capability","Foundational leadership","Transition to leadership / first-time manager","T01.S01.P01","","Stable","high"
"London Business School","lbs","Global","Strategy Implementation for Saudi Leaders","https://www.london.edu/executive-education/strategy/strategy-implementation-for-saudi-leaders","Campus","","Mid-career","","","","","","1","Strategy","Direct","","Strategy","Corporate and competitive strategy","Competitive strategy and advantage","T02.S01.P01","","Stable","fallback"
"London Business School","lbs","Global","Accounting and Financial Analysis","https://www.london.edu/executive-education/finance/accounting-and-financial-analysis","Campus","","Functional specialist","GBP","8900","5","1.0","","1","Finance","Direct","","Finance & Accounting","Finance for executives","Financial statement analysis and accounting for decisions","T04.S01.P02","","Stable","high"
"London Business School","lbs","Global","Finance For Non-Finance Executives","https://www.london.edu/executive-education/finance/finance-for-non-finance-executives","Campus","","Mixed","GBP","9100","5","1.1","","1","Finance","Direct","","Finance & Accounting","Finance for executives","Finance for non-finance managers","T04.S01.P01","","Stable","high"
"London Business School","lbs","Global","Financial Strategies for Value Creation","https://www.london.edu/executive-education/finance/financial-strategies-for-value-creation","Campus","","C-suite/Senior","GBP","8900","5","1.0","","1","Finance","Direct","","Strategy","Corporate and competitive strategy","Competitive strategy and advantage","T02.S01.P01","","Stable","fallback"
"London Business School","lbs","Global","Leading the Family Office","https://www.london.edu/executive-education/finance/leading-the-family-office","Campus","","C-suite/Senior","GBP","12000","5","1.0","","1","Finance","Direct","","Leadership & Executive Capability","Foundational leadership","Leadership styles and situational leadership","T01.S01.P05","","Stable","fallback"
"London Business School","lbs","Global","Masterclass in Private Equity","https://www.london.edu/executive-education/finance/masterclass-in-private-equity","Campus","","Functional specialist","GBP","7700","4","0.8","","1","Finance","Direct","","Finance & Accounting","Investment and capital markets","Private equity and venture capital","T04.S02.P02","T14.S02.P05","Stable","high"
"London Business School","lbs","Global","Private Equity Negotiations","https://www.london.edu/executive-education/finance/private-equity-negotiations","Campus","","Functional specialist","GBP","7700","4","0.8","","1","Finance","Direct","","Finance & Accounting","Investment and capital markets","Private equity and venture capital","T04.S02.P02","T05.S04.P05","Stable","high"
"London Business School","lbs","Global","Project and Infrastructure Finance","https://www.london.edu/executive-education/finance/project-and-infrastructure-finance","Campus","","Functional specialist","GBP","8900","5","1.0","","1","Finance","Direct","","Public Policy, Government & Infrastructure","Public policy and governance","Public-private partnerships and infrastructure finance","T11.S01.P05","","Stable","high"
"London Business School","lbs","Global","Strategic Investment Management","https://www.london.edu/executive-education/finance/strategic-investment-management","Campus","","Functional specialist","GBP","8800","5","1.0","","1","Finance","Direct","","Finance & Accounting","Investment and capital markets","Investment management and portfolio theory","T04.S02.P01","","Stable","high"
"London Business School","lbs","Global","Valuation","https://www.london.edu/executive-education/finance/valuation","Campus","","Functional specialist","GBP","8900","5","1.0","","1","Finance","Direct","","Strategy","M&A and corporate development","Valuation and deal structuring","T02.S05.P02","T04.S01.P04","Stable","high"
"London Business School","lbs","Global","Venture Capital: Financing the Entrepreneurial Business","https://www.london.edu/executive-education/finance/financing-the-entrepreneurial-business","Campus","","Functional specialist","GBP","8500","5","1.0","","1","Finance","Direct","","Innovation & Entrepreneurship","Entrepreneurship","Starting and scaling a venture","T09.S02.P01","T04.S02.P02","Stable","high"
"London Business School","lbs","Global","Mastering Digital Transformation","https://www.london.edu/executive-education/digital-transformation-and-innovation/mastering-digital-transformation","Campus","","C-suite/Senior","GBP","9500","5","1.1","","1","Digital Transformation and Innovation","Direct","","AI, Data & Digital","Digital transformation","Enterprise digital transformation strategy and roadmaps","T03.S03.P01","","Transformed","high"
"London Business School","lbs","Global","Next Generation Digital Strategy","https://www.london.edu/executive-education/digital-transformation-and-innovation/next-generation-digital-strategy","Campus","","C-suite/Senior","GBP","9700","5","1.0","","1","Digital Transformation and Innovation","Direct","","AI, Data & Digital","Digital transformation","Enterprise digital transformation strategy and roadmaps","T03.S03.P01","T09.S02.P03","Transformed","high"
"London Business School","lbs","Global","Analytics and AI: From Data Insights to Strategic Impact","https://www.london.edu/executive-education/digital-transformation-and-innovation/analytics-and-ai-from-data-insights-to-strategic-impact","Campus","","Mid-career","","","","","","1","Digital Transformation and Innovation;AI","Direct","","AI, Data & Digital","Digital transformation","Enterprise digital transformation strategy and roadmaps","T03.S03.P01","","Transformed","low"
"London Business School","lbs","Global","Beyond Pricing: Strategies for Business Growth","https://www.london.edu/executive-education/marketing/beyond-pricing-strategies-for-business-growth","Campus","","Functional specialist","GBP","7200","4","0.8","","1","Marketing","Direct","","Marketing, Sales & Customer","Marketing strategy and brand","Pricing strategy and revenue management","T05.S01.P04","","Stable","high"
"London Business School","lbs","Global","Strategic Branding","https://www.london.edu/executive-education/marketing/strategic-branding","Campus","","Functional specialist","","","","","","1","Marketing","Direct","","Marketing, Sales & Customer","Marketing strategy and brand","Brand management and positioning","T05.S01.P02","","Stable","high"
"London Business School","lbs","Global","AI Masterclass in partnership with the Financial Times","https://www.london.edu/executive-education/ai/ai-masterclass-in-partnership-with-financial-times","Campus","","Mixed","","","","","","1","AI","Direct","","Finance & Accounting","Finance for executives","Finance for non-finance managers","T04.S01.P01","","Stable","fallback"
"London Business School","lbs","Global","AI Masterclass for your organisation","https://www.london.edu/executive-education/ai/ai-masterclass-for-your-organisation","Campus","","Mixed","","","","","","1","AI","Direct","","AI, Data & Digital","Digital transformation","Enterprise digital transformation strategy and roadmaps","T03.S03.P01","","Transformed","fallback"
"London Business School","lbs","Global","Certificate in Management","https://www.london.edu/executive-education/certificates/certificate-in-management","Campus","","Mixed","","","","","","1","Certificates","Direct","","General Management (Integrative)","Comprehensive general management","General management programmes for senior leaders","T15.S01.P01","","Stable","fallback"
"London Business School","lbs","Global","Certificate in Finance","https://www.london.edu/executive-education/certificates/certificate-in-finance","Campus","","Mixed","","","","","","1","Certificates","Direct","","Finance & Accounting","Finance for executives","Finance for non-finance managers","T04.S01.P01","","Stable","fallback"
"London Business School","lbs","Global","Negotiating and Influencing Skills for Leaders","https://www.london.edu/lbs-online/negotiating-and-influencing-skills-for-leaders","Self-paced Online","Emeritus","Mixed","GBP","3195","","5.0","","1","Leadership;Online Short Courses","Partner","(P)","Marketing, Sales & Customer","Sales and go-to-market","Negotiation for commercial outcomes","T05.S04.P05","","Stable","high"
"London Business School","lbs","Global","Scenario Planning for Strategic Resilience","https://www.london.edu/lbs-online/scenario-planning-for-strategic-resilience","Self-paced Online","Emeritus","Mixed","GBP","2095","","6.0","","1","Strategy;Online Short Courses","Partner","(P)","Leadership & Executive Capability","Change, resilience and crisis","Personal resilience, wellbeing and burnout","T01.S05.P03","","Stable","high"
"London Business School","lbs","Global","Sustainability Leadership and Corporate Responsibility","https://www.london.edu/lbs-online/sustainability-leadership-and-corporate-responsibility","Self-paced Online","Emeritus","Mixed","GBP","2095","","6.0","","1","ESG;Online Short Courses","Partner","(P)","Sustainability, ESG & Climate","Sustainability strategy","Sustainability and ESG strategy for the enterprise","T10.S01.P01","","Transformed","high"
"London Business School","lbs","Global","Business Analytics with Generative AI","https://www.london.edu/lbs-online/business-analytics-with-generative-ai","Self-paced Online","Emeritus","Mixed","","","","","","1","AI;Digital Transformation and Innovation;Online Short Courses","Partner","(P)","AI, Data & Digital","AI foundations for leaders","Generative AI foundations and prompting","T03.S01.P02","T03.S04.P01","New","high"
"London Business School","lbs","Global","Cybersecurity, AI and Digital Trust","https://www.london.edu/lbs-online/cybersecurity-ai-and-digital-trust","Self-paced Online","Emeritus","Mixed","","","","","","1","AI;Digital Transformation and Innovation;Online Short Courses","Partner","(P)","AI, Data & Digital","Cybersecurity and technology risk","Cybersecurity strategy for leaders and boards","T03.S05.P01","T03.S03.P01","Transformed","high"
"London Business School","lbs","Global","Cybersecurity and Digital Trust for Leaders","https://www.london.edu/lbs-online/cybersecurity-and-digital-trust-for-leaders","Self-paced Online","Emeritus","Mixed","GBP","2095","","6.0","","1","Digital Transformation and Innovation;Online Short Courses","Partner","(P)","AI, Data & Digital","Cybersecurity and technology risk","Cybersecurity strategy for leaders and boards","T03.S05.P01","T03.S03.P01","Transformed","high"
"London Business School","lbs","Global","ESG Investing","https://www.london.edu/lbs-online/esg-investing","Self-paced Online","Emeritus","Mixed","GBP","2095","","6.0","","1","ESG;Finance;Online Short Courses","Partner","(P)","Sustainability, ESG & Climate","Sustainability strategy","Sustainability and ESG strategy for the enterprise","T10.S01.P01","T10.S01.P04","Transformed","high"
"London Business School","lbs","Global","Fintech Strategy: A Playbook from the Experts","https://www.london.edu/lbs-online/fintech-strategy-a-playbook-from-the-experts","Self-paced Online","Emeritus","Mixed","","","","","","1","Finance;Digital Transformation and Innovation;Online Short Courses","Partner","(P)","Finance & Accounting","Fintech and AI in finance","Fintech, digital payments and embedded finance","T04.S04.P01","T03.S03.P01","Transformed","high"
"London Business School","lbs","Global","Product Management – Strategy and Innovation","https://www.london.edu/lbs-online/product-management-strategy-and-innovation","Self-paced Online","Emeritus","Mixed","","","","","","1","Digital Transformation and Innovation;Online Short Courses","Partner","(P)","Marketing, Sales & Customer","Marketing strategy and brand","Product management and product marketing","T05.S01.P05","T03.S03.P01","Stable","high"
"London Business School","lbs","Global","Generative AI for Leaders: From Insight to Implementation","https://www.london.edu/lbs-online/generative-ai-for-leaders-from-insight-to-implementation","Self-paced Online","Emeritus","Mixed","","","","","","1","AI;Online Short Courses","Partner","(P)","Strategy","AI-era strategy","AI strategy for the enterprise","T02.S03.P01","T03.S01.P02","New","high"
"London Business School","lbs","Global","Innovation Through Design Thinking","https://www.london.edu/lbs-online/innovation-through-design-thinking","Self-paced Online","Emeritus","Mixed","GBP","2095","","6.0","","1","Digital Transformation and Innovation;Online Short Courses","Partner","(P)","Innovation & Entrepreneurship","Innovation management","Design thinking and human-centred design","T09.S01.P02","T03.S03.P01","Stable","high"
"London Business School","lbs","Global","Leading Digital Transformation","https://www.london.edu/lbs-online/leading-digital-transformation","Self-paced Online","Emeritus","Mixed","GBP","1995","","8.0","","1","Digital Transformation and Innovation;Online Short Courses","Partner","(P)","AI, Data & Digital","Digital transformation","Enterprise digital transformation strategy and roadmaps","T03.S03.P01","","Transformed","high"
"London Business School","lbs","Global","Building Diverse and Inclusive Teams","https://www.london.edu/lbs-online/building-diverse-and-inclusive-teams","Self-paced Online","Emeritus","Mixed","GBP","2095","","6.0","","1","Leadership;Online Short Courses","Partner","(P)","Leadership & Executive Capability","Leading people and teams","Psychological safety and inclusive team culture","T01.S03.P05","","Stable","high"
"London Business School","lbs","Global","The Business of AI: Strategies for Leaders","https://www.london.edu/lbs-online/the-business-of-ai-strategies-for-leaders","Self-paced Online","Emeritus","Mixed","GBP","2450","","10","","1","AI;Strategy;Digital Transformation and Innovation;Online Short Courses","Partner","(P)","AI, Data & Digital","Digital transformation","Enterprise digital transformation strategy and roadmaps","T03.S03.P01","T01.S02.P02","Transformed","low"
"London Business School","lbs","Global","Mastering Digital Marketing in an AI World","https://www.london.edu/lbs-online/mastering-digital-marketing-in-an-ai-world","Self-paced Online","Emeritus","Mixed","GBP","2520","","10","","1","AI;Marketing;Online Short Courses","Partner","(P)","Marketing, Sales & Customer","Digital growth and performance marketing","Digital marketing and performance media","T05.S02.P01","T05.S03.P01","Transformed","high"
"London Business School","lbs","Global","AI Product Development for Business Leaders","https://www.london.edu/lbs-online/lbs-online-masterclasses/ai-product-development-for-business-leaders","Self-paced Online","Emeritus","Mixed","GBP","520","","","","1","Online Masterclasses;AI","Partner","(P)","Marketing, Sales & Customer","Marketing strategy and brand","Product management and product marketing","T05.S01.P05","","Stable","fallback"
"London Business School","lbs","Global","Building an AI Business: From Idea to Impact","https://www.london.edu/lbs-online/lbs-online-masterclasses/building-an-ai-business-from-idea-to-impact","Self-paced Online","Emeritus","Mixed","GBP","520","","","","1","Online Masterclasses;AI","Partner","(P)","Innovation & Entrepreneurship","Entrepreneurship","Starting and scaling a venture","T09.S02.P01","","Stable","low"
"London Business School","lbs","Global","Mastering Decision-making Through Better Judgement","https://www.london.edu/lbs-online/lbs-online-masterclasses/mastering-decision-making-through-better-judgement","Self-paced Online","Emeritus","Mixed","","","","","","1","Online Masterclasses","Partner","(P)","Personal Effectiveness & Communication","Personal productivity and judgment","Decision-making, biases and behavioural judgment","T14.S02.P01","","Stable","high"
"London Business School","lbs","Global","Chief Investment Officer Programme","https://online.london.edu/chief-investment-officer","Live Online","Emeritus","C-suite/Senior","","","","39","","1","Leadership;Finance;Online Certificate Programmes","Partner","(P)","Leadership & Executive Capability","Senior and C-suite leadership","Becoming a C-suite officer (role-specific ladders)","T01.S02.P02","","Stable","high"
"London Business School","lbs","Global","The Chief Financial Officer (CFO) Programme","https://online.london.edu/chief-financial-officer-programme","Live Online","Emeritus","C-suite/Senior","GBP","26500","","30","","1","Leadership;Finance;Online Certificate Programmes","Partner","(P)","Finance & Accounting","Finance for executives","Corporate finance and capital allocation","T04.S01.P03","T01.S02.P02","Stable","officer-rule"
"London Business School","lbs","Global","Global C-Suite Leadership Programme","https://online.london.edu/global-csuite-leadership","Live Online","Emeritus","C-suite/Senior","","","","26","","1","Leadership;Online Certificate Programmes","Partner","(P)","Leadership & Executive Capability","Senior and C-suite leadership","Becoming a C-suite officer (role-specific ladders)","T01.S02.P02","","Stable","high"
"London Business School","lbs","Global","Strategic Branding: From Behavioural Insights to Business Growth","https://www.london.edu/executive-education/marketing/strategic-branding","Campus","","Unknown","GBP","9000","5","1.0","","1","","Direct","","Marketing, Sales & Customer","Marketing strategy and brand","Brand management and positioning","T05.S01.P02","","Stable","high"
"London Business School","lbs","Global","Judgement at Work: Making Better Choices - Online","https://www.london.edu/lbs-online/insight-series/judgement-at-work-making-better-choices","Self-paced Online","","C-suite/Senior","GBP","495","","","","1","","Direct","","Leadership & Executive Capability","Foundational leadership","Leading mid-level to senior transition","T01.S01.P03","T01.S02.P02","Stable","low"
"London Business School","lbs","Global","Business Analytics in the Age of Generative AI - Online","https://www.london.edu/lbs-online/business-analytics-in-the-age-of-generative-ai#how-you-learn","Self-paced Online","","Mid-career","GBP","1995","","6.0","","1","","Direct","","AI, Data & Digital","AI foundations for leaders","Generative AI foundations and prompting","T03.S01.P02","T03.S04.P01","New","high"
"London Business School","lbs","Global","Executing Strategy for Saudi Leaders","https://www.london.edu/executive-education/strategy/executing-strategy-for-saudi-leaders#what-you-learn","Campus","","Senior","GBP","9900","5","1.1","","1","","Direct","","Strategy","Strategy execution","Strategy execution and implementation","T02.S02.P01","","Stable","high"
"London Business School","lbs","Global","Financial Stability: Managing Risk and Driving Growth","https://www.london.edu/executive-education/finance/financial-stability-managing-risk-and-driving-growth","Campus","","Mid-career","GBP","5900","3","0.6","","1","","Direct","","Finance & Accounting","Finance for executives","Finance for non-finance managers","T04.S01.P01","","Stable","fallback"
"London Business School","lbs","Global","Fintech Forward: Strategies for Incumbents and Startups - Online","https://www.london.edu/lbs-online/fintech-forward-strategies-for-incumbents-and-startups","Self-paced Online","","Senior","GBP","2095","","6.0","","1","","Direct","","Finance & Accounting","Fintech and AI in finance","Fintech, digital payments and embedded finance","T04.S04.P01","T09.S02.P01","Transformed","high"
"London Business School","lbs","Global","Data Science for Competitive Advantage","https://www.london.edu/executive-education/digital-transformation-and-innovation/data-science-for-competitive-advantage","Campus","","Senior","GBP","9500","5","1.0","","1","","Direct","","Strategy","Corporate and competitive strategy","Competitive strategy and advantage","T02.S01.P01","T03.S04.P02","Stable","high"
"SP Jain","spjain","India","Leadership Essentials for First Time Managers","Leadership Essentials for First Time Managers| SP Jain Executive Education","Live Online","","Mid-career","INR","25000","2","0.4","","1","","Direct","","Leadership & Executive Capability","Foundational leadership","Transition to leadership / first-time manager","T01.S01.P01","T01.S01.P03","Stable","high"
"SP Jain","spjain","India","Effective Business Communication Strategies","https://executive-education.spjain.co.in/lp/effective-business-communication-strategies","Live Online","","Mid-career","INR","24000","","","","1","","Direct","","Strategy","Corporate and competitive strategy","Competitive strategy and advantage","T02.S01.P01","","Stable","fallback"
"SP Jain","spjain","India","Creating the Winning Teams through Coaching and Mentoring","https://executive-education.spjain.co.in/open-programs/creating-the-winning-teams-through-coaching-and-mentoring","Live Online","","Mid-career","INR","22000","","","","1","","Direct","","Personal Effectiveness & Communication","Executive presence and communication","Public speaking, presentation and boardroom communication","T14.S01.P03","","Stable","fallback"
"SP Jain","spjain","India","Financial Acumen for Non-Finance Managers","http://executive-education.spjain.co.in/financial-acumen-for-non-finance-managers","Live Online","","Mid-career","INR","22500","","","","1","","Direct","","Finance & Accounting","Finance for executives","Finance for non-finance managers","T04.S01.P01","","Stable","high"
"SP Jain","spjain","India","Strategic Sourcing for Supply Chain Transformation","https://executive-education.spjain.co.in/strategic-sourcing-for-supply-chain-transformation","Live Online","","Mid-career","INR","22500","","","","1","","Direct","","Operations, Supply Chain & Quality","Supply chain and logistics","Supply chain strategy and design","T06.S02.P01","T06.S02.P02","Stable","high"
"SP Jain","spjain","India","Data Driven Decision Making","https://executive-education.spjain.co.in/data-driven-decision-making","Live Online","","Mid-career","INR","25000","","","","1","","Direct","","AI, Data & Digital","Data, analytics and decisions","Business analytics for decision-making","T03.S04.P01","T14.S02.P01","Stable","high"
"SP Jain","spjain","India","Application of AI and Gen AI Tools for Business Growth","https://executive-education.spjain.co.in/open-programs/application-of-ai-and-gen-ai-tools-for-business-growth-program","Live Online","","Mid-career","INR","22000","","","","1","","Direct","","AI, Data & Digital","AI foundations for leaders","Generative AI foundations and prompting","T03.S01.P02","","New","high"
"SP Jain","spjain","India","Global Board Readiness Program","https://executive-education.spjain.co.in/open-programs/global-board-readiness-program","Blended","","Mid-career","INR","940200","","","","1","","Direct","","Governance, Risk & Legal","Board governance","Board effectiveness and director duties","T08.S01.P01","","Stable","high"
"SP Jain","spjain","India","Change Management – Leading with Change","https://executive-education.spjain.co.in/open-programs/change-management-leading-with-change","Live Online","","Mid-career","INR","17000","","","","1","","Direct","","Leadership & Executive Capability","Change, resilience and crisis","Leading change and transformation","T01.S05.P01","","Stable","high"
"SP Jain","spjain","India","Enhancing Personal Effectiveness","https://executive-education.spjain.co.in/open-programs/enhancing-personal-effectiveness","Live Online","","Mid-career","INR","20000","","","","1","","Direct","","Personal Effectiveness & Communication","Personal productivity and judgment","Time, attention and personal productivity","T14.S02.P03","","Transformed","high"
"SP Jain","spjain","India","Achieving Sales Growth in Pharma","https://executive-education.spjain.co.in/open-programs/pharma-organisations","Live Online","","Mid-career","INR","29000","","","","1","","Direct","","Healthcare & Life Sciences","Life sciences and pharma","Pharmaceutical and biotech management","T12.S02.P01","","Stable","high"
"SP Jain","spjain","India","Reimagine HR for Future of Work","https://executive-education.spjain.co.in/open-programs/reimagine-hr-for-future-of-work","Live Online","","Mid-career","INR","25000","","","","1","","Direct","","People, Talent & Organisation","HR strategy and the CHRO agenda","Strategic HR and business partnering","T07.S01.P01","","Stable","fallback"
"SP Jain","spjain","India","Supply Chain Disruptions and Trends","https://executive-education.spjain.co.in/open-programs/supply-chain-disruptions-and-trends","Live Online","","Mid-career","INR","20000","","","","1","","Direct","","Operations, Supply Chain & Quality","Supply chain and logistics","Supply chain strategy and design","T06.S02.P01","","Stable","high"
"SP Jain","spjain","India","Fintech for Emerging Leaders","","Live Online","","Unknown","","","","","","1","","Direct","","Leadership & Executive Capability","Foundational leadership","Transition to leadership / first-time manager","T01.S01.P01","T04.S04.P01","Stable","high"
"SP Jain","spjain","India","Service Excellence","https://executive-education.spjain.co.in/open-programs/service-excellence","Live Online","","Mid-career","INR","25000","","","","1","","Direct","","Operations, Supply Chain & Quality","Operations management","Service operations management","T06.S01.P03","","Stable","high"
"SP Jain","spjain","India","Strategic Leadership Program for High Potential Business Leaders","https://executive-education.spjain.co.in/lp/strategic-leadership#Program_Content","Live Online","","C-suite/Senior","INR","50000","","","","1","","Direct","","Leadership & Executive Capability","Senior and C-suite leadership","Becoming a C-suite officer (role-specific ladders)","T01.S02.P02","T03.S03.P04","Stable","low"
"SP Jain","spjain","India","Achieving Sales Excellence – Institutional Selling","","Live Online","","Unknown","","","","","","1","","Direct","","Marketing, Sales & Customer","Sales and go-to-market","Sales leadership and sales force management","T05.S04.P01","","Stable","fallback"
"SP Jain","spjain","India","Strategic Branding Bootcamp","https://executive-education.spjain.co.in/open-programs/branding-bootcamp","Live Online","","Unknown","INR","22500","","","","1","","Direct","","Marketing, Sales & Customer","Marketing strategy and brand","Brand management and positioning","T05.S01.P02","","Stable","high"
"SP Jain","spjain","India","Business Growth via New Product and Service Design","https://executive-education.spjain.co.in/open-programs/business-growth-via-new-product-and-service-design","Live Online","","Mid-career","INR","20000","","","","1","","Direct","","Operations, Supply Chain & Quality","Operations management","Service operations management","T06.S01.P03","T09.S01.P02","Stable","high"
"SP Jain","spjain","India","Digital Leadership","https://executive-education.spjain.co.in/open-programs/digital-leadership","Live Online","","Mid-career","INR","20000","","","","1","","Direct","","AI, Data & Digital","Digital transformation","Enterprise digital transformation strategy and roadmaps","T03.S03.P01","","Transformed","fallback"
"SP Jain","spjain","India","Digital Supply Chain","https://executive-education.spjain.co.in/open-programs/digital-supply-chain","Live Online","","Mid-career","INR","25000","","","","1","","Direct","","Operations, Supply Chain & Quality","Supply chain and logistics","Supply chain strategy and design","T06.S02.P01","T06.S02.P06","Stable","high"
"SP Jain","spjain","India","E-Business Strategies for Business Model Innovation and Digital Transformation","https://executive-education.spjain.co.in/open-programs/e-business-strategies-for-business-model-innovation-and-digital-transformation","Live Online","","C-suite/Senior","INR","20000","","","","1","","Direct","","Strategy","Corporate and competitive strategy","Business model innovation and reinvention","T02.S01.P05","T03.S03.P01","Transformed","high"
"SP Jain","spjain","India","Emerging Leaders","https://executive-education.spjain.co.in/open-programs/emerging-leaders","Live Online","","Senior","INR","20000","","","","1","","Direct","","Leadership & Executive Capability","Foundational leadership","Transition to leadership / first-time manager","T01.S01.P01","","Stable","high"
"SP Jain","spjain","India","Financial Literacy for Business Leaders","https://executive-education.spjain.co.in/open-programs/financial-literacy-for-business-leaders","Live Online","","Mid-career","INR","16500","","","","1","","Direct","","Finance & Accounting","Finance for executives","Finance for non-finance managers","T04.S01.P01","","Stable","high"
"SP Jain","spjain","India","HR Analytics","https://executive-education.spjain.co.in/open-programs/hr-analytics","Live Online","","Mixed","INR","25000","","","","1","","Direct","","People, Talent & Organisation","People analytics and AI in HR","People analytics and HR data","T07.S03.P01","","Transformed","high"
"SP Jain","spjain","India","Impactful Sales Negotiation Strategies","https://executive-education.spjain.co.in/open-programs/impactful-sales-negotiation-strategies","Live Online","","Mid-career","INR","22000","","","","1","","Direct","","Marketing, Sales & Customer","Sales and go-to-market","Negotiation for commercial outcomes","T05.S04.P05","","Stable","high"
"SP Jain","spjain","India","Lean Six Sigma Green Belt Certification","https://executive-education.spjain.co.in/lean-six-sigma-green-belt-certification","Live Online","","Mid-career","INR","25000","","","","1","","Direct","","Operations, Supply Chain & Quality","Operations management","Lean, Six Sigma and quality management","T06.S01.P02","","Stable","high"
"SP Jain","spjain","India","Manufacturing Excellence – World Class Manufacturing","https://executive-education.spjain.co.in/open-programs/manufacturing-excellence-world-class-manufacturing","Live Online","","Mixed","INR","25000","","","","1","","Direct","","Operations, Supply Chain & Quality","Operations management","Manufacturing strategy and Industry 4.0 operations","T06.S01.P04","","Transformed","high"
"SP Jain","spjain","India","New PMP® Exam Preparatory Program","https://executive-education.spjain.co.in/project-management-professional","Live Online","","Mid-career","INR","20000","","","","1","","Direct","","Operations, Supply Chain & Quality","Operations management","Project management","T06.S01.P05","","Stable","high"
"SP Jain","spjain","India","Strategies for Coaching and Mentoring Teams","https://executive-education.spjain.co.in/open-programs/strategies-for-coaching-and-mentoring-teams","Live Online","","Mid-career","INR","20000","","","","1","","Direct","","Strategy","Corporate and competitive strategy","Competitive strategy and advantage","T02.S01.P01","","Stable","fallback"
"SP Jain","spjain","India","Supply Chain Analytics","https://executive-education.spjain.co.in/open-programs/supply-chain-analytics","Live Online","","Mid-career","INR","18000","","","","1","","Direct","","Operations, Supply Chain & Quality","Supply chain and logistics","Supply chain strategy and design","T06.S02.P01","T06.S02.P06","Stable","high"
"SP Jain","spjain","India","Women Leadership Program","https://executive-education.spjain.co.in/lp/women-leadership-program","Live Online","","Senior","INR","25000","","","","1","","Direct","","People, Talent & Organisation","Culture, DEI and organisational behaviour","Women's leadership and gender in the workplace","T07.S04.P03","","Stable","high"
"SP Jain","spjain","India","Communication Excellence In Leadership","https://executive-education.spjain.co.in/open-programs/leadership-communication","Live Online","","Mid-career","INR","25000","","","","1","","Direct","","Personal Effectiveness & Communication","Executive presence and communication","Public speaking, presentation and boardroom communication","T14.S01.P03","","Stable","fallback"
"SP Jain","spjain","India","Emotional Intelligence and the Art of Negotiation","https://executive-education.spjain.co.in/open-programs/the-art-of-negotiation-and-conflict-resolution","Live Online","","Mixed","INR","25000","","","","1","","Direct","","Marketing, Sales & Customer","Sales and go-to-market","Negotiation for commercial outcomes","T05.S04.P05","T14.S02.P05","Stable","high"
"SP Jain","spjain","India","Product Excellence","https://executive-education.spjain.co.in/open-programs/production-excellence","Live Online","","Mid-career","INR","25000","","","","1","","Direct","","Leadership & Executive Capability","Foundational leadership","Leading mid-level to senior transition","T01.S01.P03","T01.S04.P02","Stable","low"
"SP Jain","spjain","India","Digital First For BFSI Leaders","https://executive-education.spjain.co.in/digital-first-for-bfsi-leaders-executive-education-program-by-sp-jain-global","Live Online","","Mixed","INR","22000","","","","1","","Direct","","Sector-Specific Management","Regulated and asset-heavy sectors","Banking, financial services and insurance sector management","T13.S01.P01","","Stable","sector-rule"
"SP Jain","spjain","India","HR as A Strategic Partner for Business Growth","https://executive-education.spjain.co.in/hr-as-a-strategic-partner-for-business-growth-sp-jain-executive-education","Live Online","","Mixed","INR","25000","","","","1","","Direct","","Strategy","Corporate and competitive strategy","Competitive strategy and advantage","T02.S01.P01","","Stable","fallback"
"SP Jain","spjain","India","Executive Certificate Programme in AI for Business","https://spjimr.emeritus.org/spjimr-aib-executive-certificate-programme-in-ai-for-business?src_trk=em680a3aebd165d2.302877921058966122&utm_campaign=organic&utm_medium=EmWebsite&utm_source=google&_gl=1*cjk9jf*_gcl_au*MTA2NjM2MDUyNy4xNzQ1NTA3MDc5*_ga*NjQ2NjMxNzg4LjE3NDU1MDExMzM.*_ga_Q6TD6R55VD*czE3NTE2MTgzOTkkbzM2JGcxJHQxNzUxNjIyNjc0JGo1NCRsMCRoMTE0OTMyMzQ.","Blended","Emeritus","Mid-career","INR","125000","","30.3","","1","","Partner","(P)","AI, Data & Digital","AI foundations for leaders","AI and machine learning fundamentals for executives","T03.S01.P01","","Transformed","high"
"SP Jain","spjain","India","Executive Certificate Programme in Fintech & Blockchain","https://spjimr.emeritus.org/spjimr-executive-certificate-programme-in-fintech-blockchain?src_trk=em680a3aebd165d2.302877921058966122&utm_campaign=organic&utm_medium=EmWebsite&utm_source=google&_gl=1*1wmh707*_gcl_au*MTA2NjM2MDUyNy4xNzQ1NTA3MDc5*_ga*NjQ2NjMxNzg4LjE3NDU1MDExMzM.*_ga_Q6TD6R55VD*czE3NTE2MTgzOTkkbzM2JGcxJHQxNzUxNjIzMTE2JGo1NyRsMCRoMTE0OTMyMzQ.","Live Online","Emeritus","Mixed","INR","125000","","30.3","","1","","Partner","(P)","AI, Data & Digital","Emerging technology","Blockchain, tokenisation and Web3","T03.S06.P01","T04.S04.P01","Stable","high"
"Stanford GSB","stanford","Global","The Strategic Chief Sustainability Officer Program","https://www.gsb.stanford.edu/exec-ed/programs/strategic-chief-sustainability-officer-program?program-location=online","Blended","","Senior","USD","19500","","12.1","","1","","Direct","","Leadership & Executive Capability","Senior and C-suite leadership","Becoming a C-suite officer (role-specific ladders)","T01.S02.P02","T10.S01.P01","Stable","high"
"Stanford GSB","stanford","Global","Stanford Ignite – Post-9/11 Veterans","https://www.gsb.stanford.edu/exec-ed/programs/stanford-ignite-veterans","Live Online","","Unknown","USD","2500","","4.0","","1","","Direct","","UNCLASSIFIED","","","","","","none"
"Stanford GSB","stanford","Global","The Emerging COO: Driving Innovation and Operational Excellence","https://www.gsb.stanford.edu/exec-ed/programs/emerging-coo?program-location=online","Blended","","C-suite/Senior","USD","17500","","14.7","","1","","Direct","","Operations, Supply Chain & Quality","Operations management","Operational excellence and process improvement","T06.S01.P01","T01.S02.P02","Stable","officer-rule"
"Stanford GSB","stanford","Global","Digital Transformation Playbook: Leverage Technology to Innovate Your Business","https://em-execed.stanford.edu/digital-transformation-playbook?utm_source=stn&utm_medium=website&utm_campaign=school_website","Live Online","","Mid-career","SGD","2625","","6.0","","1","","Direct","","AI, Data & Digital","Digital transformation","Enterprise digital transformation strategy and roadmaps","T03.S03.P01","","Transformed","high"
"Stanford GSB","stanford","Global","Launching a Startup","https://em-execed.stanford.edu/launching-a-startup?utm_source=stn&utm_campaign=school_website&utm_medium=website","Live Online","","Unknown","","","","6.0","","1","","Direct","","Innovation & Entrepreneurship","Entrepreneurship","Starting and scaling a venture","T09.S02.P01","","Stable","high"
"Stanford GSB","stanford","Global","Sustainability Strategies: Develop Initiatives to Transform Your Business","https://em-execed.stanford.edu/sustainability-strategies?utm_source=stn&utm_campaign=school_website&utm_medium=website","Live Online","","Mid-career","","","","8.0","","1","","Direct","","Sustainability, ESG & Climate","Sustainability strategy","Sustainability and ESG strategy for the enterprise","T10.S01.P01","","Transformed","high"
"Stanford GSB","stanford","Global","The Innovative Technology Leader","https://www.gsb.stanford.edu/exec-ed/programs/innovative-technology-leader?program-location=in-person","Campus","","Senior","USD","15000","","1.0","","1","","Direct","","Innovation & Entrepreneurship","Innovation management","Innovation strategy and portfolio","T09.S01.P01","","Stable","fallback"
"Stanford GSB","stanford","Global","Driving Innovation and New Ventures in Established Organizations","https://www.gsb.stanford.edu/exec-ed/programs/driving-innovation-new-ventures-established-organizations?program-location=in-person","Campus","","Senior","USD","16000","","1.0","","1","","Direct","","Innovation & Entrepreneurship","Entrepreneurship","Starting and scaling a venture","T09.S02.P01","","Stable","high"
"Stanford GSB","stanford","Global","Stanford Ignite – Full-Time","https://www.gsb.stanford.edu/exec-ed/programs/stanford-ignite-full-time?program-location=in-person","Campus","","Mixed","USD","14950","","4.0","","1","","Direct","","UNCLASSIFIED","","","","","","none"
"Stanford GSB","stanford","Global","Stanford LEAD Online Business Program","https://www.gsb.stanford.edu/exec-ed/programs/stanford-lead-online-business-program","Live Online","","Mid-career","USD","19200","","52.0","","1","","Direct","","UNCLASSIFIED","","","","","","none"
"Stanford GSB","stanford","Global","Stanford Executive Program","https://www.gsb.stanford.edu/exec-ed/programs/stanford-executive-program?program-location=online","Blended","","Senior","USD","86000","","6.0","","1","","Direct","","UNCLASSIFIED","","","","","","none"
"Stanford GSB","stanford","Global","High-Potential Women Leaders Program","https://www.gsb.stanford.edu/exec-ed/programs/high-potential-women-leaders-program?program-location=online","Live Online","","Unknown","USD","7800","9","1.8","","1","","Direct","","People, Talent & Organisation","Culture, DEI and organisational behaviour","Women's leadership and gender in the workplace","T07.S04.P03","","Stable","high"
"Stanford GSB","stanford","Global","The Emerging CFO: Strategic Financial Leadership Program","https://www.gsb.stanford.edu/exec-ed/programs/emerging-cfo?program-location=in-person","Campus","","Senior","USD","29500","","2.0","","1","","Direct","","Finance & Accounting","Finance for executives","Corporate finance and capital allocation","T04.S01.P03","T01.S02.P02","Stable","officer-rule"
"Stanford GSB","stanford","Global","Agile Leadership: Building Adaptability and Embracing Creativity","https://www.gsb.stanford.edu/exec-ed/programs/agile-leadership?program-location=online","Self-paced Online","","Mid-career","USD","1500","60","12.0","","1","","Direct","","Leadership & Executive Capability","Foundational leadership","Leadership styles and situational leadership","T01.S01.P05","","Stable","fallback"
"Stanford GSB","stanford","Global","Amplify Your Persuasive Impact","https://www.gsb.stanford.edu/exec-ed/programs/amplify-your-persuasive-impact?program-location=online","Self-paced Online","","Mid-career","USD","1500","60","12.0","","1","","Direct","","Personal Effectiveness & Communication","Executive presence and communication","Public speaking, presentation and boardroom communication","T14.S01.P03","","Stable","fallback"
"Stanford GSB","stanford","Global","Coaching Skills for Effective Leadership","https://www.gsb.stanford.edu/exec-ed/programs/coaching-skills-effective-leadership?program-location=online","Self-paced Online","","Mid-career","USD","1500","60","12.0","","1","","Direct","","Leadership & Executive Capability","Leading people and teams","Coaching and the leader as coach","T01.S03.P03","","Stable","high"
"Stanford GSB","stanford","Global","Create a Happy and Meaningful Life","https://www.gsb.stanford.edu/exec-ed/programs/create-happy-meaningful-life?program-location=online","Self-paced Online","","Mid-career","USD","1500","60","12.0","","1","","Direct","","UNCLASSIFIED","","","","","","none"
"Stanford GSB","stanford","Global","Demystify Decision Making","https://www.gsb.stanford.edu/exec-ed/programs/demystify-decision-making?program-location=online","Self-paced Online","","Mid-career","USD","1500","60","12.0","","1","","Direct","","AI, Data & Digital","AI foundations for leaders","Data and AI literacy for non-technical leaders","T03.S01.P04","T14.S02.P01","Transformed","high"
"Stanford GSB","stanford","Global","Disrupt Your Business","https://www.gsb.stanford.edu/exec-ed/programs/disrupt-your-business?program-location=online","Self-paced Online","","Mid-career","USD","1500","60","12.0","","1","","Direct","","UNCLASSIFIED","","","","","","none"
"Stanford GSB","stanford","Global","Leverage Diversity and Inclusion for Organizational Excellence","https://www.gsb.stanford.edu/exec-ed/programs/leverage-diversity-inclusion-organizational-excellence?program-location=online","Self-paced Online","","Mid-career","USD","1500","60","12.0","","1","","Direct","","People, Talent & Organisation","Culture, DEI and organisational behaviour","Diversity, equity and inclusion","T07.S04.P02","","Stable","high"
"Stanford GSB","stanford","Global","Master Storytelling for Authentic Leadership","https://www.gsb.stanford.edu/exec-ed/programs/master-storytelling-authentic-leadership?program-location=online","Self-paced Online","","Mid-career","USD","1500","60","12.0","","1","","Direct","","Personal Effectiveness & Communication","Executive presence and communication","Business storytelling and narrative","T14.S01.P02","T01.S01.P04","Stable","high"
"Stanford GSB","stanford","Global","Sharpen Your Communication Skills","https://www.gsb.stanford.edu/exec-ed/programs/sharpen-your-communication-skills?program-location=online","Self-paced Online","","Mid-career","USD","1500","60","12.0","","1","","Direct","","Personal Effectiveness & Communication","Executive presence and communication","Public speaking, presentation and boardroom communication","T14.S01.P03","","Stable","fallback"
"Stanford GSB","stanford","Global","Asian Leadership Program","https://www.gsb.stanford.edu/exec-ed/programs/asian-leadership-program?program-location=in-person&program-location=online","Campus","","Mid-career","USD","15000","","1.0","","1","","Direct","","Leadership & Executive Capability","Foundational leadership","Leadership styles and situational leadership","T01.S01.P05","","Stable","fallback"
"Stanford GSB","stanford","Global","Interpersonal Dynamics for High-Performance Executives","https://www.gsb.stanford.edu/exec-ed/programs/interpersonal-dynamics-high-performance-executives?program-location=in-person","Campus","","Senior","USD","17000","","1.0","","1","","Direct","","UNCLASSIFIED","","","","","","none"
"Stanford GSB","stanford","Global","Mergers and Acquisitions","https://www.gsb.stanford.edu/exec-ed/programs/mergers-acquisitions?program-location=in-person","Campus","","Senior","USD","16000","","1.0","","1","","Direct","","Strategy","M&A and corporate development","M&A strategy and deal rationale","T02.S05.P01","","Stable","high"
"Stanford GSB","stanford","Global","Executive Leadership Development","https://www.gsb.stanford.edu/exec-ed/programs/executive-leadership-development?program-location=in-person","Campus","","Mid-career","USD","16000","","1.0","","1","","Direct","","People, Talent & Organisation","Talent, learning and workforce","Leadership development and succession architecture","T07.S02.P05","","Stable","high"
"Stanford GSB","stanford","Global","Digital Transformation: Leading Organizational Change in the Age of AI","https://www.gsb.stanford.edu/exec-ed/programs/digital-transformation?program-location=in-person","Campus","","Senior","USD","16000","","1.0","","1","","Direct","","AI, Data & Digital","Digital transformation","Enterprise digital transformation strategy and roadmaps","T03.S03.P01","","Transformed","high"
"Stanford GSB","stanford","Global","Executive Program for Growing Companies","https://www.gsb.stanford.edu/exec-ed/programs/executive-program-growing-companies?program-location=in-person","Campus","","C-suite/Senior","USD","29500","","2.0","","1","","Direct","","Leadership & Executive Capability","Senior and C-suite leadership","Becoming a C-suite officer (role-specific ladders)","T01.S02.P02","T03.S03.P04","Stable","low"
"Stanford GSB","stanford","Global","Culture as a Competitive Advantage","https://www.gsb.stanford.edu/exec-ed/programs/culture-competitive-advantage?program-location=in-person","Campus","","Senior","USD","9500","3","0.6","","1","","Direct","","Strategy","Corporate and competitive strategy","Competitive strategy and advantage","T02.S01.P01","","Stable","high"
"Stanford GSB","stanford","Global","The Emerging CMO: Strategic Marketing Leadership","https://www.gsb.stanford.edu/exec-ed/programs/emerging-cmo?program-location=in-person","Campus","","Senior","USD","16000","","1.0","","1","","Direct","","Marketing, Sales & Customer","Marketing strategy and brand","Marketing strategy for executives","T05.S01.P01","T01.S02.P02","Stable","officer-rule"
"Stanford GSB","stanford","Global","Executive Program in Strategy and Organization","https://www.gsb.stanford.edu/exec-ed/programs/executive-program-strategy-organization?program-location=in-person","Campus","","Senior","USD","29500","","2.0","","1","","Direct","","Strategy","Corporate and competitive strategy","Competitive strategy and advantage","T02.S01.P01","","Stable","fallback"
"Stanford GSB","stanford","Global","People, Culture, and Performance: Strategies from Silicon Valley","https://www.gsb.stanford.edu/exec-ed/programs/people-culture-performance?program-location=in-person","Campus","","Senior","USD","16000","","1.0","","1","","Direct","","People, Talent & Organisation","Culture, DEI and organisational behaviour","Organisational culture and culture change","T07.S04.P01","","Stable","fallback"
"Stanford GSB","stanford","Global","Stanford-NUS Executive Program in International Management","https://www.gsb.stanford.edu/exec-ed/programs/stanford-nus-executive-program?program-location=in-person","Campus","","Mixed","USD","23990","","2.0","","1","","Direct","","UNCLASSIFIED","","","","","","none"
"Stanford GSB","stanford","Global","Innovative Product Leadership: The Emerging Chief Product Officer","https://www.gsb.stanford.edu/exec-ed/programs/innovative-product-leadership?program-location=in-person","Campus","","Senior","USD","16000","","1.0","","1","","Direct","","Marketing, Sales & Customer","Marketing strategy and brand","Product management and product marketing","T05.S01.P05","T01.S02.P02","Stable","officer-rule"
"Stanford GSB","stanford","Global","Managing Risk and Reputation in a Complex World","https://www.gsb.stanford.edu/exec-ed/programs/managing-risk-reputation-complex-world?program-location=in-person","Campus","","Senior","USD","15000","","1.0","","1","","Direct","","Governance, Risk & Legal","Enterprise risk and compliance","Reputation and stakeholder risk","T08.S02.P04","","Stable","high"
"Stanford GSB","stanford","Global","Design Thinking Bootcamp: Make Impact and Drive Growth in Your Organization","https://www.gsb.stanford.edu/exec-ed/programs/design-thinking-bootcamp?program-location=in-person","Campus","","Mid-career","USD","14000","3","0.7","","1","","Direct","","Innovation & Entrepreneurship","Innovation management","Design thinking and human-centred design","T09.S01.P02","","Stable","high"
"Stanford GSB","stanford","Global","Leading Change and Organizational Renewal","https://www.gsb.stanford.edu/exec-ed/programs/leading-change-organizational-renewal?program-location=in-person","Campus","","Senior","USD","17000","","1.0","","1","","Direct","","Leadership & Executive Capability","Change, resilience and crisis","Leading change and transformation","T01.S05.P01","","Stable","high"
"Stanford GSB","stanford","Global","Black Leaders Program","https://www.gsb.stanford.edu/exec-ed/programs/black-leaders-program?program-location=in-person","Campus","","Senior","USD","15000","","1.0","","1","","Direct","","Leadership & Executive Capability","Foundational leadership","Leadership styles and situational leadership","T01.S01.P05","","Stable","fallback"
"Stanford GSB","stanford","Global","Influence and Negotiation Strategies Program","https://www.gsb.stanford.edu/exec-ed/programs/influence-negotiation-strategies-program?program-location=in-person","Campus","","Senior","USD","15000","","1.0","","1","","Direct","","Marketing, Sales & Customer","Sales and go-to-market","Negotiation for commercial outcomes","T05.S04.P05","","Stable","high"
"Stanford GSB","stanford","Global","Customer-Focused Innovation","https://www.gsb.stanford.edu/exec-ed/programs/customer-focused-innovation?program-location=in-person","Campus","","C-suite/Senior","USD","17500","","1.0","","1","","Direct","","Leadership & Executive Capability","Senior and C-suite leadership","Becoming a C-suite officer (role-specific ladders)","T01.S02.P02","T03.S03.P04","Stable","low"
"Stanford GSB","stanford","Global","Directors’ Consortium","https://www.gsb.stanford.edu/exec-ed/programs/directors-consortium?program-location=in-person","Campus","","Board","USD","16000","","1.0","","1","","Direct","","Governance, Risk & Legal","Board governance","Board effectiveness and director duties","T08.S01.P01","","Stable","fallback"
"Stanford GSB","stanford","Global","Executive Program in Leadership: The Effective Use of Power","https://www.gsb.stanford.edu/exec-ed/programs/executive-program-leadership?program-location=in-person","Campus","","Mid-career","USD","16000","","1.0","","1","","Direct","","Leadership & Executive Capability","Foundational leadership","Leadership styles and situational leadership","T01.S01.P05","","Stable","fallback"
"Stanford GSB","stanford","Global","Finance and Accounting for the Nonfinancial Executive","https://www.gsb.stanford.edu/exec-ed/programs/finance-accounting-nonfinancial-executive?program-location=in-person","Campus","","Mid-career","USD","15000","","1.0","","1","","Direct","","Finance & Accounting","Finance for executives","Financial statement analysis and accounting for decisions","T04.S01.P02","","Stable","high"
"Stanford GSB","stanford","Global","Harnessing AI for Breakthrough Innovation and Strategic Impact","https://www.gsb.stanford.edu/exec-ed/programs/harnessing-ai-breakthrough-innovation-strategic-impact?program-location=in-person","Campus","","Senior","USD","16750","","1.0","","1","","Direct","","People, Talent & Organisation","People analytics and AI in HR","AI in HR: hiring, development and productivity","T07.S03.P02","","New","high"
"Stanford GSB","stanford","Global","Executive Program in Women’s Leadership","https://www.gsb.stanford.edu/exec-ed/programs/executive-program-womens-leadership?program-location=in-person","Campus","","Senior","USD","16000","","1.0","","1","","Direct","","People, Talent & Organisation","Culture, DEI and organisational behaviour","Women's leadership and gender in the workplace","T07.S04.P03","","Stable","high"
"Stanford GSB","stanford","Global","Executive Program for Nonprofit Leaders","https://www.gsb.stanford.edu/exec-ed/programs/executive-program-nonprofit-leaders?program-location=in-person","Campus","","Senior","","","6","1.2","","1","","Direct","","Leadership & Executive Capability","Foundational leadership","Leadership styles and situational leadership","T01.S01.P05","","Stable","fallback"
"Stanford GSB","stanford","Global","LGBTQ Executive Leadership Program","https://www.gsb.stanford.edu/exec-ed/programs/lgbtq-executive-leadership-program?program-location=in-person","Campus","","Mid-career","USD","15000","","1.0","","1","","Direct","","Leadership & Executive Capability","Foundational leadership","Leadership styles and situational leadership","T01.S01.P05","","Stable","fallback"
"Stanford GSB","stanford","Global","Managing Teams for Innovation and Success","https://www.gsb.stanford.edu/exec-ed/programs/managing-teams-innovation-success?program-location=in-person","Campus","","Senior","USD","15000","","1.0","","1","","Direct","","Innovation & Entrepreneurship","Innovation management","Innovation strategy and portfolio","T09.S01.P01","","Stable","fallback"
"Stanford GSB","stanford","Global","The Strategic Sustainability Leader Program","https://www.gsb.stanford.edu/exec-ed/programs/strategic-sustainability-leader-program","Blended","","Early/Emerging","USD","19500","","","","1","","Direct","","Sustainability, ESG & Climate","Sustainability strategy","Sustainability and ESG strategy for the enterprise","T10.S01.P01","","Transformed","high"
"Stanford GSB","stanford","Global","The AI-Powered Organization","https://www.gsb.stanford.edu/exec-ed/programs/ai-powered-organization?program-topic=design-thinking,entrepreneurship,innovation,strategy,technology--operations","Campus","","C-suite/Senior","USD","17500","","","","1","","Direct","","Leadership & Executive Capability","Senior and C-suite leadership","Becoming a C-suite officer (role-specific ladders)","T01.S02.P02","","Stable","low"
"The Wharton School, University of Pennsylvania","wharton","Global","Advanced Management Program","https://executiveeducation.wharton.upenn.edu/for-individuals/all-programs/advanced-management-program/","Campus","","C-suite/Senior","USD","79000","35","7.0","","1","Comprehensive Executive Programs; Leadership and Management","Direct","","Leadership & Executive Capability","Senior and C-suite leadership","CEO / top management leadership","T01.S02.P01","","Stable","high"
"The Wharton School, University of Pennsylvania","wharton","Global","Owner/President/CEO Program","https://executiveeducation.wharton.upenn.edu/for-individuals/all-programs/owner-president-ceo-program/","Campus","","C-suite/Senior","USD","120000","","","Y","1","Comprehensive Executive Programs; Leadership and Management","Direct","","Leadership & Executive Capability","Senior and C-suite leadership","CEO / top management leadership","T01.S02.P01","T01.S02.P02","Stable","officer-rule"
"The Wharton School, University of Pennsylvania","wharton","Global","CEO Academy®","https://executiveeducation.wharton.upenn.edu/for-individuals/all-programs/ceo-academy/","Campus","","C-suite/Senior","USD","20000","2","0.4","","1","Leadership and Management","Direct","","Leadership & Executive Capability","Senior and C-suite leadership","CEO / top management leadership","T01.S02.P01","T01.S02.P02","Stable","officer-rule"
"The Wharton School, University of Pennsylvania","wharton","Global","Executive Development Program","https://executiveeducation.wharton.upenn.edu/for-individuals/all-programs/executive-development-program/","Campus","","C-suite/Senior","USD","31000","12","2.4","","1","Leadership and Management; Strategy and Innovation","Direct","","Innovation & Entrepreneurship","Innovation management","Innovation strategy and portfolio","T09.S01.P01","","Stable","fallback"
"The Wharton School, University of Pennsylvania","wharton","Global","Becoming a Leader of Leaders: Pathways for Success","https://executiveeducation.wharton.upenn.edu/for-individuals/all-programs/becoming-a-leader-of-leaders-pathways-for-success/","Campus","","C-suite/Senior","USD","15250","6","1.2","","1","Leadership and Management","Direct","","Leadership & Executive Capability","Foundational leadership","Leadership styles and situational leadership","T01.S01.P05","","Stable","fallback"
"The Wharton School, University of Pennsylvania","wharton","Global","Global Strategic Leadership","https://executiveeducation.wharton.upenn.edu/for-individuals/all-programs/global-strategic-leadership/","Campus","","C-suite/Senior","USD","10750","4","0.8","","1","Leadership and Management","Direct","","Strategy","Corporate and competitive strategy","Competitive strategy and advantage","T02.S01.P01","","Stable","fallback"
"The Wharton School, University of Pennsylvania","wharton","Global","AI Strategy and Decision Making","https://executiveeducation.wharton.upenn.edu/for-individuals/all-programs/ai-strategy-and-decision-making/","Campus","","C-suite/Senior","","","","","Y","1","AI and Analytics","Direct","","Strategy","AI-era strategy","AI strategy for the enterprise","T02.S03.P01","T14.S02.P01","New","high"
"The Wharton School, University of Pennsylvania","wharton","Global","Leading Organizational Change","https://executiveeducation.wharton.upenn.edu/for-individuals/all-programs/leading-organizational-change/","Campus","","Mid-career","USD","10750","4","0.8","","1","Leadership and Management","Direct","","Leadership & Executive Capability","Foundational leadership","Leadership styles and situational leadership","T01.S01.P05","","Stable","fallback"
"The Wharton School, University of Pennsylvania","wharton","Global","The CFO: Becoming a Strategic Partner","https://executiveeducation.wharton.upenn.edu/for-individuals/all-programs/the-cfo-becoming-a-strategic-partner/","Campus","","Functional specialist","USD","15250","5","1.0","","1","Leadership and Management; Finance and Wealth Management","Direct","","Finance & Accounting","Finance for executives","Corporate finance and capital allocation","T04.S01.P03","T01.S02.P02","Stable","officer-rule"
"The Wharton School, University of Pennsylvania","wharton","Global","Boards That Lead: Corporate Governance That Builds Value","https://executiveeducation.wharton.upenn.edu/for-individuals/all-programs/boards-that-lead-corporate-governance-that-builds-value/","Campus","","Board","USD","6900","2","0.4","","1","Leadership and Management","Direct","","Governance, Risk & Legal","Board governance","Board effectiveness and director duties","T08.S01.P01","","Stable","high"
"The Wharton School, University of Pennsylvania","wharton","Global","Corporate Governance: Essentials for a New Business Era","https://executiveeducation.wharton.upenn.edu/for-individuals/all-programs/corporate-governance-essentials-for-a-new-business-era/","Campus","","Board","USD","10500","4","0.8","","1","Leadership and Management","Direct","","Governance, Risk & Legal","Board governance","Board effectiveness and director duties","T08.S01.P01","T01.S02.P02","Stable","high"
"The Wharton School, University of Pennsylvania","wharton","Global","Women on Boards: Building Exceptional Leaders","https://executiveeducation.wharton.upenn.edu/for-individuals/all-programs/women-on-boards-building-exceptional-leaders/","Campus","","Board","USD","9850","5","0.8","","1","Leadership and Management","Direct","","People, Talent & Organisation","Culture, DEI and organisational behaviour","Women's leadership and gender in the workplace","T07.S04.P03","T01.S02.P02","Stable","high"
"The Wharton School, University of Pennsylvania","wharton","Global","Business Essentials for Executives","https://executiveeducation.wharton.upenn.edu/for-individuals/all-programs/business-essentials-for-executives/","Campus","","Mid-career","USD","13250","5","1.0","","1","Leadership and Management","Direct","","General Management (Integrative)","Comprehensive general management","Mini-MBA and business fundamentals for specialists","T15.S01.P02","","Stable","high"
"The Wharton School, University of Pennsylvania","wharton","Global","Effective Decision Making: Thinking Critically and Rationally","https://executiveeducation.wharton.upenn.edu/for-individuals/all-programs/effective-decision-making-thinking-critically-and-rationally/","Campus","","Mid-career","USD","13250","5","1.0","","1","Leadership and Management","Direct","","Personal Effectiveness & Communication","Personal productivity and judgment","Decision-making, biases and behavioural judgment","T14.S02.P01","","Stable","high"
"The Wharton School, University of Pennsylvania","wharton","Global","High-Potential Leaders: Accelerating Your Impact","https://executiveeducation.wharton.upenn.edu/for-individuals/all-programs/high-potential-leaders-accelerating-your-impact/","Campus","","Early/Emerging","USD","14750","5","1.0","","1","Leadership and Management","Direct","","Leadership & Executive Capability","Foundational leadership","Leadership styles and situational leadership","T01.S01.P05","","Stable","fallback"
"The Wharton School, University of Pennsylvania","wharton","Global","Leading and Managing People: Strategies for a Changing Workforce","https://executiveeducation.wharton.upenn.edu/for-individuals/all-programs/leading-and-managing-people-strategies-for-a-changing-workforce/","Campus","","Mid-career","USD","12500","5","1.0","Y","1","Leadership and Management","Direct","","Strategy","Corporate and competitive strategy","Competitive strategy and advantage","T02.S01.P01","","Stable","fallback"
"The Wharton School, University of Pennsylvania","wharton","Global","The Neuroscience of Business: Innovations in Leadership and Strategic Decisions","https://executiveeducation.wharton.upenn.edu/for-individuals/all-programs/the-neuroscience-of-business-innovations-in-leadership-and-strategic-decisions/","Campus","","Mid-career","USD","12250","5","1.0","","1","Leadership and Management","Direct","","Leadership & Executive Capability","Senior and C-suite leadership","Becoming a C-suite officer (role-specific ladders)","T01.S02.P02","T03.S03.P04","Stable","low"
"The Wharton School, University of Pennsylvania","wharton","Global","The Resilient Leader: Strategies for Leading Through Uncertainty","https://executiveeducation.wharton.upenn.edu/for-individuals/all-programs/the-resilient-leader/","Campus","","Mid-career","USD","10750","4","","Y","1","Leadership and Management","Direct","","Leadership & Executive Capability","Change, resilience and crisis","Leading in uncertainty, volatility and ambiguity","T01.S05.P05","","Stable","high"
"The Wharton School, University of Pennsylvania","wharton","Global","Women's Executive Leadership: Business Strategies for Success","https://executiveeducation.wharton.upenn.edu/for-individuals/all-programs/womens-executive-leadership-business-strategies-for-success/","Campus","","Mid-career","","","5","","","1","Leadership and Management","Direct","","People, Talent & Organisation","Culture, DEI and organisational behaviour","Women's leadership and gender in the workplace","T07.S04.P03","","Stable","high"
"The Wharton School, University of Pennsylvania","wharton","Global","Executive Influence: Increasing Your Impact with Persuasion and Power","https://executiveeducation.wharton.upenn.edu/for-individuals/all-programs/executive-influence-increasing-your-impact-with-persuasion-and-power/","Campus","","Mid-career","USD","13750","5","1.0","","1","Leadership and Management","Direct","","Marketing, Sales & Customer","Marketing strategy and brand","Product management and product marketing","T05.S01.P05","","Stable","low"
"The Wharton School, University of Pennsylvania","wharton","Global","Executive Negotiation Workshop: Negotiate with Confidence","https://executiveeducation.wharton.upenn.edu/for-individuals/all-programs/executive-negotiation-workshop/","Campus","","Mid-career","USD","13750","5","1.0","","1","Leadership and Management","Direct","","Marketing, Sales & Customer","Sales and go-to-market","Negotiation for commercial outcomes","T05.S04.P05","","Stable","high"
"The Wharton School, University of Pennsylvania","wharton","Global","Health Care Leadership and Management: Leading Through Change","https://executiveeducation.wharton.upenn.edu/for-individuals/all-programs/health-care-leadership-and-management-leading-through-change/","Campus","","Functional specialist","USD","12500","5","1.0","","1","Leadership and Management","Direct","","Healthcare & Life Sciences","Healthcare management","Hospital and healthcare operations management","T12.S01.P01","","Stable","fallback"
"The Wharton School, University of Pennsylvania","wharton","Global","Wharton Nursing Leaders Program","https://executiveeducation.wharton.upenn.edu/for-individuals/all-programs/wharton-nursing-leaders-program/","Campus","","Functional specialist","USD","7650","5","1.0","","1","Leadership and Management","Direct","","Leadership & Executive Capability","Foundational leadership","Leadership styles and situational leadership","T01.S01.P05","","Stable","fallback"
"The Wharton School, University of Pennsylvania","wharton","Global","Wharton/ASIS Program for Security Executives: Making the Business Case for Security","https://executiveeducation.wharton.upenn.edu/for-individuals/all-programs/wharton-asis-program-for-security-executives/","Campus","","Functional specialist","","","","","","1","Leadership and Management","Direct","","Leadership & Executive Capability","Foundational leadership","Leadership styles and situational leadership","T01.S01.P05","","Stable","fallback"
"The Wharton School, University of Pennsylvania","wharton","Global","Advanced Corporate Finance","https://executiveeducation.wharton.upenn.edu/for-individuals/all-programs/advanced-corporate-finance/","Campus","","Functional specialist","USD","13250","5","1.0","","1","Finance and Wealth Management","Direct","","Finance & Accounting","Finance for executives","Corporate finance and capital allocation","T04.S01.P03","T04.S02.P01","Stable","high"
"The Wharton School, University of Pennsylvania","wharton","Global","Corporate Valuation","https://executiveeducation.wharton.upenn.edu/for-individuals/all-programs/corporate-valuation/","Campus","","Functional specialist","USD","13250","5","1.0","","1","Finance and Wealth Management","Direct","","Strategy","M&A and corporate development","Valuation and deal structuring","T02.S05.P02","T04.S01.P04","Stable","high"
"The Wharton School, University of Pennsylvania","wharton","Global","Finance and Accounting for the Non-Financial Manager","https://executiveeducation.wharton.upenn.edu/for-individuals/all-programs/finance-and-accounting-for-the-non-financial-manager/","Campus","","Mid-career","USD","13250","5","1.0","","1","Finance and Wealth Management","Direct","","Finance & Accounting","Finance for executives","Financial statement analysis and accounting for decisions","T04.S01.P02","T04.S02.P01","Stable","high"
"The Wharton School, University of Pennsylvania","wharton","Global","Mergers and Acquisitions","https://executiveeducation.wharton.upenn.edu/for-individuals/all-programs/mergers-and-acquisitions/","Campus","","Functional specialist","USD","15250","6","1.2","","1","Finance and Wealth Management; Strategy and Innovation","Direct","","Strategy","M&A and corporate development","M&A strategy and deal rationale","T02.S05.P01","T04.S02.P01","Stable","high"
"The Wharton School, University of Pennsylvania","wharton","Global","Scaling Business for Profitable Growth","https://executiveeducation.wharton.upenn.edu/for-individuals/all-programs/scaling-business-for-profitable-growth/","Campus","","C-suite/Senior","USD","13250","5","1.0","","1","Finance and Wealth Management; Strategy and Innovation","Direct","","Strategy","Corporate and competitive strategy","Growth strategy and scaling","T02.S01.P04","T04.S02.P01","Stable","high"
"The Wharton School, University of Pennsylvania","wharton","Global","Wharton Finance for Executives","https://executiveeducation.wharton.upenn.edu/for-individuals/all-programs/wharton-finance-for-executives/","Campus","","Mid-career","USD","13750","5","1.0","","1","Finance and Wealth Management","Direct","","Finance & Accounting","Investment and capital markets","Investment management and portfolio theory","T04.S02.P01","","Stable","low"
"The Wharton School, University of Pennsylvania","wharton","Global","Assessing Commercial Real Estate Investments and Markets","https://executiveeducation.wharton.upenn.edu/for-individuals/all-programs/assessing-commercial-real-estate-investments-and-markets/","Campus","","Functional specialist","USD","10750","4","0.8","","1","Finance and Wealth Management","Direct","","Finance & Accounting","Investment and capital markets","Real estate finance and investment","T04.S02.P04","T04.S02.P01","Stable","high"
"The Wharton School, University of Pennsylvania","wharton","Global","Distressed Asset Investing and Corporate Restructuring","https://executiveeducation.wharton.upenn.edu/for-individuals/all-programs/distressed-asset-investing-and-corporate-restructuring/","Campus","","Functional specialist","USD","13250","5","1.0","","1","Finance and Wealth Management","Direct","","Leadership & Executive Capability","Change, resilience and crisis","Turnaround and restructuring leadership","T01.S05.P06","T04.S02.P01","Stable","high"
"The Wharton School, University of Pennsylvania","wharton","Global","Fixed Income and Credit Market Investing","https://executiveeducation.wharton.upenn.edu/for-individuals/all-programs/fixed-income-and-credit-market-investing/","Campus","","Functional specialist","USD","12875","5","1.0","Y","1","Finance and Wealth Management","Direct","","Finance & Accounting","Investment and capital markets","Investment management and portfolio theory","T04.S02.P01","T01.S02.P02","Stable","low"
"The Wharton School, University of Pennsylvania","wharton","Global","Investment Strategies and Portfolio Management","https://executiveeducation.wharton.upenn.edu/for-individuals/all-programs/investment-strategies-and-portfolio-management/","Campus","","Functional specialist","USD","13750","5","1.0","","1","Finance and Wealth Management","Direct","","Finance & Accounting","Investment and capital markets","Investment management and portfolio theory","T04.S02.P01","T13.S01.P05","Stable","high"
"The Wharton School, University of Pennsylvania","wharton","Global","Private Equity: Investing and Creating Value","https://executiveeducation.wharton.upenn.edu/for-individuals/all-programs/private-equity-investing-and-creating-value/","Campus","","Functional specialist","USD","14500","6","1.2","","1","Finance and Wealth Management","Direct","","Finance & Accounting","Investment and capital markets","Private equity and venture capital","T04.S02.P02","T14.S02.P05","Stable","high"
"The Wharton School, University of Pennsylvania","wharton","Global","Venture Capital","https://executiveeducation.wharton.upenn.edu/for-individuals/all-programs/venture-capital/","Campus","","Functional specialist","USD","15250","6","1.2","","1","Finance and Wealth Management","Direct","","Finance & Accounting","Investment and capital markets","Private equity and venture capital","T04.S02.P02","T04.S02.P01","Stable","high"
"The Wharton School, University of Pennsylvania","wharton","Global","Family Wealth Management: Advanced Financial Strategies","https://executiveeducation.wharton.upenn.edu/for-individuals/all-programs/family-wealth-management-advanced-financial-strategies/","Campus","","Functional specialist","USD","13250","5","1.0","Y","1","Finance and Wealth Management","Direct","","Finance & Accounting","Investment and capital markets","Investment management and portfolio theory","T04.S02.P01","","Stable","high"
"The Wharton School, University of Pennsylvania","wharton","Global","Private Wealth Management","https://executiveeducation.wharton.upenn.edu/for-individuals/all-programs/private-wealth-management/","Campus","","Functional specialist","USD","17845","5","","","1","Finance and Wealth Management","Direct","","Finance & Accounting","Investment and capital markets","Investment management and portfolio theory","T04.S02.P01","","Stable","high"
"The Wharton School, University of Pennsylvania","wharton","Global","Wharton Family Office Program: Balancing Family Harmony and Financial Prosperity","https://executiveeducation.wharton.upenn.edu/for-individuals/all-programs/wharton-family-office-program-balancing-family-harmony-and-financial-prosperity/","Campus","","Functional specialist","USD","13250","5","1.0","Y","1","Finance and Wealth Management","Direct","","Finance & Accounting","Investment and capital markets","Investment management and portfolio theory","T04.S02.P01","","Stable","low"
"The Wharton School, University of Pennsylvania","wharton","Global","Business Model Innovation in the Age of AI","https://executiveeducation.wharton.upenn.edu/for-individuals/all-programs/business-model-innovation-in-the-age-of-ai/","Campus","","C-suite/Senior","USD","13250","5","1.0","","1","Strategy and Innovation; AI and Analytics","Direct","","Strategy","Corporate and competitive strategy","Business model innovation and reinvention","T02.S01.P05","T01.S02.P02","Transformed","high"
"The Wharton School, University of Pennsylvania","wharton","Global","Effective Execution of Organizational Strategy","https://executiveeducation.wharton.upenn.edu/for-individuals/all-programs/effective-execution-of-organizational-strategy/","Campus","","Mid-career","USD","13250","5","1.0","","1","Strategy and Innovation","Direct","","Strategy","Corporate and competitive strategy","Competitive strategy and advantage","T02.S01.P01","","Stable","fallback"
"The Wharton School, University of Pennsylvania","wharton","Global","Generative AI and Business Transformation","https://executiveeducation.wharton.upenn.edu/for-individuals/all-programs/generative-ai-and-business-transformation/","Campus","","C-suite/Senior","USD","13500","4","0.8","","1","Strategy and Innovation; AI and Analytics","Direct","","AI, Data & Digital","AI foundations for leaders","Generative AI foundations and prompting","T03.S01.P02","T01.S02.P02","New","high"
"The Wharton School, University of Pennsylvania","wharton","Global","Leading AI and Digital Transformation","https://executiveeducation.wharton.upenn.edu/for-individuals/all-programs/leading-ai-and-digital-transformation/","Campus","","C-suite/Senior","USD","13250","5","1.0","","1","Strategy and Innovation; AI and Analytics","Direct","","AI, Data & Digital","Digital transformation","Enterprise digital transformation strategy and roadmaps","T03.S03.P01","","Transformed","high"
"The Wharton School, University of Pennsylvania","wharton","Global","Strategy and Management for Competitive Advantage","https://executiveeducation.wharton.upenn.edu/for-individuals/all-programs/strategy-and-management-for-competitive-advantage/","Campus","","Mid-career","USD","13250","5","1.0","","1","Strategy and Innovation","Direct","","Strategy","Corporate and competitive strategy","Competitive strategy and advantage","T02.S01.P01","","Stable","high"
"The Wharton School, University of Pennsylvania","wharton","Global","Analytics for Strategic Growth: AI, Smart Data, and Customer Insights","https://executiveeducation.wharton.upenn.edu/for-individuals/all-programs/analytics-for-strategic-growth-ai-smart-data-and-customer-insights/","Campus","","Mid-career","USD","13250","5","1.0","","1","AI and Analytics; Marketing","Direct","","AI, Data & Digital","Data, analytics and decisions","Business analytics for decision-making","T03.S04.P01","T05.S01.P03","Stable","high"
"The Wharton School, University of Pennsylvania","wharton","Global","Pricing Strategies: Measuring, Capturing, and Retaining Value","https://executiveeducation.wharton.upenn.edu/for-individuals/all-programs/pricing-strategies-measuring-capturing-and-retaining-value/","Campus","","Functional specialist","USD","12850","5","1.0","","1","Marketing","Direct","","Marketing, Sales & Customer","Marketing strategy and brand","Pricing strategy and revenue management","T05.S01.P04","","Stable","high"
"The Wharton School, University of Pennsylvania","wharton","Global","Strategic Marketing for Competitive Advantage","https://executiveeducation.wharton.upenn.edu/for-individuals/all-programs/strategic-marketing-for-competitive-advantage/","Campus","","Functional specialist","USD","12875","5","1.0","","1","Marketing","Direct","","Strategy","Corporate and competitive strategy","Competitive strategy and advantage","T02.S01.P01","T05.S01.P01","Stable","high"
"The Wharton School, University of Pennsylvania","wharton","Global","ABA Stonier Graduate School of Banking Program","https://executiveeducation.wharton.upenn.edu/for-individuals/all-programs/aba-stonier-graduate-school-of-banking-program/","Campus","","Mixed","","","","","","1","Finance and Wealth Management","Direct","","Finance & Accounting","Risk, treasury and financial regulation","Banking strategy and regulation","T04.S03.P03","T04.S02.P01","Stable","high"
"The Wharton School, University of Pennsylvania","wharton","Global","CUES CEO Institute 1: Strategic Planning Program","https://executiveeducation.wharton.upenn.edu/for-individuals/all-programs/cues-ceo-institute-1-strategic-planning-program/","Campus","","Mixed","","","6","1.2","","1","Leadership and Management","Direct","","Leadership & Executive Capability","Senior and C-suite leadership","CEO / top management leadership","T01.S02.P01","T01.S02.P02","Stable","officer-rule"
"The Wharton School, University of Pennsylvania","wharton","Global","International Foundation of Employee Benefit Plans: Investment Courses","https://executiveeducation.wharton.upenn.edu/for-individuals/all-programs/international-foundation-of-employee-benefit-plans/","Campus","","Mixed","","","","","","1","Finance and Wealth Management","Direct","","People, Talent & Organisation","HR strategy and the CHRO agenda","Compensation, benefits and rewards","T07.S01.P04","T04.S02.P01","Stable","high"
"The Wharton School, University of Pennsylvania","wharton","Global","Securities Industry Institute®","https://executiveeducation.wharton.upenn.edu/for-individuals/all-programs/sifma-securities-industry-institute/","Campus","","Mixed","","","","","","1","Finance and Wealth Management","Direct","","Finance & Accounting","Investment and capital markets","Investment management and portfolio theory","T04.S02.P01","","Stable","low"
"The Wharton School, University of Pennsylvania","wharton","Global","Strategies for Accountable AI","https://executiveeducation.wharton.upenn.edu/for-individuals/all-programs/strategies-for-accountable-ai/","Live Online","","Mid-career","USD","8000","","8","Y","1","AI and Analytics; Strategy and Innovation","Direct","","Leadership & Executive Capability","Leading human-AI organisations","Trust, accountability and human oversight of AI decisions","T01.S04.P04","T03.S02.P04","New","high"
"The Wharton School, University of Pennsylvania","wharton","Global","The Manager's Playbook: Building Trust, Accountability, and Performance","https://executiveeducation.wharton.upenn.edu/for-individuals/all-programs/the-managers-playbook-building-trust-accountability-and-performance/","Blended","","Early/Emerging","USD","5250","","6","Y","1","Leadership and Management","Direct","","Finance & Accounting","Finance for executives","Finance for non-finance managers","T04.S01.P01","","Stable","fallback"
"The Wharton School, University of Pennsylvania","wharton","Global","AI in Marketing: Creating Customer Value in an AI-Driven Enterprise","https://executiveeducation.wharton.upenn.edu/for-individuals/all-programs/ai-in-marketing-creating-customer-value-in-an-ai-driven-enterprise/","Blended","","Functional specialist","USD","9350","5","2","Y","1","Marketing; AI and Analytics","Direct","","Marketing, Sales & Customer","AI in marketing","Generative AI for marketing and creative","T05.S03.P01","","New","high"
"The Wharton School, University of Pennsylvania","wharton","Global","General Management Program","https://executiveeducation.wharton.upenn.edu/for-individuals/all-programs/general-management-program/","Blended","","C-suite/Senior","USD","82500","","","","1","Comprehensive Executive Programs; Leadership and Management","Direct","","General Management (Integrative)","Comprehensive general management","General management programmes for senior leaders","T15.S01.P01","","Stable","fallback"
"The Wharton School, University of Pennsylvania","wharton","Global","Advanced Finance Program","https://executiveeducation.wharton.upenn.edu/for-individuals/all-programs/advanced-finance-program/","Blended","","Functional specialist","USD","82500","","","","1","Comprehensive Executive Programs; Finance and Wealth Management","Direct","","Finance & Accounting","Investment and capital markets","Investment management and portfolio theory","T04.S02.P01","","Stable","low"
"The Wharton School, University of Pennsylvania","wharton","Global","Asset and Portfolio Management Certificate","https://executiveeducation.wharton.upenn.edu/for-individuals/all-programs/asset-and-portfolio-management-certificate/","Self-paced Online","","Functional specialist","USD","3300","","4","","1","Finance and Wealth Management","Direct","","Finance & Accounting","Investment and capital markets","Investment management and portfolio theory","T04.S02.P01","T13.S01.P05","Stable","high"
"The Wharton School, University of Pennsylvania","wharton","Global","Digital Leadership Certificate Program","https://executiveeducation.wharton.upenn.edu/for-individuals/all-programs/digital-leadership-certificate-online/","Self-paced Online","","Mid-career","USD","3000","","4","","1","Leadership and Management; AI and Analytics","Direct","","AI, Data & Digital","Digital transformation","Enterprise digital transformation strategy and roadmaps","T03.S03.P01","","Transformed","fallback"
"The Wharton School, University of Pennsylvania","wharton","Global","Digital Marketing Certificate Program","https://executiveeducation.wharton.upenn.edu/for-individuals/all-programs/digital-marketing-certificate-online/","Self-paced Online","","Functional specialist","USD","2800","","6","","1","Marketing","Direct","","Marketing, Sales & Customer","Digital growth and performance marketing","Digital marketing and performance media","T05.S02.P01","","Transformed","high"
"The Wharton School, University of Pennsylvania","wharton","Global","Digital Strategy in the Era of AI Certificate","https://executiveeducation.wharton.upenn.edu/for-individuals/all-programs/digital-strategy-in-the-era-of-ai-certificate/","Self-paced Online","","Mid-career","USD","4950","","4","Y","1","Strategy and Innovation; AI and Analytics","Direct","","AI, Data & Digital","Digital transformation","Enterprise digital transformation strategy and roadmaps","T03.S03.P01","","Transformed","high"
"The Wharton School, University of Pennsylvania","wharton","Global","Entrepreneurship Certificate","https://executiveeducation.wharton.upenn.edu/for-individuals/all-programs/entrepreneurship-certificate/","Self-paced Online","","Early/Emerging","USD","3850","","6","Y","1","Strategy and Innovation","Direct","","Innovation & Entrepreneurship","Entrepreneurship","Starting and scaling a venture","T09.S02.P01","","Stable","high"
"The Wharton School, University of Pennsylvania","wharton","Global","Innovation Strategy and Design Thinking Certificate","https://executiveeducation.wharton.upenn.edu/for-individuals/all-programs/innovation-strategy-and-design-thinking-certificate/","Self-paced Online","","Mid-career","USD","3850","","6","Y","1","Strategy and Innovation","Direct","","Innovation & Entrepreneurship","Innovation management","Innovation strategy and portfolio","T09.S01.P01","T09.S01.P02","Stable","high"
"The Wharton School, University of Pennsylvania","wharton","Global","Leadership and Management Certificate Program","https://executiveeducation.wharton.upenn.edu/for-individuals/all-programs/leadership-and-management-certificate-online/","Self-paced Online","","Mid-career","USD","4400","","6","","1","Leadership and Management","Direct","","Leadership & Executive Capability","Foundational leadership","Leadership styles and situational leadership","T01.S01.P05","","Stable","fallback"
"The Wharton School, University of Pennsylvania","wharton","Global","AI for Business","https://executiveeducation.wharton.upenn.edu/for-individuals/all-programs/ai-for-business/","Self-paced Online","","Mixed","USD","850","","6","","1","AI and Analytics; Strategy and Innovation","Direct","","AI, Data & Digital","AI foundations for leaders","AI and machine learning fundamentals for executives","T03.S01.P01","","Transformed","high"
"The Wharton School, University of Pennsylvania","wharton","Global","Advancing Digital Innovation","https://executiveeducation.wharton.upenn.edu/for-individuals/all-programs/advancing-digital-innovation/","Self-paced Online","","Mixed","","","","6","Y","1","Strategy and Innovation","Direct","","Innovation & Entrepreneurship","Innovation management","Innovation strategy and portfolio","T09.S01.P01","","Stable","fallback"
"The Wharton School, University of Pennsylvania","wharton","Global","Asset Allocation","https://executiveeducation.wharton.upenn.edu/for-individuals/all-programs/asset-allocation/","Self-paced Online","","Mixed","","","","6","","1","Finance and Wealth Management","Direct","","Finance & Accounting","Investment and capital markets","Investment management and portfolio theory","T04.S02.P01","","Stable","low"
"The Wharton School, University of Pennsylvania","wharton","Global","Becoming Entrepreneurial: Purpose, Paths, and Inspiration","https://executiveeducation.wharton.upenn.edu/for-individuals/all-programs/becoming-entrepreneurial-purpose-paths-and-inspiration/","Self-paced Online","","Mixed","USD","1350","","6","Y","1","Strategy and Innovation","Direct","","Innovation & Entrepreneurship","Entrepreneurship","Starting and scaling a venture","T09.S02.P01","","Stable","high"
"The Wharton School, University of Pennsylvania","wharton","Global","Design Thinking for Problem Solving and Innovation","https://executiveeducation.wharton.upenn.edu/for-individuals/all-programs/design-thinking-for-problem-solving-and-innovation/","Self-paced Online","","Mixed","","","","6","Y","1","Strategy and Innovation","Direct","","Innovation & Entrepreneurship","Innovation management","Design thinking and human-centred design","T09.S01.P02","T14.S02.P02","Stable","high"
"The Wharton School, University of Pennsylvania","wharton","Global","Entrepreneurial Strategy: Acquisition, Commercialization, and Growth","https://executiveeducation.wharton.upenn.edu/for-individuals/all-programs/entrepreneurial-strategy-acquisition-commercialization-and-growth/","Self-paced Online","","Mixed","","","","6","Y","1","Strategy and Innovation","Direct","","Strategy","M&A and corporate development","M&A strategy and deal rationale","T02.S05.P01","T09.S02.P01","Stable","high"
"The Wharton School, University of Pennsylvania","wharton","Global","From Idea to Impact: Entrepreneurial Opportunity Identification","https://executiveeducation.wharton.upenn.edu/for-individuals/all-programs/from-idea-to-impact-entrepreneurial-opportunity-identification/","Self-paced Online","","Mixed","","","","6","Y","1","Strategy and Innovation","Direct","","Innovation & Entrepreneurship","Entrepreneurship","Starting and scaling a venture","T09.S02.P01","T13.S01.P05","Stable","high"
"The Wharton School, University of Pennsylvania","wharton","Global","From Plan to Performance: Venture Implementation","https://executiveeducation.wharton.upenn.edu/for-individuals/all-programs/from-plan-to-performance-venture-implementation/","Self-paced Online","","Mixed","","","","6","Y","1","Strategy and Innovation","Direct","","Innovation & Entrepreneurship","Entrepreneurship","Starting and scaling a venture","T09.S02.P01","","Stable","fallback"
"The Wharton School, University of Pennsylvania","wharton","Global","Fundamentals of Digital Marketing, Social Media, and E-Commerce","https://executiveeducation.wharton.upenn.edu/for-individuals/all-programs/fundamentals-of-digital-marketing-social-media-and-e-commerce/","Self-paced Online","","Mixed","","","","6","","1","Marketing","Direct","","Marketing, Sales & Customer","Digital growth and performance marketing","Digital marketing and performance media","T05.S02.P01","T05.S02.P02","Transformed","high"
"The Wharton School, University of Pennsylvania","wharton","Global","Fundamentals of Portfolio Management","https://executiveeducation.wharton.upenn.edu/for-individuals/all-programs/fundamentals-of-portfolio-management/","Self-paced Online","","Mixed","","","","6","","1","Finance and Wealth Management","Direct","","Finance & Accounting","Investment and capital markets","Investment management and portfolio theory","T04.S02.P01","T13.S01.P05","Stable","high"
"The Wharton School, University of Pennsylvania","wharton","Global","Innovation Tournaments and the Process View","https://executiveeducation.wharton.upenn.edu/for-individuals/all-programs/innovation-tournaments-and-the-process-view/","Self-paced Online","","Mixed","","","","6","Y","1","Strategy and Innovation","Direct","","Innovation & Entrepreneurship","Innovation management","Innovation strategy and portfolio","T09.S01.P01","","Stable","fallback"
"The Wharton School, University of Pennsylvania","wharton","Global","Introduction to Innovation: Everyone Is an Innovator","https://executiveeducation.wharton.upenn.edu/for-individuals/all-programs/introduction-to-innovation-everyone-is-an-innovator/","Self-paced Online","","Mixed","","","","6","Y","1","Strategy and Innovation","Direct","","Innovation & Entrepreneurship","Innovation management","Innovation strategy and portfolio","T09.S01.P01","","Stable","fallback"
"The Wharton School, University of Pennsylvania","wharton","Global","Investment Products","https://executiveeducation.wharton.upenn.edu/for-individuals/all-programs/investment-products/","Self-paced Online","","Mixed","","","","6","","1","Finance and Wealth Management","Direct","","Finance & Accounting","Investment and capital markets","Investment management and portfolio theory","T04.S02.P01","","Stable","low"
"The Wharton School, University of Pennsylvania","wharton","Global","Leadership in the 21st Century","https://executiveeducation.wharton.upenn.edu/for-individuals/all-programs/leadership-in-the-21st-century/","Self-paced Online","","Mixed","USD","1200","","6","","1","Leadership and Management","Direct","","Leadership & Executive Capability","Foundational leadership","Leadership styles and situational leadership","T01.S01.P05","","Stable","fallback"
"The Wharton School, University of Pennsylvania","wharton","Global","Leadership in the Age of Digital Disruption","https://executiveeducation.wharton.upenn.edu/for-individuals/all-programs/leadership-in-the-age-of-digital-disruption/","Self-paced Online","","Mixed","","","","6","","1","Leadership and Management; AI and Analytics","Direct","","AI, Data & Digital","Digital transformation","Enterprise digital transformation strategy and roadmaps","T03.S03.P01","","Transformed","fallback"
"The Wharton School, University of Pennsylvania","wharton","Global","Leading the Digital Organization","https://executiveeducation.wharton.upenn.edu/for-individuals/all-programs/leading-the-digital-organization/","Self-paced Online","","Mixed","","","","6","Y","1","Leadership and Management; AI and Analytics","Direct","","AI, Data & Digital","Digital transformation","Enterprise digital transformation strategy and roadmaps","T03.S03.P01","","Transformed","fallback"
"The Wharton School, University of Pennsylvania","wharton","Global","Lucky by Design: How to Navigate Hidden Markets","https://executiveeducation.wharton.upenn.edu/for-individuals/all-programs/lucky-by-design-how-to-navigate-hidden-markets/","Self-paced Online","","Mixed","","","","","Y","1","Strategy and Innovation","Direct","","Innovation & Entrepreneurship","Innovation management","Innovation strategy and portfolio","T09.S01.P01","","Stable","fallback"
"The Wharton School, University of Pennsylvania","wharton","Global","Managing and Motivating Talent","https://executiveeducation.wharton.upenn.edu/for-individuals/all-programs/managing-and-motivating-talent/","Self-paced Online","","Mixed","","","","6","","1","Leadership and Management","Direct","","People, Talent & Organisation","HR strategy and the CHRO agenda","Strategic HR and business partnering","T07.S01.P01","","Stable","fallback"
"The Wharton School, University of Pennsylvania","wharton","Global","Managing in the Global Digital Economy","https://executiveeducation.wharton.upenn.edu/for-individuals/all-programs/managing-in-the-global-digital-economy/","Self-paced Online","","Mixed","","","","6","","1","Leadership and Management; AI and Analytics","Direct","","AI, Data & Digital","Digital transformation","Enterprise digital transformation strategy and roadmaps","T03.S03.P01","","Transformed","fallback"
"The Wharton School, University of Pennsylvania","wharton","Global","Managing the Global Firm","https://executiveeducation.wharton.upenn.edu/for-individuals/all-programs/managing-the-global-firm/","Self-paced Online","","Mixed","USD","1200","","6","","1","Leadership and Management","Direct","","General Management (Integrative)","Comprehensive general management","General management programmes for senior leaders","T15.S01.P01","","Stable","fallback"
"The Wharton School, University of Pennsylvania","wharton","Global","Managing the Value of Customer Relationships","https://executiveeducation.wharton.upenn.edu/for-individuals/all-programs/managing-the-value-of-customer-relationships/","Self-paced Online","","Mixed","","","","6","","1","Marketing","Direct","","General Management (Integrative)","Comprehensive general management","General management programmes for senior leaders","T15.S01.P01","","Stable","fallback"
"The Wharton School, University of Pennsylvania","wharton","Global","Marketing Analytics: Data Tools and Techniques","https://executiveeducation.wharton.upenn.edu/for-individuals/all-programs/marketing-analytics-data-tools-and-techniques/","Self-paced Online","","Mixed","","","","6","","1","Marketing; AI and Analytics","Direct","","Marketing, Sales & Customer","Digital growth and performance marketing","Marketing analytics, attribution and MMM","T05.S02.P03","","Transformed","high"
"The Wharton School, University of Pennsylvania","wharton","Global","Navigating Digital Disruption","https://executiveeducation.wharton.upenn.edu/for-individuals/all-programs/navigating-digital-disruption/","Self-paced Online","","Mixed","","","","6","Y","1","Strategy and Innovation; AI and Analytics","Direct","","AI, Data & Digital","Digital transformation","Enterprise digital transformation strategy and roadmaps","T03.S03.P01","","Transformed","fallback"
"The Wharton School, University of Pennsylvania","wharton","Global","Removing Barriers to Change in Organizations","https://executiveeducation.wharton.upenn.edu/for-individuals/all-programs/removing-barriers-to-change-in-organizations/","Self-paced Online","","Mixed","","","","6","","1","Leadership and Management","Direct","","Leadership & Executive Capability","Foundational leadership","Leadership styles and situational leadership","T01.S01.P05","","Stable","fallback"
"The Wharton School, University of Pennsylvania","wharton","Global","Selling Ideas: How to Influence Others, and Get Your Message to Catch On","https://executiveeducation.wharton.upenn.edu/for-individuals/all-programs/selling-ideas-how-to-influence-others-and-get-your-message-to-catch-on/","Self-paced Online","","Mixed","","","","6","","1","Marketing; Leadership and Management","Direct","","Personal Effectiveness & Communication","Executive presence and communication","Public speaking, presentation and boardroom communication","T14.S01.P03","","Stable","fallback"
"The Wharton School, University of Pennsylvania","wharton","Global","Strategic Management: Competitive and Corporate Strategy","https://executiveeducation.wharton.upenn.edu/for-individuals/all-programs/strategic-management-competitive-and-corporate-strategy/","Self-paced Online","","Mixed","","","","6","","1","Strategy and Innovation","Direct","","Strategy","Corporate and competitive strategy","Competitive strategy and advantage","T02.S01.P01","T02.S01.P02","Stable","high"
"The Wharton School, University of Pennsylvania","wharton","Global","Chief Revenue Officer (CRO) Program","https://online-execed.wharton.upenn.edu/chief-revenue-officer-program","Blended","Emeritus","C-suite/Senior","USD","20200","","28","","1","Senior Executive Programs","Partner","(P)","Marketing, Sales & Customer","Sales and go-to-market","Sales leadership and sales force management","T05.S04.P01","T01.S02.P02","Stable","officer-rule"
"The Wharton School, University of Pennsylvania","wharton","Global","Chief Human Resources Officer (CHRO) Program","https://online-execed.wharton.upenn.edu/chief-human-resources-officer-program","Blended","Emeritus","C-suite/Senior","USD","19750","","36","","1","Senior Executive Programs","Partner","(P)","People, Talent & Organisation","HR strategy and the CHRO agenda","CHRO and HR leadership","T07.S01.P02","T01.S02.P02","Stable","officer-rule"
"The Wharton School, University of Pennsylvania","wharton","Global","Chief Technology Officer (CTO) Program","https://online-execed.wharton.upenn.edu/chief-technology-officer-program","Blended","Emeritus","C-suite/Senior","USD","20000","","36","","1","Senior Executive Programs","Partner","(P)","AI, Data & Digital","Digital transformation","Enterprise digital transformation strategy and roadmaps","T03.S03.P01","T01.S02.P02","Transformed","officer-rule"
"The Wharton School, University of Pennsylvania","wharton","Global","Chief Strategy Officer (CSO) Program","https://online-execed.wharton.upenn.edu/chief-strategy-officer-program","Blended","Emeritus","C-suite/Senior","USD","20300","","36","","1","Senior Executive Programs","Partner","(P)","Strategy","Corporate and competitive strategy","Corporate strategy, portfolio and diversification","T02.S01.P02","T01.S02.P02","Stable","officer-rule"
"The Wharton School, University of Pennsylvania","wharton","Global","Global C-Suite Program","https://online-execed.wharton.upenn.edu/global-c-suite-program","Blended","Emeritus","C-suite/Senior","","","","36","","1","Senior Executive Programs","Partner","(P)","Leadership & Executive Capability","Senior and C-suite leadership","Becoming a C-suite officer (role-specific ladders)","T01.S02.P02","","Stable","high"
"The Wharton School, University of Pennsylvania","wharton","Global","C-Suite Leaders Program","https://online-execed.wharton.upenn.edu/c-suite-leaders-program-india","Blended","Emeritus","C-suite/Senior","","","","24","","1","Senior Executive Programs","Partner","(P)","Leadership & Executive Capability","Senior and C-suite leadership","Becoming a C-suite officer (role-specific ladders)","T01.S02.P02","","Stable","high"
"The Wharton School, University of Pennsylvania","wharton","Global","Chief Financial Officer (CFO) Program - India","https://online-execed.wharton.upenn.edu/chief-financial-officer-program-india","Blended","Emeritus","C-suite/Senior","INR","915000","","24","","1","Senior Executive Programs","Partner","(P)","Finance & Accounting","Finance for executives","Corporate finance and capital allocation","T04.S01.P03","T01.S02.P02","Stable","officer-rule"
"The Wharton School, University of Pennsylvania","wharton","Global","Leadership Program in AI and Analytics","https://online-execed.wharton.upenn.edu/leadership-program-in-ai-and-analytics","Self-paced Online","Emeritus","C-suite/Senior","USD","16500","","24","","1","Senior Executive Programs","Partner","(P)","Leadership & Executive Capability","Senior and C-suite leadership","Becoming a C-suite officer (role-specific ladders)","T01.S02.P02","T03.S03.P04","Stable","low"
"The Wharton School, University of Pennsylvania","wharton","Global","Senior Management Program","https://online-execed.wharton.upenn.edu/senior-management-program","Self-paced Online","Emeritus","C-suite/Senior","","","","24","","1","Senior Executive Programs","Partner","(P)","Leadership & Executive Capability","Senior and C-suite leadership","Becoming a C-suite officer (role-specific ladders)","T01.S02.P02","","Stable","fallback"
"The Wharton School, University of Pennsylvania","wharton","Global","Emerging Chief Product Officer Program","https://online-execed.wharton.upenn.edu/emerging-cpo-program","Self-paced Online","Emeritus","Early/Emerging","","","","24","","1","Emerging Executive Programs","Partner","(P)","Marketing, Sales & Customer","Marketing strategy and brand","Product management and product marketing","T05.S01.P05","T01.S02.P02","Stable","officer-rule"
"The Wharton School, University of Pennsylvania","wharton","Global","Emerging COO Program","https://online-execed.wharton.upenn.edu/emerging-coo-program","Self-paced Online","Emeritus","Early/Emerging","","","","24","","1","Emerging Executive Programs","Partner","(P)","Operations, Supply Chain & Quality","Operations management","Operational excellence and process improvement","T06.S01.P01","T01.S02.P02","Stable","officer-rule"
"The Wharton School, University of Pennsylvania","wharton","Global","Emerging CFO Program","https://online-execed.wharton.upenn.edu/emerging-cfo-program","Self-paced Online","Emeritus","Early/Emerging","","","","24","","1","Emerging Executive Programs","Partner","(P)","Finance & Accounting","Finance for executives","Corporate finance and capital allocation","T04.S01.P03","T01.S02.P02","Stable","officer-rule"
"The Wharton School, University of Pennsylvania","wharton","Global","Leading a Technology-Driven Organization","https://online-execed.wharton.upenn.edu/leading-technology-driven-organization","Self-paced Online","Emeritus","Mid-career","","","","6","","1","Certificate Programs","Partner","(P)","AI, Data & Digital","Digital transformation","Enterprise digital transformation strategy and roadmaps","T03.S03.P01","","Transformed","fallback"
"The Wharton School, University of Pennsylvania","wharton","Global","Future of Work: Leading Modern Workplaces","https://online-execed.wharton.upenn.edu/future-work","Self-paced Online","Emeritus","Mid-career","","","","6","","1","Certificate Programs","Partner","(P)","Leadership & Executive Capability","Foundational leadership","Leadership styles and situational leadership","T01.S01.P05","","Stable","fallback"
"The Wharton School, University of Pennsylvania","wharton","Global","Executive Presence and Influence: Persuasive Leadership Development","https://online-execed.wharton.upenn.edu/executive-presence-influence","Self-paced Online","Emeritus","Mid-career","","","","6","","1","Certificate Programs","Partner","(P)","People, Talent & Organisation","Talent, learning and workforce","Leadership development and succession architecture","T07.S02.P05","T14.S01.P01","Stable","high"
"The Wharton School, University of Pennsylvania","wharton","Global","Strategic Operations Management Program","https://online-execed.wharton.upenn.edu/strategic-operations-management-program","Self-paced Online","Emeritus","Mid-career","","","","6","","1","Certificate Programs","Partner","(P)","Operations, Supply Chain & Quality","Operations management","Operational excellence and process improvement","T06.S01.P01","","Stable","high"
"The Wharton School, University of Pennsylvania","wharton","Global","Global Supply Chain Management Program","https://online-execed.wharton.upenn.edu/global-supply-chain-management","Self-paced Online","Emeritus","Mid-career","","","","6","","1","Certificate Programs","Partner","(P)","Operations, Supply Chain & Quality","Supply chain and logistics","Supply chain strategy and design","T06.S02.P01","","Stable","high"
"The Wharton School, University of Pennsylvania","wharton","Global","HR Management and Analytics","https://online-execed.wharton.upenn.edu/hr-management","Self-paced Online","Emeritus","Mid-career","","","","8","","1","Certificate Programs","Partner","(P)","AI, Data & Digital","Data, analytics and decisions","Business analytics for decision-making","T03.S04.P01","","Stable","fallback"
"The Wharton School, University of Pennsylvania","wharton","Global","Corporate Governance: Maximize Your Effectiveness in the Boardroom","https://online-execed.wharton.upenn.edu/corporate-governance","Self-paced Online","Emeritus","Mid-career","","","","6","","1","Certificate Programs","Partner","(P)","Governance, Risk & Legal","Board governance","Board effectiveness and director duties","T08.S01.P01","","Stable","high"
"The Wharton School, University of Pennsylvania","wharton","Global","Product Management and Strategy","https://online-execed.wharton.upenn.edu/product-management-and-strategy","Self-paced Online","Emeritus","Mid-career","","","","6","","1","Certificate Programs","Partner","(P)","Marketing, Sales & Customer","Marketing strategy and brand","Product management and product marketing","T05.S01.P05","","Stable","high"
"The Wharton School, University of Pennsylvania","wharton","Global","Technology Acceleration Program","https://online-execed.wharton.upenn.edu/technology-acceleration-program","Self-paced Online","Emeritus","Mid-career","","","","6","","1","Certificate Programs","Partner","(P)","AI, Data & Digital","Digital transformation","Enterprise digital transformation strategy and roadmaps","T03.S03.P01","","Transformed","fallback"
"The Wharton School, University of Pennsylvania","wharton","Global","Business Analytics: From Data to Insights","https://online-execed.wharton.upenn.edu/business-analytics","Self-paced Online","Emeritus","Mid-career","USD","2536","","9","","1","Certificate Programs","Partner","(P)","AI, Data & Digital","Data, analytics and decisions","Business analytics for decision-making","T03.S04.P01","T01.S02.P02","Stable","high"
"The Wharton School, University of Pennsylvania","wharton","Global","M&A and Corporate Development Strategies","https://online-execed.wharton.upenn.edu/mergers-acquisitions-corporate-development-strategies","Self-paced Online","Emeritus","Mid-career","","","","6","","1","Certificate Programs","Partner","(P)","Strategy","M&A and corporate development","M&A strategy and deal rationale","T02.S05.P01","","Stable","high"
"The Wharton School, University of Pennsylvania","wharton","Global","Management Development Program","https://online-execed.wharton.upenn.edu/management-development-program","Self-paced Online","Emeritus","Mid-career","","","","12","","1","Certificate Programs","Partner","(P)","General Management (Integrative)","Comprehensive general management","General management programmes for senior leaders","T15.S01.P01","","Stable","fallback"
"The Wharton School, University of Pennsylvania","wharton","Global","High-Impact Leadership Communication","https://online-execed.wharton.upenn.edu/high-impact-leadership-communication","Self-paced Online","Emeritus","Mid-career","","","","6","","1","Certificate Programs","Partner","(P)","Personal Effectiveness & Communication","Executive presence and communication","Public speaking, presentation and boardroom communication","T14.S01.P03","","Stable","fallback"
"The Wharton School, University of Pennsylvania","wharton","Global","Leading and Managing High-Impact Teams","https://online-execed.wharton.upenn.edu/leading-and-managing-high-impact-teams-program","Self-paced Online","Emeritus","Mid-career","","","","6","","1","Certificate Programs","Partner","(P)","Leadership & Executive Capability","Foundational leadership","Leadership styles and situational leadership","T01.S01.P05","","Stable","fallback"
"The Wharton School, University of Pennsylvania","wharton","Global","Understanding the Brain: Using Neuroscience to Deliver Better Business Results","https://online-execed.wharton.upenn.edu/neuroscience-in-business","Self-paced Online","Emeritus","Mid-career","","","","6","","1","Certificate Programs","Partner","(P)","Personal Effectiveness & Communication","Personal productivity and judgment","Decision-making, biases and behavioural judgment","T14.S02.P01","","Stable","fallback"
"The Wharton School, University of Pennsylvania","wharton","Global","Revenue Analytics: Price Optimization","https://online-execed.wharton.upenn.edu/revenue-analytics","Self-paced Online","Emeritus","Mid-career","","","","6","","1","Certificate Programs","Partner","(P)","AI, Data & Digital","Data, analytics and decisions","Business analytics for decision-making","T03.S04.P01","","Stable","fallback"
"The Wharton School, University of Pennsylvania","wharton","Global","Driving Strategic Innovation: Leading Complex Initiatives for Impact","https://online-execed.wharton.upenn.edu/driving-strategic-innovation","Self-paced Online","Emeritus","Mid-career","","","","6","","1","Certificate Programs","Partner","(P)","Innovation & Entrepreneurship","Innovation management","Innovation strategy and portfolio","T09.S01.P01","","Stable","fallback"
"The Wharton School, University of Pennsylvania","wharton","Global","Behavioral Economics: Consumer Choice and Decision Making","https://online-execed.wharton.upenn.edu/behavioral-economics","Self-paced Online","Emeritus","Mid-career","","","","7","","1","Certificate Programs","Partner","(P)","Personal Effectiveness & Communication","Personal productivity and judgment","Decision-making, biases and behavioural judgment","T14.S02.P01","","Stable","high"
"The Wharton School, University of Pennsylvania","wharton","Global","Business Acumen for Executives","https://online-execed.wharton.upenn.edu/business-acumen-for-rising-executives","Self-paced Online","Emeritus","Mid-career","","","","6","","1","Certificate Programs","Partner","(P)","General Management (Integrative)","Comprehensive general management","Mini-MBA and business fundamentals for specialists","T15.S01.P02","","Stable","high"
"The Wharton School, University of Pennsylvania","wharton","Global","Mastering Talent Management: Hiring, Engaging, and Rewarding A+ Talent","https://online-execed.wharton.upenn.edu/mastering-talent-management","Self-paced Online","Emeritus","Mid-career","","","","6","","1","Certificate Programs","Partner","(P)","People, Talent & Organisation","HR strategy and the CHRO agenda","Compensation, benefits and rewards","T07.S01.P04","T07.S02.P01","Stable","high"
"The Wharton School, University of Pennsylvania","wharton","Global","Marketing Analytics","https://online-execed.wharton.upenn.edu/marketing-analytics","Self-paced Online","Emeritus","Mid-career","","","","6","","1","Certificate Programs","Partner","(P)","Marketing, Sales & Customer","Digital growth and performance marketing","Marketing analytics, attribution and MMM","T05.S02.P03","","Transformed","high"
"The Wharton School, University of Pennsylvania","wharton","Global","Product Strategy and Revenue Management","https://online-execed.wharton.upenn.edu/product-strategy-and-revenue-management","Self-paced Online","Emeritus","Mid-career","","","","12","","1","Learning Journeys","Partner","(P)","Marketing, Sales & Customer","Marketing strategy and brand","Pricing strategy and revenue management","T05.S01.P04","","Stable","high"
"The Wharton School, University of Pennsylvania","wharton","Global","Board Readiness Program","https://online-execed.wharton.upenn.edu/board-readiness-program","Self-paced Online","Emeritus","Mid-career","","","","12","","1","Learning Journeys","Partner","(P)","Governance, Risk & Legal","Board governance","Board effectiveness and director duties","T08.S01.P01","","Stable","high"
"The Wharton School, University of Pennsylvania","wharton","Global","Leadership Program in Operations and Supply Chain Strategy","https://online-execed.wharton.upenn.edu/leadership-program-in-operations-and-supply-chain-strategy","Self-paced Online","Emeritus","Mid-career","","","","12","","1","Learning Journeys","Partner","(P)","Operations, Supply Chain & Quality","Supply chain and logistics","Supply chain strategy and design","T06.S02.P01","","Stable","high"
"The Wharton School, University of Pennsylvania","wharton","Global","High-Impact Communication and Influence","https://online-execed.wharton.upenn.edu/high-impact-communication-and-influence","Self-paced Online","Emeritus","Mid-career","","","","12","","1","Learning Journeys","Partner","(P)","Personal Effectiveness & Communication","Executive presence and communication","Public speaking, presentation and boardroom communication","T14.S01.P03","","Stable","fallback"
"The Wharton School, University of Pennsylvania","wharton","Global","Executive Presence and Management Development Program","https://online-execed.wharton.upenn.edu/executive-presence-and-management-development-program","Self-paced Online","Emeritus","Mid-career","","","","18","","1","Learning Journeys","Partner","(P)","Personal Effectiveness & Communication","Executive presence and communication","Executive presence and personal brand","T14.S01.P01","","Stable","high"
"The Wharton School, University of Pennsylvania","wharton","Global","Mastering Executive Influence: Neuroscience-Driven Leadership Strategies","https://online-execed.wharton.upenn.edu/mastering-executive-influence-neuroscience-driven-leadership-strategies","Self-paced Online","Emeritus","Mid-career","","","","12","","1","Learning Journeys","Partner","(P)","Personal Effectiveness & Communication","Personal productivity and judgment","Decision-making, biases and behavioural judgment","T14.S02.P01","","Stable","fallback"
"The Wharton School, University of Pennsylvania","wharton","Global","Applied Value Investing Certificate Program","https://wallstreetprep.wharton.upenn.edu/applied-value-investing-certificate/","Self-paced Online","Wall Street Prep","Functional specialist","","","","","","1","Finance and Wealth Management","Partner","(P)","Finance & Accounting","Investment and capital markets","Investment management and portfolio theory","T04.S02.P01","","Stable","low"
"The Wharton School, University of Pennsylvania","wharton","Global","Financial Planning & Analysis (FP&A) Certificate Program","https://wallstreetprep.wharton.upenn.edu/financial-planning-and-analysis-certificate/","Self-paced Online","Wall Street Prep","Functional specialist","","","","","","1","Finance and Wealth Management","Partner","(P)","Finance & Accounting","Finance for executives","Budgeting, forecasting and FP&A","T04.S01.P06","T04.S02.P01","Stable","high"
"The Wharton School, University of Pennsylvania","wharton","Global","Private Equity Certificate Program","https://wallstreetprep.wharton.upenn.edu/pe-certificate/","Self-paced Online","Wall Street Prep","Functional specialist","","","","","","1","Finance and Wealth Management","Partner","(P)","Finance & Accounting","Investment and capital markets","Private equity and venture capital","T04.S02.P02","T14.S02.P05","Stable","high"
"The Wharton School, University of Pennsylvania","wharton","Global","Real Estate Investing & Analysis Certificate Program","https://wallstreetprep.wharton.upenn.edu/real-estate-investing-certificate/","Self-paced Online","Wall Street Prep","Functional specialist","","","","","","1","Finance and Wealth Management","Partner","(P)","Finance & Accounting","Investment and capital markets","Real estate finance and investment","T04.S02.P04","T04.S02.P01","Stable","high"
"The Wharton School, University of Pennsylvania","wharton","Global","Restructuring and Distressed Investing Certificate","https://wallstreetprep.wharton.upenn.edu/restructuring-distressed-investing-certificate/","Self-paced Online","Wall Street Prep","Functional specialist","","","","","","1","Finance and Wealth Management","Partner","(P)","Leadership & Executive Capability","Change, resilience and crisis","Turnaround and restructuring leadership","T01.S05.P06","T04.S02.P01","Stable","high"
"Wharton","wharton","Global","Leadership and Management Certificate Program & Courses","https://online.wharton.upenn.edu/leadership-and-management-certificate/","Self-paced Online","","Mixed","USD","4400","","24.0","","1","","Direct","","Leadership & Executive Capability","Foundational leadership","Leadership styles and situational leadership","T01.S01.P05","","Stable","fallback"
"Wharton","wharton","Global","People Management for Emerging Leaders","https://executiveeducation.wharton.upenn.edu/for-individuals/all-programs/people-management-for-emerging-leaders/","Campus","","Mixed","USD","5500","","6.0","","1","","Direct","","Leadership & Executive Capability","Foundational leadership","Transition to leadership / first-time manager","T01.S01.P01","T09.S02.P01","Stable","high"
"Wharton","wharton","Global","Wharton ESG Essentials","https://executiveeducation.wharton.upenn.edu/for-individuals/all-programs/esg-essentials/","Campus","","C-suite/Senior","USD","4500","","4.0","","1","","Direct","","Sustainability, ESG & Climate","Sustainability strategy","Sustainability and ESG strategy for the enterprise","T10.S01.P01","T01.S02.P02","Transformed","high"
"Wharton","wharton","Global","Wharton ESG Executive Certificate for Senior Leaders","https://executiveeducation.wharton.upenn.edu/for-individuals/all-programs/esg-executive-certificate-for-senior-leaders/","Campus","","C-suite/Senior","USD","7000","","8.0","","1","","Direct","","Sustainability, ESG & Climate","Sustainability strategy","Sustainability and ESG strategy for the enterprise","T10.S01.P01","T01.S02.P02","Transformed","high"
"Wharton","wharton","Global","Entrepreneurship Acceleration Program","https://online-execed.wharton.upenn.edu/entrepreneurship?utm_medium=EmWebsite&utm_content=University&utm_term=Wharton-Executive-Education&utm_campaign=direct_EmWebsite_University_Wharton-Executive-Education","Campus","","Unknown","","","","13.0","","1","","Direct","","Innovation & Entrepreneurship","Entrepreneurship","Starting and scaling a venture","T09.S02.P01","","Stable","high"
"Wharton","wharton","Global","HR Management and Analytics: Unlock the Value of Human Capital","https://online-execed.wharton.upenn.edu/hr-management?utm_source=whartonweb","Campus","","Senior","USD","2576","","8.7","","1","","Direct","","AI, Data & Digital","Data, analytics and decisions","Business analytics for decision-making","T03.S04.P01","","Stable","fallback"
"Wharton","wharton","Global","Managing Strategic Partnerships and Ecosystems","https://executiveeducation.wharton.upenn.edu/for-individuals/all-programs/managing-strategic-partnerships-and-ecosystems/","Live Online","","Mid-career","","","","","","1","","Direct","","Strategy","Corporate and competitive strategy","Platform and ecosystem strategy","T02.S01.P06","T02.S05.P05","Transformed","high"
"Wharton","wharton","Global","Net-Zero Transformation","https://executiveeducation.wharton.upenn.edu/for-individuals/all-programs/net-zero-transformation/","Live Online","","Senior","","","","","","1","","Direct","","Sustainability, ESG & Climate","Sustainability strategy","Net-zero transition and decarbonisation","T10.S01.P02","","New","high"
"Wharton","wharton","Global","Hedge-Fund Shareholder Activism","https://executiveeducation.wharton.upenn.edu/for-individuals/all-programs/hedge-fund-shareholder-activism/","Campus","","Unknown","USD","10500","4","0.8","","1","","Direct","","Leadership & Executive Capability","Senior and C-suite leadership","Becoming a C-suite officer (role-specific ladders)","T01.S02.P02","","Stable","low"
