"school_slug","programme_name","topic_id","format","fee_currency","fee_amount"
"emeritus","Professional Certificate in Instructional Design","","Self-paced Online","INR","302000"
"emeritus","Professional Certificate in Data Engineering with Microsoft Azure","","Campus","INR","259000"
"emeritus","Global Executive Immersion: Silicon Valley","T01.S02.P02","Blended","",""
"emeritus","Post Graduate Program in Data Science and AI","T03.S04.P02","Campus","INR","260000"
"emeritus","Advanced Program in Technology Leadership and Innovation","T01.S02.P02","Campus","INR","385000"
"emeritus","Building AI Products and Services","T05.S01.P05","Self-paced Online","INR","191000"
"emeritus","Post Graduate Certificate in Cybersecurity","T03.S05.P01","Campus","INR","261000"
"emeritus","Post Graduate Program in AI and Machine Learning","T05.S01.P05","Campus","INR","265000"
"emeritus","Artificial Intelligence & GenAI: Business Strategies and Applications","T03.S01.P02","Campus","INR","149000"
"emeritus","Data Analytics for Business Strategy: Essential Tools and Applications","T03.S04.P01","Blended","INR","210000"
"emeritus","General Management Programme for Business Excellence","T15.S01.P01","Self-paced Online","INR","248500"
"hbs","Senior Executive Leadership Program—India","T01.S01.P05","Blended","INR","4400000"
"hbs","Leading in the Digital Era","T03.S03.P01","Campus","USD","15500"
"hbs","Leadership for Senior Executives","T01.S01.P05","Campus","USD","18500"
"hbs","Public Education Leadership Project","T09.S02.P04","Campus","USD","37000"
"hbs","The Women's Leadership Forum","T07.S04.P03","Campus","USD","14500"
"hbs","Advancing Women of Color in Leadership","T07.S04.P03","Campus","USD","6250"
"hbs","Owner/President Management","T01.S02.P01","Campus","USD","55000"
"hbs","Program for Leadership Development","T07.S02.P05","Blended","USD","57000"
"hbs","Senior Executive Leadership Program—China","T09.S02.P01","Campus","other","680000"
"hbs","Senior Executive Leadership Program—Middle East","T09.S02.P01","Campus","USD","85000"
"hbs","Driving Strategic Decisions—Virtual","T05.S04.P05","Live Online","USD","7250"
"hbs","Real Estate Management Program","T04.S02.P04","Campus","USD","16000"
"hbs","Designing and Executing Corporate Revitalization","T01.S02.P02","Campus","USD","16000"
"hbs","Transforming Health Care Delivery","T12.S01.P01","Blended","USD","28000"
"hbs","Leading Change and Organizational Renewal","T01.S05.P01","Campus","USD","18500"
"hbs","Making Corporate Boards More Effective","T08.S01.P01","Campus","USD","13000"
"hbs","Senior Executive Program—Africa","T01.S02.P02","Blended","USD","30000"
"hbs","Rising Generation in the Family Enterprise","T09.S02.P03","Campus","USD","13500"
"hbs","Investment Management Workshop","T04.S02.P01","Campus","",""
"hbs","Strategic Negotiations: Dealmaking for the Long Term","T05.S04.P05","Campus","USD","15000"
"hbs","Compensation and Human Capital Committees","T07.S01.P04","Campus","USD","8250"
"hbs","Audit and Risk Committees","T08.S01.P02","Campus","USD","8250"
"hbs","Launching New Ventures","T09.S02.P01","Campus","USD","19250"
"hbs","Growing as an Enterprise Leader","T01.S01.P05","Campus","USD","18500"
"hbs","Mergers and Acquisitions","T02.S05.P01","Campus","USD","18500"
"hbs","Leading and Building a Culture of Innovation","T09.S01.P01","Campus","USD","17000"
"hbs","Preparing to Be a Corporate Director","T08.S01.P01","Campus","USD","13000"
"hbs","Leading Professional Service Firms","T13.S02.P05","Campus","USD","18500"
"hbs","Managing Innovation","T09.S01.P01","Campus","USD","13500"
"hbs","Finance for Senior Executives","T04.S01.P01","Blended","USD","14500"
"hbs","Advanced Corporate Director Seminar","T05.S02.P01","Campus","USD","7500"
"hbs","Winning With AI","T03.S03.P01","Campus","USD","17500"
"hbs","Risk Management for Corporate Leaders—Virtual","T01.S02.P02","Live Online","USD","9250"
"hbs","Transforming Customer Experiences","T03.S03.P04","Campus","USD","15500"
"hbs","General Management Program","T15.S01.P01","Blended","USD","81000"
"hbs","China Leadership Renewal Program","T01.S02.P02","Campus","USD","18000"
"hbs","Value Creation Through Effective Boards","T08.S01.P01","Campus","EUR","11000"
"hbs","Changing the Game: Negotiation and Competitive Decision-Making","T05.S04.P05","Campus","USD","16000"
"hbs","PLD Module 5","T01.S01.P05","Blended","USD","29750"
"hbs","Creating Brand Value","T05.S01.P02","Campus","USD","11750"
"hbs","Competing in the Age of AI—Virtual","T03.S03.P01","Live Online","USD","7250"
"hbs","Agribusiness Seminar","T05.S02.P01","Campus","USD","12500"
"hbs","Women's Leadership Essentials—Virtual","T07.S04.P03","Live Online","USD","7250"
"hbs","Families in Business","T09.S02.P03","Campus","USD","18000"
"hbs","Advanced Management Program","T01.S02.P01","Campus","USD","94000"
"hbs","Driving Nonprofit Performance and Innovation—Virtual","T09.S02.P04","Live Online","USD","4400"
"hbs","Driving Corporate Performance","T15.S01.P01","Campus","",""
"hbs","Driving Digital and AI Strategy","T02.S03.P01","Campus","",""
"hbs","Strategy: Building and Sustaining Competitive Advantage","T02.S01.P01","Campus","USD","18000"
"hbs","Building a Legacy: Family Office Wealth Management","T04.S02.P01","Campus","USD","12750"
"hbs","Succeeding as a Strategic CFO","T04.S01.P03","Campus","USD","12500"
"hbs","Disruptive Innovation: Strategies for a Successful Enterprise","T09.S01.P01","Campus","",""
"hbs","Aligning Strategy and Sales","T05.S04.P01","Campus","",""
"hbs","Foundations of Private Equity and Venture Capital","T04.S02.P02","Campus","USD","12500"
"hbs","The Business of Entertainment, Media, and Sports","T13.S01.P04","Campus","USD","13500"
"hbs","Ascending the Peak: Finding the Leader Within—Virtual","T01.S01.P05","Live Online","USD","6250"
"hbs","Strategic Perspectives in Nonprofit Management","T09.S02.P04","Campus","USD","7750"
"hbs","Private Equity and Venture Capital","T04.S02.P02","Campus","USD","13000"
"hbs","Strategic Marketing for Driving Growth","T05.S01.P01","Campus","USD","15550"
"hbs","Leading Family Business Strategy—Virtual","T09.S02.P03","Live Online","USD","3000"
"hbs","Women on Boards: Succeeding as a Corporate Director","T07.S04.P03","Campus","USD","14500"
"hbs","Leading Global Businesses","T01.S01.P05","Campus","USD","18500"
"hbs","Authentic Leader Development","T01.S01.P04","Campus","USD","17000"
"hbs","Generative AI Strategy and Execution","T02.S03.P01","Campus","USD","12000"
"hbs","High Potentials Leadership Program","T01.S01.P05","Campus","USD","18500"
"hbs","Mastering Strategy Essentials—Virtual","T02.S01.P01","Live Online","USD","7250"
"hbs","Executive Certificate Programme in AI for Business","T03.S01.P01","Blended","INR","125000"
"hbs","Executive Certificate Programme in Fintech & Blockchain","T03.S06.P01","Live Online","INR","125000"
"hbs","Managing Turbulance","T01.S02.P02","Campus","USD","19500"
"hbs","Managing Healthcare Delivery","T12.S01.P01","Campus","USD","28000"
"hbs","Developing Yourself as a Leader","T01.S01.P05","Live Online","USD","6000"
"hbs","Compensation Committees: New Challenges, New Solutions","T07.S01.P04","Campus","USD","8000"
"hbs","Audit Committees in a New Era of Governance","T08.S01.P02","Campus","USD","8000"
"hbs","Driving Digital Strategy","T03.S03.P01","Campus","USD","15000"
"hec","Doing business in a complex world","T02.S04.P04","Self-paced Online","",""
"hec","Marketing stratégique","T05.S01.P01","Campus","EUR","5900"
"hec","Management à distance","","Campus","EUR","3000"
"hec","Accompagner les transformations permanentes","T08.S02.P01","Campus","EUR","3000"
"hec","Enhancing your leadership skills","T01.S01.P05","Campus","EUR","5900"
"hec","Stratégie de prix","","Campus","EUR","3000"
"hec","Intelligence collective et innovation collaborative","T09.S01.P01","Campus","EUR","3000"
"hec","Finance pour non financiers","T04.S04.P02","Campus","EUR","5900"
"hec","Women Leadership Program","T07.S04.P03","Campus","EUR","5900"
"hec","Management des équipes commerciales","","Campus","EUR","5900"
"hec","Marketing digital","T05.S01.P01","Campus","EUR","5900"
"hec","Pilotage de la performance commerciale","","Campus","EUR","5900"
"hec","Développer son potentiel de leader","T01.S01.P05","Campus","EUR","5900"
"hec","IA & data en marketing et ventes","T05.S01.P01","Campus","EUR","5900"
"hec","Fundamentals of Digital Transformation","T03.S03.P01","Self-paced Online","EUR","2500"
"hec","Piloter la performance extra-financière et l’impact esg","T10.S01.P01","Campus","EUR","5900"
"hec","Leadership for Executives","T01.S01.P05","Campus","EUR","5900"
"hec","Gouvernance et transmission","T08.S01.P01","Campus","EUR","5000"
"hec","Gouvernance et Leadership","T08.S01.P01","Campus","EUR","5000"
"hec","Leading with impact","T01.S01.P05","Self-paced Online","EUR","2500"
"hec","Construire une stratégie Data et IA","","Campus","EUR","3000"
"hec","AI ready for business","T03.S03.P01","Campus","EUR","3000"
"hec","Intégrer le développement durable dans la stratégie de l’entreprise","","Campus","EUR","5900"
"hec","Sustainable transition management","T10.S01.P01","Self-paced Online","EUR","3100"
"hec","Nouvelles tendances en marketing","T05.S01.P01","Campus","EUR","5900"
"hec","Leadership Stratégique","T01.S01.P05","Campus","EUR","5900"
"hec","Maitriser le financement de l’entreprise et les opérations de Fusions-Acquisitions","T02.S05.P01","Campus","EUR","5900"
"hec","Stratégie commerciale","","Campus","EUR","5900"
"hec","Management de l'innovation","T09.S02.P01","Campus","EUR","5900"
"hec","Mettre en oeuvre le développement durable dans les entreprises","","Campus","EUR","5900"
"hec","Gouvernance et Stratégie","T09.S02.P03","Campus","EUR","5000"
"hec","Purpose & Performance","","Campus","EUR","5000"
"hec","Développer son leadership par la posture coach","T14.S01.P03","Campus","EUR","5900"
"hec","Elaborer Une Strategie Et Manager Sa Performance","T02.S01.P01","Campus","EUR","5900"
"hec","Business Strategy","T01.S02.P02","Campus","EUR","6250"
"hec","Leadership au féminin","T01.S01.P05","Campus","EUR","5900"
"hec","Finance for executives","T04.S01.P01","Campus","EUR","5900"
"hec","Stratégie financière pour décideurs","T04.S01.P01","Campus","EUR","5900"
"hec","Manager les équipes dans le changement","","Campus","EUR","5900"
"hec","Inclusive leader in a diverse world","T01.S01.P05","Campus","EUR","5900"
"hec","Développer un leadership durable","T01.S01.P05","Campus","EUR","5900"
"hec","Diriger dans l'incertitude","","Campus","EUR","5900"
"hec","Scaling for Success","T02.S01.P04","Campus","EUR","5900"
"hec","Réussir ses négociations","","Campus","EUR","5900"
"hec","Marketing Strategy","T05.S01.P01","Self-paced Online","EUR","2500"
"hec","Maîtriser les outils de management de la performance","","Campus","EUR","6100"
"hec","Piloter l'exécution de la stratégie de l'entreprise","","Campus","EUR","6100"
"hec","Mettre en oeuvre le management de la performance","","Campus","EUR","6100"
"hec","Executive MSc in Finance","T04.S01.P01","Campus","EUR","55"
"hec","Executive MSc in Geopolitics and Geo-economics of Emerging Africa","T02.S04.P01","Campus","EUR","22"
"hec","Executive MSc in Change Leadership","T01.S05.P01","Blended","EUR","55"
"iima","Project Management","T06.S01.P05","Campus","INR","225000"
"iima","Enhancing Leadership Capacities and Potential among Professional Women","T07.S04.P03","Campus","INR","136000"
"iima","Artificial Intelligence and Machine Learning For Business","T03.S01.P01","Campus","INR","191250"
"iima","Logistics Management","T06.S02.P03","Campus","INR","102000"
"iima","HR Analytics","T07.S03.P01","Campus","INR","170000"
"iima","Managing the ""Self"" in Organisations: Towards Personal Transformation and Growth","T09.S02.P01","Campus","INR","160000"
"iima","Executive Programme in AI for Business (Batch 2)","T03.S01.P01","Blended","INR","320000"
"iima","Elephants and Cheetahs: Systems, Strategy and Bottlenecks","T13.S01.P04","Campus","INR","120000"
"iima","Accelerated General Management Programme","T01.S02.P03","Blended","INR","800000"
"iima","Strategic Leadership Programme for Women Executives (Batch 2)","T07.S04.P03","Blended","INR","300000"
"iima","Senior Management Programme","T15.S01.P01","Blended","INR","900000"
"iima","The Winning Edge: Communication Strategies For Leaders","T02.S01.P01","Campus","INR","191250"
"iima","Contract Labour Management under New Labour Codes: Compliance, Audit & Beyond","T08.S02.P03","Campus","INR","128000"
"iima","Gold and Bullion Trade Policies","T06.S02.P01","Campus","INR","120000"
"iima","Transformational Leadership","T01.S01.P05","Campus","INR","191250"
"iima","Managing Intellectual Property Assets","T08.S03.P05","Campus","INR","160000"
"iima","Innovation, Corporate Strategy and Competitive Performance","T02.S01.P02","Campus","INR","225000"
"iima","Digital Transformation: Strategies And Business Models","T03.S03.P01","Campus","INR","225000"
"iima","Advanced Human Resource Management","T07.S01.P01","Campus","INR","191250"
"iima","Port Design and Management","T13.S01.P05","Campus","INR","102000"
"iima","Effective Data Visualization for the Data-Driven Organization","T03.S04.P03","Campus","INR","160000"
"iima","Design Thinking","T09.S01.P02","Campus","INR","160000"
"iima","3TP: Senior Leaders Programme","T01.S01.P05","Campus","INR","600000"
"iima","Sports and Entertainment: Marketing and Management","T13.S01.P05","Campus","INR","102000"
"iima","Administrative Leadership and Good Governance","T08.S02.P01","Campus","INR","120000"
"iima","PPP Frameworks For Infrastructure Development","T13.S01.P03","Campus","INR","200000"
"iima","Building And Managing Brands In The Present Era","T05.S01.P02","Campus","INR","200000"
"iima","Achieving Excellence in Marketing: Programme for Marketing Leadership (Batch 2)","T05.S01.P01","Blended","INR","432000"
"iima","Marketing Tools For Digital Media And Platforms","T05.S01.P01","Campus","INR","170000"
"iima","Financial Analysis of Business","T04.S01.P02","Campus","INR","120000"
"iima","Unpacking the Storytelling Toolkit for Leaders","T14.S01.P02","Campus","INR","102000"
"iima","Legal Counsels Management Development Programme","T15.S01.P01","Campus","INR","160000"
"iima","Leading Professional Service Firm","T13.S02.P05","Campus","INR","120000"
"iima","Enhancing Sales Force Performance","T05.S04.P01","Campus","INR","170000"
"iima","Warehouse Design and Management","T06.S02.P03","Campus","INR","170000"
"iima","Mergers, Acquisitions and Restructuring","T02.S05.P01","Campus","INR","191250"
"iima","Psychology of Strategic Leadership: Young Women Programme","T07.S04.P03","Campus","INR","160000"
"iima","Strategic Decision Making For Leaders Through AI And Analytics","T03.S04.P06","Campus","INR","200000"
"iima","Agri-food Business Programme for Global Competitiveness","T09.S02.P01","Campus","INR","225000"
"iima","Managerial Effectiveness","T01.S01.P05","Campus","INR","191250"
"iima","Leading Digital Transformation","T03.S03.P01","Campus","INR","170000"
"iima","Women Independent Director Leadership","T07.S04.P03","Campus","INR","160000"
"iima","Hospital Management","T12.S01.P01","Campus","INR","191250"
"iima","Strategic Legacy Management: Using History to Create Business Value","T14.S01.P02","Campus","INR","102000"
"iima","HR Auditing-Preparing the Ground for Strategic HRM","T07.S01.P01","Campus","INR","102000"
"iima","Creative and Cultural Businesses Programme (CCBP)","T09.S02.P01","Blended","INR","560000"
"iima","Strategic Management (Batch 8)","T02.S01.P01","Blended","INR","306000"
"iima","Executive Programme in Healthcare Services Management (Batch 3)","T12.S01.P02","Blended","INR","390000"
"iima","LEAP Entrepreneurs' Mentoring Board (LEAP-EMB) Programme","T09.S02.P01","Blended","INR","330000"
"iima","Information Technology Management for Strategic Business Leadership: A Programme for Future CIOs and CTOs (Batch 2)","T03.S03.P01","Blended","INR","400000"
"iima","Advanced Programme in Quantitative Finance and Risk Management (Batch 2)","T04.S01.P02","Blended","INR","400000"
"iima","Executive Certificate Programme in Public Policy Leadership and Strategy","T11.S01.P01","Blended","INR","399000"
"iima","Strategies For Winning In International Markets (SWIM)","T02.S01.P01","Campus","INR","170000"
"iima","Young Entrepreneurs Programme","T09.S02.P01","Blended","INR","297500"
"iima","Executive Programme in Business Finance (Batch 8)","T04.S01.P02","Blended","INR","343000"
"iima","Executive Programme in Financial Planning and Investment Advisory Services","T04.S01.P02","Blended","INR","750000"
"iima","Contract Management","T08.S03.P01","Campus","INR","170000"
"iima","Digital Marketing: Business Models, Processes and Technologies (Batch 3)","T02.S01.P05","Blended","INR","350000"
"iima","CLIMB: Building Capability For Leadership Transitions","T01.S01.P05","Campus","INR","136000"
"iima","Financial Reporting and Corporate Governance (Batch 5)","T04.S01.P02","Blended","INR","208000"
"iima","Nudges, Choices and Managing Human Behavior","T07.S04.P04","Campus","INR","120000"
"iima","Wealth Management","T04.S02.P01","Campus","INR","147500"
"iima","Taking People Along: Managing by Persuasion","T14.S01.P03","Campus","INR","200000"
"iima","Developing Commercial And Financial Skills For Strategic Business Decisions","T04.S01.P02","Campus","INR","170000"
"iima","Manufacturing Strategy","T06.S01.P04","Campus","INR","120000"
"iima","Strategy Implementation","T09.S02.P01","Campus","INR","120000"
"iima","Leadership Development Program for Chief Legal Officers","T08.S02.P03","Campus","INR","170000"
"iima","Executive Programme in Supply Chain and Logistics Management (Batch 4)","T06.S02.P01","Blended","INR","400000"
"iima","HEAL: Mindful Leadership for Self and Organisational Transformation","T14.S02.P05","Campus","INR","136000"
"iima","Leadership and Change Management","T01.S05.P01","Campus","INR","200000"
"iima","Restaurant Design and Management","T15.S01.P01","Campus","INR","170000"
"iima","B2B Marketing","T05.S01.P06","Campus","INR","191250"
"iima","Strategies for Growth","T01.S02.P02","Campus","INR","200000"
"iima","Strategic Pricing Architecture for Profitable Growth","T03.S03.P02","Campus","INR","96000"
"iima","Designing and Operating Multisided Platforms","T02.S01.P01","Campus","INR","96000"
"iima","Strategic Leadership for Schools in a Changing Environment","T02.S01.P01","Campus","INR","80000"
"iima","Managing Internal Talent and Leadership Pipeline","T01.S02.P04","Campus","INR","120000"
"iima","Creating Entrepreneurial Organisations","T09.S02.P01","Campus","INR","160000"
"iima","Effective Service Sector Management","T15.S01.P01","Campus","",""
"iima","Strategic Cost Management","T04.S01.P05","Campus","INR","170000"
"iima","Analytics for Business Problem Solving","T03.S04.P01","Self-paced Online","",""
"iima","Advanced Leadership Skills","T01.S01.P05","Self-paced Online","",""
"iima","Organizations of the Future","","Self-paced Online","",""
"iima","Happiness Skills","","Self-paced Online","",""
"iima","Supply Chain Digitization: Strategy and Design","T03.S03.P01","Self-paced Online","",""
"iima","Strategy and Game Theory for Management","T02.S01.P01","Self-paced Online","",""
"iima","Transforming Life and Organizations in the Digital Age","T03.S03.P01","Self-paced Online","",""
"iima","How to Transform Digitally?","T03.S03.P01","Self-paced Online","",""
"iima","Economic Sutra: Modern Economic Policies and Ancient India","T11.S01.P01","Self-paced Online","",""
"iima","Leading with a Digital Strategy","T03.S03.P01","Self-paced Online","",""
"iima","Advanced Digital Transformation Specialization","T03.S03.P01","Self-paced Online","",""
"iima","Leadership Skills","T07.S04.P04","Self-paced Online","",""
"iima","Executive Programme in Advanced Business Analytics","T03.S04.P01","Blended","",""
"iima","Managing Global Value Chains in a Changing Business Environment","T15.S01.P01","Campus","INR","120000"
"iima","Becoming an Effective CIO","T01.S02.P02","Campus","INR","191250"
"iima","Supply Chain Management","T06.S02.P01","Campus","INR","191250"
"iima","3TP: Emerging Leaders' Programme","T01.S01.P01","Campus","INR","500000"
"iima","Strategic Human Resource Management","T07.S01.P01","Campus","INR","191250"
"iima","Managing IT Projects","T15.S01.P01","Campus","INR","191250"
"iima","Leadership Development Programme in Banking and Financial Services","T04.S03.P03","Campus","INR","170000"
"iima","Effective Management of Service Sector Firms","","Campus","INR","136000"
"iima","Organisational Leadership for 21st Century","T01.S01.P05","Campus","INR","160000"
"iima","Strategic Communication","T01.S02.P02","Campus","INR","160000"
"iima","Understanding Bhagavad Gita: A Journey Towards Leadership Excellence","T01.S01.P05","Campus","INR","170000"
"iima","Interpersonal Effectiveness And Team Building","T14.S02.P03","Campus","INR","160000"
"iima","Accelerated General Management Programme-Blended Learning-Batch 16 (AGMP-BL17)","T01.S02.P03","Blended","INR","800000"
"iima","Senior Management Programme-Blended Learning-Batch 16 (SMP-BL15)","T15.S01.P01","Blended","INR","900000"
"iimb","Certified People Leader Program – Batch 7 (CPLP7)","T07.S01.P02","Campus","",""
"iimb","Executive Presence for Impactful Leadership","T14.S01.P01","Campus","INR","106500"
"iimb","Entrepreneurial Leadership in Organizations","T09.S02.P01","Campus","",""
"iimb","Influencing Your Stakeholders Toward Collective Growth (Batch 2)","T14.S01.P05","Campus","INR","106500"
"iimb","Analytics for Strategic Choices [Batch -3]","T03.S04.P01","Campus","",""
"iimb","Storytelling for Business Managers","T14.S01.P02","Campus","",""
"iimb","Workplace Conflict: An Opportunity for Growth (Batch 5)","T13.S01.P05","Campus","INR","106500"
"iimb","Leading Businesses Through Macroeconomic Uncertainty – A practical Playbook [Batch-1]","T01.S05.P05","Campus","",""
"iimb","Sustainability 360: A Tool for Business Transformation [Batch-1]","T10.S01.P01","Campus","",""
"iimb","Decision Making and Conflict Management in Family Firms","T09.S02.P03","Campus","INR","106500"
"iimb","AI & Consumer Persuasion","T03.S03.P01","Campus","",""
"iimb","Influencer Marketing","T05.S02.P02","Campus","",""
"iimb","Marketing Research for Startups & Managers","T09.S02.P01","Campus","",""
"iimb","Organizational Excellence Through Leadership","T01.S02.P02","Campus","INR","145500"
"iimb","Digital Social Media & AI Strategy: Driving Business Growth","T02.S03.P01","Campus","",""
"iimb","Data Visualization and Storytelling Through Data","T14.S01.P02","Campus","INR","106500"
"iimb","Design Thinking for Leaders","T09.S01.P02","Campus","INR","106500"
"iimb","Finance Master Class for Business Leadership [Batch-6]","T04.S01.P02","Campus","",""
"iimb","From Data to Decisions","T03.S04.P01","Campus","",""
"iimb","Product Management [Batch-2]","T05.S01.P05","Campus","",""
"iimb","Leadership for Net-Zero Economy","T10.S01.P02","Campus","",""
"iimb","Building a Strong Employer Brand: Strategies for Sustainable Growth","T05.S01.P02","Campus","",""
"iimb","Mid-Career Transitions for Success","T14.S02.P04","Campus","",""
"iimb","Leadership in Extreme Environments (Batch-2)","T01.S05.P05","Campus","INR","106500"
"iimb","Social Media Marketing","T05.S02.P02","Campus","",""
"iimb","Corporate Diplomacy: Leading in a Turbulent World","T01.S05.P05","Campus","",""
"iimb","Learning From Corporate Failures","T01.S05.P06","Campus","INR","106500"
"iimb","Strategic Leadership and Innovation in the Digital Era (Batch-4)","T09.S01.P01","Campus","",""
"iimb","Strategic Sourcing and Supplier Management","T06.S02.P02","Campus","",""
"iimb","Understanding People through the lens of Behavioral Economics","T03.S04.P01","Campus","",""
"iimb","Strategic Perspectives on the Design of Public Private Partnerships (PPPs)","T11.S01.P05","Campus","",""
"iimb","Project, Program & Portfolio Management","T04.S02.P01","Campus","INR","132000"
"iimb","Company Director's Programme: Board Best Practices","T08.S01.P01","Campus","",""
"iimb","Creating Successful New Products","T05.S01.P05","Campus","",""
"iimb","Artificial Intelligence (AI) and Analytics Based Business Strategy; Creating Business Value [Batch – 7]","T03.S04.P01","Campus","",""
"iimb","Creating High Performance Organisations","T07.S04.P01","Campus","INR","145500"
"iimb","Generative AI and Agentic AI with Business Applications","T01.S04.P01","Campus","INR","145500"
"iimb","Private Equity and Capital Market Financing","T04.S02.P02","Campus","",""
"iimb","Strategy and Leadership in VUCA World","T02.S01.P01","Campus","",""
"iimb","Post Merger Integration for M&A Success","T02.S05.P03","Campus","",""
"iimb","Decision Making for Managerial Effectiveness","T14.S02.P01","Campus","INR","106500"
"iimb","Strategic Management of Innovation [Batch-8]","T02.S01.P01","Campus","",""
"iimb","Healthcare CEO Excellence Programme","T01.S02.P01","Campus","",""
"iimb","Analytics for Market Research [Batch-1]","T03.S04.P01","Campus","",""
"iimb","Mindfulness for Effective Leadership (Batch-2)","T01.S05.P03","Campus","INR","106500"
"iimb","Building Blocks of Marketing","T05.S01.P01","Campus","",""
"iimb","Predictive Analytics for Business Forecasting [Batch-7]","T03.S04.P01","Campus","",""
"iimb","Finance for Decision Making (for Non-Finance Managers)","T14.S02.P01","Campus","",""
"iimb","ESG – Management, Reporting and Communication (Batch-3)","T10.S01.P01","Campus","",""
"iimb","Competitive Marketing Strategy [Batch 19]","T05.S01.P01","Campus","",""
"iimb","Managing and Sustaining Hospital Growth","T12.S01.P01","Campus","",""
"iimb","Leading Strategic Change","T02.S01.P01","Campus","",""
"iimb","Resilient Leadership (Batch-2)","T01.S01.P05","Campus","",""
"iimb","Accelerating Your Leadership Journey – Leader As a Coach","T14.S01.P03","Campus","",""
"iimb","Corporate Governance in the Age of AI: Challenges, Risks and Opportunities","T08.S01.P01","Campus","",""
"iimb","Navigating the Alternative Investments Industry [Batch 04]","T04.S02.P05","Campus","INR","10350"
"iimb","Resource Optimisation for Decision Makers","T03.S04.P01","Campus","",""
"iimb","Augmented Decisions: AI and Human Behavior [Batch-1]","T03.S04.P06","Campus","",""
"iimb","Digital Supply Chains: From Strategy to Execution","T02.S02.P01","Campus","INR","142500"
"iimb","Business Storytelling for Leaders","T14.S01.P02","Campus","",""
"iimb","CEO Excellence Programme: Leading with Vision & Strategic Impact [Batch 1]","T01.S02.P01","Campus","",""
"iimb","Intellectual Property – Games and Strategies","T08.S03.P05","Campus","",""
"iimb","Artificial Intelligence Strategy [Batch-9]","T03.S04.P01","Campus","INR","142500"
"iimb","Strategic Leadership Programme For IT Companies","T02.S01.P01","Campus","",""
"iimb","Machine Learning with Business Applications [Batch-08]","T03.S04.P01","Campus","",""
"iimb","Organizational Transformation and Leadership Agility [Batch 1]","T01.S01.P05","Campus","",""
"iimb","Designing & Monetising Loyalty Programs [Batch 2]","T05.S01.P04","Campus","",""
"iimb","Mergers & Acquisitions, Corporate Restructuring, Buyouts and Divestitures [Batch 11]","T02.S05.P01","Campus","INR","142500"
"iimb","Digital Product Management [Batch -2]","T05.S01.P05","Campus","",""
"iimb","Advanced Business Negotiation Programme","T05.S04.P05","Campus","INR","106500"
"iimb","Managing Technological Innovation","T09.S01.P01","Campus","",""
"iimb","Enlightened Leadership [Batch-1]","T01.S01.P05","Campus","",""
"iimb","Enterprise Innovation through Startups","T09.S02.P01","Campus","",""
"iimb","Strategic Stewardship: Integrated Strategy to Create Sustainable Value","T10.S01.P01","Campus","",""
"iimb","Dynamics of Financial Sector Regulation","T08.S03.P03","Campus","",""
"iimb","Healthcare Senior Leadership Programme","T12.S01.P01","Campus","",""
"iimb","Leadership Development Program to Build Resilient GCCs","T07.S02.P05","Campus","INR","455000"
"iimb","Strategic Leadership Development Programme (SLDP-8)","T07.S02.P05","Blended","",""
"iimb","Business Analytics & Artificial Intelligence – Batch 17 (BAAI)","T03.S04.P01","Blended","INR","865000"
"iimb","General Management Programme for Aerospace and Aviation Executives – Batch 12 (GMAE12)","T15.S01.P01","Blended","INR","860000"
"iimb","Programme on Capital Markets and Risk Management – Batch 3 (CMRM Batch-3)","T04.S02.P03","Blended","INR","490000"
"iimb","Finance for Non-Finance Managers: A Primer for Decision Making – Batch 6 (FNFM6)","T04.S01.P01","Blended","",""
"iimb","General Management Programme for Healthcare Executives – Batch 9 (GMHE9)","T12.S01.P02","Blended","",""
"iimb","Certificate Programme on Personal Finance and Wealth Advisory – PFWA","T04.S01.P02","Blended","",""
"iimb","Certificate Programme in Digital Operations and Supply Chain Management – Batch 5 (CPDOSCM5)","T06.S02.P01","Blended","INR","440000"
"iimb","Leading Digital Transformation – Batch 8 (LDT8)","T03.S03.P01","Blended","",""
"iimb","Programme on Data Science & AI (DSAI) – Batch 4","T03.S04.P02","Blended","",""
"iimb","Advanced Management Programme – Batch 21 (AMP21)","T01.S02.P01","Blended","",""
"iimb","Management Programme for Entrepreneurs & Family Businesses (MPEFB) (Batch-17)","T09.S02.P01","Blended","INR","903500"
"iimb","Executive General Management Programme – Batch 80 (EGMP-80)","T01.S02.P03","Blended","INR","750000"
"iimb","Advanced Programme in Quantitative Finance (APQF1)","T04.S01.P02","Blended","",""
"iimb","Executive Programme in Luxury Fashion & Lifestyle Leadership – Batch 1 (EPLFL1)","T13.S02.P06","Blended","",""
"iimb","Independent Directors Certificate Programme – Batch 10 (IDCP10)","T08.S01.P01","Blended","INR","450000"
"iimb","Senior Leadership Management Programme – Batch 1 (SLMP1)","T01.S01.P05","Blended","",""
"iimb","Tanmatra – Women in Leadership Programme (10th Edition)","T07.S04.P03","Blended","INR","525000"
"iimb","ESG, Climate Change, and Building Future Ready Organizations [Batch-3]","T10.S01.P01","Campus","INR","122000"
"iimb","IIMB CREDAI Business Leadership Programme (BLP)","T04.S02.P04","Campus","INR","800000"
"iimb","Executive Programme in Business Finance (EPBF-BL07)","T01.S02.P02","Blended","INR","343000"
"iimb","Artificial Intelligence for Leaders (Batch-1)","T03.S03.P01","Campus","INR","111500"
"iimb","Risks and Challenges in Global Banking Regulations","T04.S03.P03","Campus","",""
"iimb","Business Analytics - The Science of Data Driven Decision Making","T03.S04.P01","Campus","INR","145500"
"iimb","Digital and Social Media Marketing Strategy: Driving Business Growth (Batch-1)","T05.S01.P01","Campus","INR","106500"
"iimb","Ecosystem Strategy for Business Leaders","T02.S01.P06","Campus","INR","142500"
"iimb","Personal Growth & Team Building","T14.S02.P04","Campus","",""
"iimb","Corporate Diplomacy","T02.S04.P01","Campus","INR","150000"
"iimb","Generative AI and Agentic AI (Batch-2)","T01.S04.P01","Campus","INR","145500"
"iimb","Stepping up: Preparing for Leadership","T01.S01.P02","Campus","",""
"iimb","Strategic Analysis for Competitive Advantage","T02.S01.P01","Campus","",""
"iimb","Building a Strong Employer Brand","T05.S01.P02","Campus","",""
"iimb","Leadership Skills for Engineers","T01.S01.P05","Campus","",""
"iimb","Digital Business Models and Strategy","T02.S01.P05","Campus","",""
"iimb","Technology Leadership and Future of Work: Thriving Amidst Technological Change","T03.S03.P01","Campus","",""
"iimb","General Management Programme for IT Executives – Batch 20","T15.S01.P01","Unknown","",""
"iimc","Managerial Leadership and Team Effectiveness","T01.S03.P01","Campus","INR","160000"
"iimc","Leading with Agentic AI","T01.S04.P01","Campus","INR","81000"
"iimc","Business-to-Business (B2B) Marketing","T05.S01.P06","Campus","INR","145000"
"iimc","Communication and Presentation Skills","T14.S01.P03","Campus","INR","160000"
"iimc","Strategic Human Resource Management","T07.S01.P01","Campus","INR","130000"
"iimc","Using AI to Automate, Optimize, and Scale Digital & Social Media Marketing","T05.S02.P02","Campus","INR","135000"
"iimc","Developing Leadership Potential","T07.S01.P01","Campus","INR","160000"
"iimc","Marketing Excellence through Pricing","T05.S01.P04","Campus","INR","145000"
"iimc","Leading the Indian Way: Karmayoga and Workplace Spirituality","T07.S01.P01","Campus","INR","75000"
"iimc","ASPIRE: Advancing Sales Potential through Influence and Relationship Excellence","T05.S04.P01","Campus","INR","150000"
"iimc","General Management Programme for Senior and Middle-Level Executives","T15.S01.P01","Campus","INR","150000"
"iimc","Professionalising Family Business","T09.S02.P03","Campus","INR","90000"
"iimc","Becoming a CXO: Developing A Strategic Mindset","T01.S02.P02","Campus","INR","160000"
"iimc","Supply Chain Management Excellence","T06.S02.P01","Campus","INR","125000"
"iimc","Leadership and Team Building","T07.S01.P01","Campus","INR","150000"
"iimc","Understanding the Analytics of Human Interactions for Superior Decision Making","T14.S02.P01","Campus","INR","135000"
"iimc","Explainable Artificial Intelligence (xAI) for Financial Decision Makers","T04.S01.P01","Campus","INR","100000"
"iimc","AIML Applications in Marketing","T05.S03.P01","Campus","INR","135000"
"iimc","Interpersonal Effectiveness and Leadership Excellence","T14.S02.P03","Campus","INR","150000"
"iimc","Project Management","T06.S01.P05","Campus","INR","150000"
"iimc","Strategic Storytelling and Communication","T14.S01.P02","Campus","INR","130000"
"iimc","EduEdge - Executive Management Program for Future Educational Leaders","T01.S01.P05","Campus","INR","125000"
"iimc","Innovation Strategies for Operational Excellence","T06.S01.P01","Campus","INR","140000"
"iimc","Agentic AI Workflows for Business","T01.S04.P01","Campus","INR","100000"
"iimc","Contract Management and Arbitration","T08.S03.P01","Campus","INR","125000"
"iimc","Finance and Accounting for Business Managers","T04.S01.P02","Campus","INR","100000"
"iimc","Managerial Leadership and Conflict Resolution","T14.S02.P06","Campus","INR","150000"
"iimc","Artificial Intelligence for Managers (AIM) for Technology Leadership","T01.S04.P02","Campus","INR","75000"
"iimc","ESG Analytics: Valuation & Integration","T10.S01.P04","Campus","INR","125000"
"iimc","Financial Leadership and Management Excellence","T04.S01.P01","Campus","INR","155000"
"iimc","Managerial Effectiveness for Public Enterprises & Government","T07.S01.P01","Campus","INR","160000"
"iimc","The Power of Generative AI: How to Transform Your Business for the Future","T03.S01.P02","Campus","INR","110000"
"iimc","Start-Up Readiness, Growth and Execution (SURGE)","T09.S02.P01","Live Online","",""
"iimc","Executive Programme in Growth Strategies for Business Leaders (EPGSBL)","T02.S01.P06","Blended","INR","553000"
"iimc","Advanced Programme in Strategy & Leadership (APSL)","T02.S01.P01","Blended","INR","390000"
"iimc","EdLEAP: Education Leaders' Programme","T01.S01.P05","Live Online","INR","350000"
"iimc","Executive Programme in Healthcare Management (EPHM)","T12.S01.P02","Blended","INR","620000"
"iimc","Chief Revenue Officer Programme (CRO)","T05.S04.P01","Blended","",""
"iimc","Executive Programme In Business Management - International (EPBMI)","","Blended","USD","15900"
"iimc","Executive Programme in Corporate Sustainability (EPCS)","T10.S01.P01","Live Online","INR","480000"
"iimc","Executive Programme in Leadership and Management (EPLM)","T01.S01.P05","Blended","INR","670000"
"iimc","Chief Operating Officer Programme (COO)","T06.S01.P01","Live Online","INR","480000"
"iimc","Executive Programme in Business Management (EPBM)","T02.S04.P03","Blended","INR","702000"
"iimc","Executive Programme in General Management (EPGM)","T03.S04.P06","Blended","INR","450000"
"iimc","Executive Programme in Global Business Management (EPGBM)","","Live Online","INR","480000"
"iimc","Senior Management Programme (SMP)","T15.S01.P01","Blended","INR","847500"
"iimc","Chief Financial Officer Programme (CFO)","T04.S01.P03","Blended","INR","670000"
"iimc","Post Graduate Certificate in Family Business Management (PGCFBM)","T09.S02.P03","Blended","INR","456000"
"iimc","Advanced Programme in Strategic Leadership Communication (APSLC)","T02.S01.P01","Blended","INR","280000"
"iimc","LEAD: Advanced Management Programme for Enterprise Leadership","T15.S01.P01","Campus","",""
"iimc","Executive Leadership Programme for Women (ELPW)","T07.S04.P03","Blended","",""
"iimc","Advanced Programme in Digital and AI Business Leadership (APDAIBL)","T03.S03.P01","Blended","INR","640000"
"iimc","Executive Programme in Integrated Retail Management (EPIRM)","T13.S02.P01","Live Online","INR","360000"
"iimc","Advanced Management Programme in FinTech and AI Applications (AMPFAI)","T01.S02.P01","Live Online","INR","386000"
"iimc","Executive Programme in Investment Banking and Capital Markets (EPIBCM)","T04.S02.P03","Blended","INR","466450"
"iimc","Executive Programme in Human Resources Management (EPHRM)","T07.S01.P01","Blended","INR","360000"
"iimc","Executive Programme in Public Policy and Management (EPPPM)","T11.S01.P01","Blended","INR","335000"
"iimc","Executive Programme in Supply Chain Management (EPSCM)","T06.S02.P01","Blended","",""
"iimc","Private Equity and Venture Capital (PE&VC)","T04.S02.P02","Blended","INR","425000"
"iimc","Strategic Project Management (SPM)","T06.S01.P05","Blended","",""
"iimc","Digital and AI-Driven Marketing (DigiAIM)","T05.S03.P01","Blended","",""
"iimc","Advanced Programme in AI for Leaders (APAL)","T02.S03.P01","Blended","INR","492000"
"iimc","Executive Programme in Applied Finance (EPAF)","T02.S05.P02","Blended","INR","400000"
"iimc","Executive Programme in Operations Management (EPOM)","T06.S01.P01","Blended","INR","430000"
"iimc","Executive Programme in Business and Corporate Laws (EPBCL)","T08.S03.P04","Blended","INR","287000"
"iimc","Advanced Programme in Smart Manufacturing Leadership (APSML)","T06.S01.P04","Blended","INR","350000"
"iimc","Advanced Programme for Marketing and Sales Professionals (APMP)","T06.S01.P05","Blended","",""
"iimc","Executive Programme in Sales and Marketing (EPSM)","T03.S04.P06","Blended","INR","407000"
"iimc","AI-Powered Product Management (AIPPM)","T05.S01.P05","Blended","",""
"iimc","Executive Programme in Strategic Human Resource Management (EPSHRM)","T07.S01.P01","Blended","INR","466000"
"iimc","Executive Programme in Wealth Management & Planning (EPWMP)","T04.S02.P01","Blended","",""
"iimc","Advanced Programme in Data Sciences (APDS)","T03.S04.P02","Blended","INR","480000"
"iimc","Strategic Leadership Programme in Analytics with AI (SLPAAI)","T03.S04.P01","Blended","",""
"iimc","Advanced Programme on Business Analytics (APBA)","T03.S04.P01","Blended","INR","564000"
"iimc","Executive Programme in Marketing Strategy with AI","T05.S01.P01","Self-paced Online","",""
"iimc","Executive Programme in Fintech and AI (EPFAI)","T04.S04.P01","Self-paced Online","INR","149900"
"iimc","Mastering Storytelling for Leadership Communication and Influence (MSLCI)","T14.S01.P02","Self-paced Online","INR","150000"
"iimc","Leadership Programme in Building Executive Presence and Influence","T14.S01.P01","Live Online","",""
"iimc","Leveraging New Growth Strategies for Marketing","T05.S01.P01","Campus","INR","100000"
"iimc","Innovation by Design : The playbook for new age Leadership","T09.S01.P01","Campus","INR","160000"
"iimc","Winning with customer - Centric Retailing Strategies","T02.S01.P01","Campus","INR","100000"
"iimc","AIM - Artificial Intelligence for Managers","T03.S01.P01","Campus","INR","130000"
"iimc","Being More Creative","","Campus","INR","135000"
"iimc","Strategic Brand Management for Business Excellence","T05.S01.P02","Campus","INR","135000"
"iimc","Business Leadership Programme - Module I, II, III","T01.S01.P05","Campus","INR","415000"
"iimc","Selling in the Digital Age","T03.S03.P01","Campus","INR","100000"
"iimc","Impact Investing, Climate Risk and Sustainable Finance","T10.S01.P04","Campus","INR","130000"
"iimc","Finance For Non - Finance Executives","T04.S01.P01","Campus","INR","145000"
"iimc","Supply Chain Analytics: Insights for Competitive Advantage","T02.S01.P01","Campus","INR","130000"
"iimc","Analytical Communication and Data Presentattion","T14.S01.P03","Campus","INR","130000"
"iimc","Embracing ESG through Responsible Leadership","T10.S01.P01","Campus","INR","135000"
"iimc","HR Analytics for Effective Management of Human Resources","T03.S04.P01","Campus","INR","130000"
"iimc","Leading with Strategic Insights : The India Way","T02.S01.P01","Campus","INR","120000"
"iimc","Fintech Disruption in Banking & Digital lending","T04.S03.P03","Campus","INR","100000"
"iimc","Advanced Marketing Analytics for Decision Making","T03.S04.P01","Campus","INR","150000"
"iimc","Digital and Social Media Marketing","T05.S02.P02","Campus","INR","135000"
"iimc","Advanced Strategy and Leadership hacks for Family Business","T09.S02.P03","Campus","INR","110000"
"iimc","Data Science for Business - Enabling Objective and Superior Managerial Decisions","T03.S04.P02","Campus","INR","160000"
"iimc","Industry 4.0 and Internet (IoT) - What Every Manager Needs to Know about them","T03.S06.P02","Campus","INR","128000"
"iimc","Gen AI: Implementing Enterprise Level Applications","T03.S01.P02","Campus","INR","135000"
"iimc","Corporate Social Innovation","T09.S01.P01","Campus","INR","150000"
"iimc","Mergers and Acquisitions – Legal, Financial and Strategic Perspectives","T02.S05.P01","Campus","INR","130000"
"iimc","Business Analytics for Strategic and Tactical Level Decision Making","T03.S04.P01","Campus","INR","145000"
"iimc","Cyber Leadership for Successful Business Operations","T03.S05.P01","Campus","INR","100000"
"iimc","Customer-Centric Leadership","T01.S02.P02","Campus","INR","135000"
"iimc","Digital Technology Management for Business Execellence","T01.S02.P02","Campus","INR","128000"
"iimc","Personal Growth and Team Building","T14.S02.P04","Campus","INR","145000"
"iimc","Start-up Readiness , Growth and Execution (SURGE) : An Entrepreneurship Programme","T09.S02.P01","Blended","INR","271600"
"iimc","Advanced Programme in Strategic Management for Corporate Leaders (APSMCL)","T02.S01.P01","Blended","INR","438000"
"iimc","LEAD : Senior Leadership Programme for CXOs","T01.S02.P02","Blended","INR","942000"
"iimc","Executive Programme in Communication Strategies for Corporate Leaders","T02.S01.P01","Blended","INR","330000"
"iimc","Transitioning into Leadership : A Programme for Women Executives","T07.S04.P03","Blended","INR","438000"
"iimc","Advanced Programmes for Marketing Professionals","T05.S01.P01","Blended","INR","405000"
"iimc","Advanced Programme in Strategic Project Management","T06.S01.P05","Blended","INR","387000"
"iimc","Advacned Programme in Supply Chain Management","T06.S02.P01","Blended","INR","460000"
"iimc","Digital and AI - Driven Marketing - formally Known as EPDSMMS","T05.S03.P01","Blended","INR","290000"
"iimc","Senior Management Programme in Business Analytics","T03.S04.P01","Blended","INR","600000"
"iimc","Executive Programme on Business Analytics","T03.S04.P01","Blended","INR","564000"
"iimc","Advanced Programme for Marketing and Sales Professionals: Transformative Journey to c-Suite Roles","T01.S02.P02","Blended","INR","525000"
"iimc","Strategic Marketing for Leaders: Leveraging AI for Growth","T05.S01.P01","Blended","INR","149900"
"iimi","Persuasion and Negotiation","T05.S04.P05","Campus","INR","57000"
"iimi","Managerial Excellence","","Campus","INR","54000"
"iimi","New Age Leadership","T01.S01.P05","Campus","INR","54000"
"iimi","Managing and Leading Teams","T01.S01.P05","Campus","INR","57000"
"iimi","HR Skills for Line Managers","T07.S01.P01","Campus","INR","54000"
"iimi","Advanced Management Programme","T01.S02.P01","Campus","INR","126000"
"iimi","Knowing the Financial Numbers","T04.S01.P01","Campus","INR","54000"
"iimi","Competitive Strategy for Leading Change","T01.S05.P01","Campus","INR","54000"
"iimi","Strategic Pricing","T05.S01.P04","Campus","INR","54000"
"iimi","Winning the Game through Strategic Marketing","T05.S01.P01","Campus","INR","72000"
"iimi","Sports Management","T13.S01.P05","Campus","INR","54000"
"iimi","Leadership Development Program for First Time Managers","T01.S01.P01","Campus","INR","54000"
"iimi","Finance for Non-Finance Executives","T04.S01.P01","Campus","INR","72000"
"iimi","Future-ready Chief Finance Officer Program","T01.S02.P02","Campus","INR","72000"
"iimi","Train the Trainer","","Campus","INR","54000"
"iimi","Strategic Thinking","T02.S01.P03","Campus","INR","54000"
"iimi","Communication, Presentation on Report Writing skills","T13.S01.P05","Campus","INR","54000"
"iimi","High Impact Leadership","T01.S01.P05","Campus","INR","54000"
"iimi","Diversity and Inclusion in Organisations","T07.S04.P02","Campus","INR","54000"
"iimi","Integrated Leadership and Team Management","T01.S01.P05","Campus","INR","54000"
"iimi","Himalayan Explorations Decisions and Leadership","T14.S01.P03","Campus","INR","90000"
"iimi","Strategic Leaders Program: Creating and Capturing value in a Dynamic Environment","T02.S01.P01","Campus","INR","54000"
"iimi","Cybersecurity: A Critical Agenda for Boards and Management Teams","T03.S05.P01","Campus","INR","54000"
"iimi","Excellence in Operations Management","T06.S01.P01","Campus","INR","90000"
"iimi","Leadership Development Program for Women Managers","T07.S04.P03","Campus","INR","54000"
"iimi","Communication Skills for Managerial Success","T01.S01.P03","Campus","INR","54000"
"iimi","Leadership and Mindfulness","T01.S05.P03","Campus","INR","126000"
"iimi","Public Policy and Administration: Design and Implementation for Public Value Creation","T11.S01.P01","Campus","INR","54000"
"iimi","Mindfulness Based Leadership Programme","T01.S05.P03","Campus","INR","54000"
"iimi","Digital Supply Chain Management","T06.S02.P01","Campus","INR","72000"
"iimi","Leading for Excellence at Work","T01.S01.P05","Campus","INR","54000"
"iimi","Excellence in Project Management","T06.S01.P05","Campus","INR","126000"
"iimi","Lean Six Sigma for Business Excellence","T06.S01.P02","Campus","INR","90000"
"iimi","Leadership Competencies in Complex Organization","T01.S01.P05","Campus","INR","54000"
"iimi","Embracing AI in your Organisation: Challenges and Roadmap","T01.S01.P03","Campus","INR","54000"
"iimi","Excellence in Supply Chain Management","T06.S02.P01","Campus","INR","90000"
"iimi","Geo-Political Wicked Problems and Design Thinking Strategies","T02.S04.P01","Campus","INR","54000"
"iimi","Motivation, Team Building and Leadership","T01.S03.P06","Campus","INR","54000"
"iimi","Leader as a Communicator","T01.S01.P03","Campus","INR","54000"
"iimi","AI meets HRM","T07.S03.P02","Campus","INR","54000"
"iimi","Building and Leading Teams","T01.S01.P05","Campus","INR","54000"
"iimi","Organizational Ethics & Values","","Campus","INR","54000"
"iimi","Strategic Reward Management","T07.S01.P04","Campus","INR","54000"
"iimi","Business Models for Managers","T02.S01.P05","Campus","INR","54000"
"iimi","Workshop on Power BI & Tableau","","Campus","INR","54000"
"iimi","Learning to Read Behavioural Evidence - HR Analystics for Organisational Excellence","T07.S01.P01","Campus","INR","54000"
"iimi","Statistics for Business Executives","T03.S04.P02","Campus","INR","54000"
"iimi","Public Value Creation through Smart Technologies & Strategies: From Digital Transformation to Artificial Intelligence","T03.S03.P01","Campus","INR","54000"
"iimi","Advanced Certificate Programme in Business and Data Analytics (Batch - 02)","T03.S04.P01","Blended","INR","206000"
"iimi","Integrated Programme in Business Analytics (IPBA - 18)","T03.S04.P01","Blended","INR","320000"
"iimi","Chief Executive Officers Programme","T01.S02.P01","Blended","INR","471000"
"iimi","Executive Post Graduate Certificate Programme in Management (EPGCPM) Batch 04","","Blended","INR","403000"
"iimi","Senior Management Programme (SMP) Batch 05","T15.S01.P01","Blended","INR","450000"
"iimi","Executive Programme in Healthcare Management (EPHM) Batch 04","T12.S01.P02","Blended","INR","351000"
"iimi","Executive Programme in Business Management Batch 02","","Blended","INR","235000"
"iimi","Accelerate General Management Programme for Aspiring Leaders (Batch 01)","T15.S01.P01","Blended","INR","298000"
"iimi","Young Leadership Programme Batch 01","T01.S01.P05","Blended","INR","250000"
"iimi","Advanced Human Resource Management Programme for HR Leaders Batch 05","T07.S01.P01","Blended","INR","277500"
"iimi","Certificate Programme in Leadership and Change Management (CPLCM 08)","T01.S05.P01","Blended","INR","198000"
"iimi","Post Graduate Certificate Programme for Emerging Chief Human Resource Officers (CHROs, Batch 01)","T07.S01.P02","Blended","INR","385000"
"iimi","Post Graduate Certificate Programme for Emerging CFOs Batch 05","T01.S02.P02","Blended","INR","430000"
"iimi","Post Graduate Certificate Programme in Investment Banking (PGCPIB) Batch 07","T04.S03.P03","Blended","INR","240000"
"iimi","Certificate Programme in Applied Financial Risk Management (CPAFRM Batch 03)","T04.S03.P01","Blended","INR","240000"
"iimi","Chief Digital Transformation Officer Programme (Batch 02)","T03.S03.P01","Blended","INR","327500"
"iimi","Executive Programme in Artificial Intelligence and Cyber Security for Organizations (EPAI&CSO)","T02.S01.P02","Blended","INR","200000"
"iimi","Executive Programme in Digital Transformation (EPDT) Batch 07","T03.S03.P01","Blended","INR","250000"
"iimi","Chief Product Officer Programme (CPOP)","T05.S01.P05","Blended","INR","450000"
"iimi","Post Graduate Certificate Programme in Branding & Advertising (PGCPBA)","T05.S01.P02","Blended","INR","240000"
"iimi","Executive Programme in Marktech and AI Driven Marketing","T05.S03.P01","Blended","INR","330500"
"iimi","Certificate Programme in Digital Marketing and Strategy (CPDMS) Batch 07","T05.S02.P01","Blended","INR","170000"
"iimi","Executive Programme in Sales & Marketing (Batch 05)","T05.S04.P01","Blended","INR","200000"
"iimi","Post Graduate Certificate Programme for Emerging CBO","","Blended","INR","385000"
"iimi","Postgraduate Certificate Programme in Product Management (Batch-12)","T05.S01.P05","Blended","INR","350000"
"iimi","Chief Operating Officer Programme, Batch 02 (COO-02)","T06.S01.P01","Blended","INR","450000"
"iimi","Certificate Programme in Project Management (CPPM) (Batch 15)","T06.S01.P05","Blended","INR","168000"
"iimi","Executive Programme in Operations and Supply Chain Management (EPO&SCM) Batch 07","T06.S02.P01","Blended","INR","300000"
"iimi","Certificate Programme in Design Thinking & Innovation for Business Excellence","T09.S01.P02","Blended","INR","200000"
"iimi","Post Graduate Certificate Programme in Family Business Management & Entrepreneurship (PGCP -FBM&E) Batch 03","T09.S02.P01","Blended","INR","450000"
"iimi","Advanced Management Programme for Corporate Leaders (Batch 05)","T15.S01.P01","Blended","INR","327500"
"iimi","Advanced Programme in Corporate Stategy & Business Leadership (Batch 03)","T01.S01.P05","Blended","INR","188000"
"iimi","Executive Certificate Programme in Strategy and Leadership for Senior Professionals (Batch 09)","T02.S01.P01","Blended","INR","315000"
"iimi","Corporate and Public Leadership in a VUCA World (Batch 02)","T01.S01.P05","Blended","INR","142500"
"iimi","Advanced Programme in CSR and Sustainable Strategic Leadership (Batch 01)","T10.S01.P01","Blended","INR","186500"
"iimi","Executive Programme in Digital Marketing (Asynchronous) (Batch 15)","T05.S02.P01","Self-paced Online","INR","105000"
"iimi","Certificate Programme in Digital Transformation and AI for Leaders (Batch 08)","T02.S03.P01","Blended","INR","125000"
"iimi","Executive Programme in Business Strategy (EPBS) (Asynchronous) (Batch 01)","T07.S01.P02","Self-paced Online","INR","100000"
"iimi","Executive Certificate Programme in General Management (Asynchronous) (Batch 07)","T07.S01.P02","Blended","INR","222500"
"iimi","General Management Programme for Executives","T15.S01.P01","Campus","INR","590000"
"iimi","Accelerated Leadership Programme","T01.S01.P05","Blended","INR","325000"
"iimi","Certificate Course in Business Management for Defence Officers","T11.S02.P04","Campus","",""
"iimi","MSME Strategic Business Growth Accelerator Programme","T09.S02.P05","Blended","INR","85000"
"iimi","MSME Digitalisation Accelerator Programme","T09.S02.P05","Blended","INR","85000"
"iimi","Public Health Policy and Administration in Government Healthcare Initiatives","T12.S01.P03","Blended","INR","250000"
"iimi","Strategic Leadership in Public Sector Governance","T02.S01.P01","Blended","INR","250000"
"iimi","Young Leaders Certificate Programme in Business Excellence","T01.S01.P05","Campus","INR","90000"
"iimi","Certificate Programme in International Business Management (CPIBM) for Defence Officers","T11.S02.P04","Campus","INR","250002"
"iimi","Global Healthcare Professional Programme (GHPP) (In collaboration with the Arizona State University)","T12.S01.P01","Blended","INR","600000"
"iimi","Global Leadership Development Programme for Entrepreneurs (In collaboration with the University of Glasgow, Scotland)","T07.S02.P05","Unknown","INR","600000"
"iimi","Global Leadership Experience Programme (In collaboration with University of Denver, USA)","T01.S01.P05","Blended","INR","600000"
"iimi","Global Sports Business Management Programme (In collaboration with the University of Liverpool)","T13.S01.P05","Unknown","INR","600000"
"iimi","Advanced Management Programme for Senior Leaders","T15.S01.P01","Blended","INR","668000"
"iimi","General Management Programme for Executives in Other Middle East Countries","T15.S01.P01","Blended","INR","728000"
"iimi","Strategic Financial Management Programme for Executives","T15.S01.P01","Blended","INR","286000"
"iimi","Strategic Marketing Management Programme for Executives in the Digital World","T05.S01.P01","Self-paced Online","INR","880000"
"iimi","Executive Management Programme (EMP) (Batch 02)","T15.S01.P01","Blended","INR","1400000"
"iimi","Masters of Science in Data Management","T03.S04.P04","Blended","",""
"iimi","Executive Management Programme - Government, Public Administration and Defence","T11.S01.P03","Blended","INR","800000"
"iimi","Executive Post Graduate Diploma in Artificial Intelligence (04)","T03.S03.P01","Blended","INR","760000"
"iimk","A Non-technical Introduction to Financial Derivatives","T03.S01.P04","Campus","INR","75000"
"iimk","General Management Programme: Management in the Era of Digital Disruption & AI","T01.S02.P03","Campus","INR","112500"
"iimk","Strategic Decision Making & Leadership under Dynamic & Uncertain Environments","T03.S04.P06","Campus","INR","75000"
"iimk","The CMO's Playbook: Executive Edition","T05.S01.P01","Campus","INR","112500"
"iimk","Consumer Behaviour in the Digital Age","T05.S01.P03","Campus","INR","75000"
"iimk","Healthcare Management: Strategy, Technology & Operations","T12.S01.P02","Campus","INR","112500"
"iimk","AI in Marketing: Foundations, Trends, and Perspectives","T05.S03.P01","Campus","INR","112500"
"iimk","Story Telling Artistry at Work","T14.S01.P02","Campus","INR","75000"
"iimk","Data Driven Decision Making using Data Analytics","T03.S04.P01","Campus","INR","112500"
"iimk","Strategic Mindset for Sales Managers - A Lego Serious Play Approach","T02.S01.P03","Campus","INR","75000"
"iimk","Leadership in the AI World: Growth & Transformation","T03.S03.P01","Campus","INR","102500"
"iimk","Understanding India through its Cultural Roots From Farms to Firms","","Campus","INR","162500"
"iimk","Problem Solving & Decision Making","T14.S02.P01","Campus","INR","75000"
"iimk","Managing Employees with Humane Touch","T09.S02.P01","Campus","INR","162500"
"iimk","Service Excellence through Customer Orientation","T06.S01.P03","Campus","INR","75000"
"iimk","MDP on Simulate to Strategize: Accelerate your Leadership Journey","T02.S01.P01","Campus","INR","112500"
"iimk","Public Systems Management","T11.S01.P01","Campus","INR","112500"
"iimk","Soft Skills for Interpersonal Effectiveness: Attitude & Skill Enhancement Lab","T14.S02.P03","Campus","INR","112500"
"iimk","Executive Presence, Influence & Storytelling","T14.S01.P02","Campus","INR","75000"
"iimk","Design Thinking for Business Problem Solving","T09.S01.P02","Campus","INR","100000"
"iimk","Digital Operations & Supply Chain Transformation","T06.S02.P01","Campus","INR","100000"
"iimk","Strategic Digital Marketing","T05.S02.P01","Campus","INR","100000"
"iimk","Managing Global Operations","T06.S01.P01","Campus","INR","75000"
"iimk","Mindful Leadership","T14.S02.P05","Campus","INR","100000"
"iimk","Strategic Brand and Marketing Communications: From Meaning to Impact","T05.S01.P02","Campus","INR","100000"
"iimk","Supply Chain Management","T06.S02.P01","Campus","INR","100000"
"iimk","Business Intelligence & Analytics","T01.S01.P03","Campus","INR","75000"
"iimk","Advanced Financial Statement Analysis for Decision Making","T04.S01.P02","Campus","INR","75000"
"iimk","Talent Management","T07.S01.P01","Campus","INR","75000"
"iimk","Finance for Non-Finance Executives","T04.S01.P01","Campus","INR","75000"
"iimk","Managing across Cultures (MaC)","T15.S01.P01","Campus","INR","75000"
"iimk","Strategic Excellence in the Insurance Sector: Navigating Business Challenges","T04.S03.P04","Campus","INR","75000"
"iimk","Methods of Digital Advertising","T03.S03.P01","Campus","INR","75000"
"iimk","Contract Management & Dispute Resolution","T08.S03.P01","Campus","INR","75000"
"iimk","Strategies for Patient-Centric Healthcare Operations","T12.S01.P01","Campus","INR","112500"
"iimk","Sales Mastery in the Insurance Sector","T04.S03.P04","Campus","INR","100000"
"iimk","Cyber Security","T03.S05.P01","Campus","INR","60000"
"iimk","Corporate Etiquette & Personality Development","T14.S01.P01","Campus","INR","60000"
"iimk","Public Procurement","T06.S02.P02","Campus","INR","80000"
"iimk","A Net-zero Future - Towards Business Sustainability","T10.S01.P01","Campus","INR","60000"
"iimk","Mastering Behaviour - Managing Self (Basic Lab)","T15.S01.P01","Campus","INR","60000"
"iimk","Creative Thinking, Problem Solving & Decision Making","T14.S02.P01","Campus","INR","60000"
"iimk","Mastering Behaviours - Managing Self (Advanced Lab)","T15.S01.P01","Campus","INR","75000"
"iimk","Good Governance & Big Data","T08.S02.P01","Campus","INR","90000"
"iimk","Managing Self & Others for High Performance","T15.S01.P01","Campus","INR","60000"
"iimk","Communication Effectiveness Lab for Managers","T14.S01.P03","Campus","INR","60000"
"iimk","Creating value through Corporate financial decisions","T01.S01.P03","Campus","",""
"iimk","Emotional Intelligence: Harnessing your Emotional Energy","T14.S02.P05","Campus","",""
"iimk","Agent-based Modeling for Business Problem Solving","T14.S02.P02","Campus","INR","60000"
"iimk","Applied Financial Risk Management","T04.S03.P01","Campus","INR","60000"
"iimk","Public Financial Management (PFM)","T04.S01.P01","Campus","INR","90000"
"iimk","Strategies for Products & Marketing","T05.S01.P01","Campus","INR","60000"
"iimk","Social Impact Assessment for Decision-Making","T09.S02.P05","Campus","",""
"iimk","Financial Market Regulations (FMR)","T04.S01.P01","Campus","INR","90000"
"iimk","Accelerating Sales Force Performance","T05.S04.P01","Campus","INR","60000"
"iimk","Operational Excellence through Lean Six Sigma","T06.S01.P02","Campus","INR","60000"
"iimk","Business Analytics","T03.S04.P01","Campus","INR","90000"
"iimk","MDP on Gender, Work and Technology","T07.S04.P03","Campus","",""
"iimk","Enhancing Organizational & Individual Performance","","Campus","INR","60000"
"iimk","General Management Programme in the Age of AI","T01.S02.P03","Live Online","",""
"iimk","Professional Certificate Programme in Business Management","T07.S01.P02","Live Online","INR","195000"
"iimk","Strategic Management Programme for CXO's","T01.S02.P02","Live Online","INR","490000"
"iimk","Professional Certificate Programme in Project Management","T06.S01.P05","Live Online","INR","198000"
"iimk","Professional Certificate Programme in Gen AI, Agentic System & Intelligent Decision-Making","T01.S04.P01","Live Online","INR","200000"
"iimk","Entrepreneurship and New Venture Creation","T09.S02.P01","Live Online","INR","260000"
"iimk","Professional Certificate Programme in Advanced Product Management","T05.S01.P05","Live Online","INR","195000"
"iimk","Professional Certificate Programme in Investment Banking, Risk & Capital Markets","T04.S02.P03","Live Online","INR","240000"
"iimk","Professional Certificate Programme in Growth Strategy and Business Transformation","T02.S01.P04","Live Online","INR","298000"
"iimk","Professional Certificate Program in AI Powered Marketing, Analytics and Sales","T05.S03.P01","Live Online","INR","245000"
"iimk","Professional Certificate Programme in AI-Powered Digital Marketing for Performance & Growth","T05.S02.P01","Live Online","INR","180000"
"iimk","AI-Enabled Supply Chain & Operations Management","T06.S01.P01","Live Online","INR","250000"
"iimk","Professional Certificate Programme in Chief Human Resource Officer","T07.S01.P02","Live Online","",""
"iimk","Professional Certificate Programme in FinTech","T04.S04.P01","Live Online","INR","240000"
"iimk","Chief Product & AI-Driven Strategy Officer (CPAIO) Programme","T02.S03.P01","Live Online","INR","545000"
"iimk","Professional Certificate Programme in Healthcare Management and AI Applications","T12.S01.P02","Live Online","INR","225000"
"iimk","Professional Certificate Programme in Strategic Management","T02.S01.P01","Live Online","INR","195000"
"iimk","Senior Management Programme","T15.S01.P01","Live Online","INR","623000"
"iimk","Professional Certificate Program in Managing Businesses - Strategies for Sustained Growth & Profitability","T04.S01.P05","Live Online","INR","299000"
"iimk","Professional Certificate Programme in Financial Analysis and Financial Management","T07.S01.P02","Live Online","INR","260000"
"iimk","Professional Certificate Programme in Advanced Analytics & Business Intelligence","T07.S01.P02","Live Online","INR","200000"
"iimk","Professional Certificate Programme in Data Analytics for Business Strategy (Essential Tools and Applications)","T03.S04.P01","Live Online","",""
"iimk","Chief Operations Officer Programme","T06.S01.P01","Live Online","INR","662000"
"iimk","Chief Executive Officer Programme","T01.S02.P01","Live Online","INR","682000"
"iimk","Professional Certificate Programme in Strategic Sales Management and New Age Marketing","T05.S04.P01","Live Online","INR","240000"
"iimk","Professional Certificate Programme in Digital Transformation","T03.S03.P01","Live Online","INR","740000"
"iimk","Professional Certificate Programme in General Management Programme for Business Excellence","T15.S01.P01","Live Online","INR","248500"
"iimk","Advanced Strategic Management Programme","T02.S01.P01","Live Online","INR","298000"
"iimk","Chief Technology and AI Officer Programme","T02.S03.P01","Live Online","INR","678000"
"iimk","Marketing and Brand Management for New Age Business","T05.S01.P02","Live Online","",""
"iimk","Professional Certificate Programme in AI Powered Decision Making","T14.S02.P01","Live Online","",""
"iimk","New Age Management Programme for Senior Professionals","T15.S01.P01","Live Online","",""
"iimk","Professional Certificate Programme in Advanced Operations Analytics and Supply Chain Management","T06.S02.P01","Live Online","INR","205000"
"iimk","Professional Certificate Programme in AI Product Development & Innovation","T07.S01.P02","Live Online","",""
"iimk","Professional Certificate Programme in Management of Social Initiatives","T07.S01.P02","Live Online","",""
"iimk","Applied Data Analytics & AI for Managers","T01.S04.P02","Live Online","",""
"iimk","Applied Analytics and Gen AI for Business Decisions","T03.S01.P01","Live Online","",""
"iimk","Women Leadership Programme","T07.S04.P03","Live Online","INR","350000"
"iimk","Professional Certificate Programme in AI for Business Strategy","T03.S01.P01","Live Online","",""
"iimk","Chief Revenue Officer Programme","T05.S04.P01","Live Online","",""
"iimk","Advanced Certificate Programme in Smart Supply Chain Management & Transformation","T06.S02.P01","Live Online","INR","281000"
"iimk","Chief Financial Officer Programme","T04.S01.P03","Live Online","INR","658000"
"iimk","Professional Certificate Programme in Advanced Business Management","T07.S01.P02","Self-paced Online","INR","595000"
"iimk","AI Officer Programme","T07.S01.P02","Self-paced Online","INR","300000"
"iimk","Professional Certificate Programme in AI for Business Professionals","T03.S01.P01","Self-paced Online","INR","169000"
"iimk","Professional Certificate Programme in Data Science and Artificial Intelligence for Managers","T03.S01.P01","Self-paced Online","INR","179900"
"iimk","General Management programme: For Future Leaders","T01.S02.P03","Self-paced Online","INR","210000"
"iimk","Executive Presence, Influence, and Story Telling (online)","T14.S01.P01","Self-paced Online","INR","129900"
"iimk","Professional Certificate Programme in Product Management","T05.S01.P05","Self-paced Online","INR","199900"
"iimk","Professional Certificate Programme in Design Thinking and Innovation with AI","T09.S01.P02","Self-paced Online","INR","130000"
"iimk","Chief AI Officer (CAIO) Programme","T02.S03.P01","Self-paced Online","",""
"iimk","Executive Programme in Product Innovation with AI & Agentic AI","T01.S04.P01","Self-paced Online","",""
"iimk","Professional Certificate in Data Analytics for Business with Generative AI","T03.S01.P02","Self-paced Online","",""
"iimk","Professional Certificate in Agentic AI for Leaders","T01.S04.P01","Self-paced Online","",""
"iimk","Professional Certificate in Public Policy Management","T11.S01.P01","Live Online","INR","500000"
"iimk","Senior Management Programme in Healthcare Management","T12.S01.P02","Live Online","",""
"iimk","Professional Certificate in Applied Finance","T04.S01.P01","Live Online","INR","237500"
"iimk","Leadership Coaching for High Performance & Talent Management","T01.S02.P02","Blended","INR","150000"
"iimk","Advanced Data Science for Managers","T03.S04.P02","Live Online","",""
"iimk","Chief Marketing and Growth Officer Programme","T05.S01.P01","Live Online","INR","500000"
"iimk","Emotional Intelligence: Harnessing your Emotional Energy for Superior Performance","T14.S02.P05","Campus","INR","60000"
"iimk","Infrastructure Finance","T11.S01.P05","Campus","INR","60000"
"iimk","Managing Talent & Coaching for High-Performance Leadership","T01.S02.P02","Campus","INR","150000"
"iimk","Strategic Excellence in the Insurance Sector: Navigating Business Growth & Decision-Making","T04.S03.P04","Campus","INR","60000"
"iimk","Chief Product Officer (CPO) Programme","T05.S01.P05","Blended","INR","609000"
"iimk","Professional Certificate Programme in Advanced Data Analytics for Managers","T03.S04.P01","Blended","INR","198500"
"iimk","Healthcare Management for Senior Executives","T12.S01.P02","Blended","INR","320000"
"iimk","Data Analytics for Business Strategy: Essential Tools and Applications","T03.S04.P01","Blended","INR","210000"
"iimk","Professional Certificate Programme in Strategic Competencies for CHROs","T07.S01.P02","Blended","INR","400000"
"iimk","Art of Business Communication (ABC) for Corporate Professionals","T01.S02.P02","Blended","INR","280000"
"iimk","Professional Certificate Programme in Marketing and Brand Management for New Age Businesses","T05.S01.P02","Blended","INR","250000"
"iimk","Professional Certificate Programme on Strategic Management Programme for CXOs","T01.S02.P02","Blended","INR","490000"
"iimk","Post Graduate Certificate In Public Policy Management","T11.S01.P01","Blended","INR","350000"
"iimk","Digital Marketing for Performance & Growth","T05.S02.P01","Blended","INR","180000"
"iimk","Professional Certificate Programme in Investment Banking","T04.S03.P03","Blended","INR","240000"
"iiml","Masterclass for Procurement Leaders: Navigating the Data, Artificial Intelligence, and Agentic Era","T01.S04.P01","Campus","INR","66500"
"iiml","Developing Strategic Mindset for Sales and Marketing Leaders","T02.S01.P03","Campus","INR","66500"
"iiml","Strategic Leadership & Managerial Excellence","T02.S01.P01","Campus","INR","84000"
"iiml","Change Leadership","T01.S05.P01","Campus","INR","66500"
"iiml","Managing Digital Transformation: Thriving in the Artificial Intelligence Era","T03.S03.P01","Campus","INR","96500"
"iiml","Managing Sales Force and Channel for High Performance","T05.S04.P01","Campus","INR","77000"
"iiml","Reskilling for the Future: Learning and Development in the AI Era","T07.S02.P03","Campus","INR","66500"
"iiml","New Age Data Analytics for Marketing Professionals: From Intuition to Insight","T03.S04.P01","Campus","INR","66500"
"iiml","Marketing Reimagined with AI (Artificial Intelligence)","T05.S01.P01","Campus","INR","66500"
"iiml","Data-driven Leadership: Marketing analytics for seniors","T03.S04.P01","Campus","INR","66500"
"iiml","Essential Labor Codes for Businesses/MSMEs and Start Ups","T09.S02.P05","Campus","INR","66500"
"iiml","Managing Digital Infrastructures in the Age of AI","T03.S03.P01","Campus","INR","66500"
"iiml","Sales & Distribution Management Excellence in Indian Markets","T05.S04.P03","Campus","INR","96500"
"iiml","AI For Business","T03.S01.P01","Campus","INR","96500"
"iiml","Managing Performance in New Era","T07.S01.P01","Campus","INR","77000"
"iiml","Creativity for Organisational Problem Solving and Decision Making","T14.S02.P01","Campus","INR","96500"
"iiml","AI-Enabled Product Management and Marketing","T05.S01.P05","Campus","INR","66500"
"iiml","Managing Stress and Wellbeing","T01.S05.P03","Campus","INR","66500"
"iiml","Advancing Inclusion for Organizational Excellence","T07.S04.P02","Campus","INR","66500"
"iiml","Operational Excellence in Platforms: Simulate, Scale and Succeed","T06.S01.P01","Campus","INR","66500"
"iiml","Workplace Scenarios Mastery Lab","T07.S01.P01","Campus","INR","66500"
"iiml","Strategic Thinking and Leadership for Competitive Advantage","T02.S01.P01","Campus","INR","66500"
"iiml","Leadership Development","T07.S02.P05","Campus","INR","66500"
"iiml","Digital Transformation and Supply Chain Analytics","T03.S03.P01","Campus","INR","77000"
"iiml","Leading Strategy and Innovation for Managing Digital Disruption and Sustainability","T10.S01.P01","Campus","INR","66500"
"iiml","Managing Change Negotiations","T05.S04.P05","Campus","INR","77000"
"iiml","ESG, Carbon Management and Decarbonisation Strategy","T10.S01.P02","Campus","INR","114000"
"iiml","Executive Public Speaking: High-Impact Communication with Breathwork & Mind Mastery","T01.S05.P03","Campus; Live Online","INR","96500"
"iiml","Game Theory for Strategic Thinking","T02.S01.P03","Campus","INR","66500"
"iiml","Understanding Self for Leadership Excellence","T07.S01.P01","Campus","INR","66500"
"iiml","Strategic Communication for High-Impact Leadership","T02.S01.P01","Campus","INR","66500"
"iiml","Managing Channels of Distribution in India: Urban, Rural & Online","T05.S04.P03","Campus","INR","96500"
"iiml","Mastering Leadership Communication: Critical Thinking & Meditative Mind Management","T14.S02.P02","Campus; Live Online","INR","84000"
"iiml","Data Science and Big Data Analytics","T03.S04.P02","Campus","INR","96500"
"iiml","High Impact Leadership","T02.S01.P01","Campus","INR","66500"
"iiml","Negotiation & Persuasion","T05.S04.P05","Campus","INR","66500"
"iiml","Mergers and Acquisitions Strategy","T02.S05.P01","Campus","INR","84000"
"iiml","Digital Transformation in Healthcare","T12.S01.P02","Campus","INR","77000"
"iiml","Analytics for Effective Marketing Decision","T03.S04.P01","Campus","INR","77000"
"iiml","Climate Risk and Sustainable Finance","T10.S01.P04","Campus","INR","77000"
"iiml","Building a Strategic Mindset","T02.S01.P03","Campus","INR","66500"
"iiml","Agri-input Marketing Strategies","T05.S01.P01","Campus","INR","96500"
"iiml","Fixed Income: Analytics and Trading","T03.S04.P01","Campus","INR","66500"
"iiml","Project Management","T06.S01.P05","Campus","INR","96500"
"iiml","Strategic Leadership in Uncertain Environments","T02.S01.P01","Campus","INR","96500"
"iiml","Managerial Decision Making under Uncertain Business Environment","T01.S04.P02","Campus","INR","96500"
"iiml","Strategic Human Resource Management","T07.S01.P01","Campus","INR","66500"
"iiml","Presence: The Strategic Imperative for Women Leaders","T07.S04.P03","Campus","INR","66500"
"iiml","Design Thinking for Customer Centric Business Innovation","T09.S01.P02","Campus","INR","96500"
"iiml","Leadership Effectiveness Through Emotional Intelligence","T14.S02.P05","Campus","INR","66500"
"iiml","Managing Finance for Family Owned Business & Early-Stage Enterprises: What it takes to reach to the next level","T04.S01.P02","Campus","INR","77000"
"iiml","Leading Family Enterprises: Managing Growth and Transformation","T09.S02.P03","Campus","INR","96500"
"iiml","HRM Strategies in Times of AI","T07.S01.P01","Blended","INR","182000"
"iiml","Effective Decision making with HR Analytics","T07.S03.P01","Campus","INR","77000"
"iiml","Design Thinking for Strategy and Innovation","T09.S01.P02","Campus","INR","84000"
"iiml","Coaching and Mentoring for Effective Leadership","T07.S01.P01","Campus","INR","66500"
"iiml","Customer Relationship Management, Emerging Concepts, Strategy and Tools","T02.S01.P01","Campus","INR","77000"
"iiml","Finance for Non-Finance Executives","T04.S01.P01","Campus","INR","96500"
"iiml","HRM Strategies for the New Era","T07.S01.P01","Campus","INR","77000"
"iiml","Creativity and Design Thinking for Problem Solving","T09.S01.P02","Campus","INR","96500"
"iiml","Agricultural Risk Management: Products, Mechanisms, and Applications","T11.S02.P02","Campus","INR","66500"
"iiml","Executive Management Programme in People Leadership & Strategic HR Management (Batch 04)","T07.S01.P01","Live Online","INR","311000"
"iiml","Advanced Programme in Human Resource Management (APHRM) (Batch 12)","T07.S01.P01","Live Online","INR","240000"
"iiml","Executive Programme in HR Analytics (EPHRA) (Batch 05)","T07.S03.P01","Live Online","INR","172000"
"iiml","Executive Certificate Programme in Leadership and Change Management (Batch 04)","T01.S05.P01","Live Online","INR","225000"
"iiml","Executive Programme in Data Science and AI for Managers (Batch 10)","T01.S04.P02","Live Online","INR","250000"
"iiml","Venture Capital & Private Equity (VCPE) Programme (Batch 02)","T04.S02.P02","Live Online","INR","320000"
"iiml","Executive Programme in FinTech, Banking & AI Application (Batch 13)","T04.S03.P03","Live Online","INR","150000"
"iiml","Advanced Management Programme in Financial Services & Capital Markets (Batch 06)","T01.S02.P01","Live Online","INR","298000"
"iiml","Executive Programme in Applied Finance (EPAF) (Batch 04)","T04.S01.P01","Live Online","INR","298000"
"iiml","Executive Programme in Healthcare Management (EPHM) (Batch 05)","T12.S01.P02","Live Online","INR","280000"
"iiml","IIM Lucknow Empower: Leadership Programme for Women Professionals (Batch 01)","T07.S04.P03","Live Online","INR","252500"
"iiml","Senior Management Programme (SMP) (Batch 01)","T15.S01.P01","Live Online","INR","548000"
"iiml","Executive Programme in Strategic Digital Marketing with MarTech & AI","T05.S02.P01","Live Online","INR","225000"
"iiml","Executive Programme in Data Driven Product Management (Batch 13)","T05.S01.P05","Live Online","INR","235000"
"iiml","Executive Management Programme in Sales & Marketing Leadership (Batch 11)","T01.S01.P01","Live Online","INR","343500"
"iiml","Strategic Operations and Supply Chain Analytics with AI (Batch 9)","T06.S02.P01","Live Online","INR","230000"
"iiml","Executive Programme in Strategic Project Management & Leadership (Batch 7)","T06.S01.P05","Live Online","INR","242500"
"iiml","IIML Digital Transformation and AI for Business Leaders (Batch 6)","T03.S01.P01","Live Online","INR","318000"
"iiml","Executive Programme in Artificial Intelligence for Business (Batch 06)","T03.S03.P01","Live Online","INR","318300"
"iiml","Chief Executive Officer (CEO) Programme (Batch 07)","T01.S02.P01","Live Online","INR","620000"
"iiml","Chief Operating and Transformation Officer (COTO) Programme (Batch 9)","T06.S01.P01","Live Online","INR","450000"
"iiml","Chief Technology and AI Officer (CTAIO) Programme (Batch 05)","T02.S03.P01","Live Online","INR","535000"
"iiml","Chief Human Resources Officer (CHRO) Programme (Batch 04)","T07.S01.P02","Live Online","INR","400000"
"iiml","Global Senior Leadership Programme - COO specialisation (GSLP COO) (Batch 04)","T06.S01.P01","Live Online","INR","450000"
"iiml","Global Senior Leadership Programme - CFO specialisation (GSLP CFO) (Batch 04)","T04.S01.P03","Live Online","INR","450000"
"iiml","Global Senior Leadership Programme - CHRO specialisation (GSLP CHRO) (Batch 04)","T07.S01.P02","Live Online","INR","450000"
"iiml","Chief Strategy Officer Programme (CSO) (Batch 11)","T02.S01.P02","Live Online","INR","400500"
"iiml","Chief Digital & AI Officer Programme (CDAIO)","T03.S03.P01","Live Online","INR","452500"
"iiml","Chief Revenue Officer (CRO) Programme (Batch 01)","T05.S04.P01","Live Online","INR","400000"
"iiml","Senior Leadership Programme (SLP) (Batch 11)","T01.S02.P02","Live Online","INR","550000"
"iiml","Chief Financial Officer (CFO) Programme","T04.S01.P03","Live Online","INR","402500"
"iiml","Global Senior Leadership Programme (GSLP) (Batch 04)","T01.S02.P02","Live Online","INR","625000"
"iiml","Executive General Management Programme (EGMP) (Batch 03)","T01.S02.P03","Blended","INR","450000"
"iiml","IIM Lucknow Executive Programme in Business Analytics","T03.S04.P01","Live Online","",""
"iiml","IIM Lucknow Executive Programme in Advanced General Management","T15.S01.P01","Live Online","",""
"iiml","IIM Lucknow Executive Programme in IT Management","T03.S03.P01","Live Online","",""
"iiml","IIM Lucknow General Management Programme for IT Professionals","T15.S01.P01","Live Online","",""
"iiml","IIM Lucknow Executive Programme in Sales & Marketing","T05.S04.P01","Live Online","",""
"iiml","DEI by Design","T07.S04.P02","Campus","INR","77000"
"iiml","Service Operational Excellence in the Analytics Era","T06.S01.P01","Campus","INR","96500"
"iiml","Leading Strategy for Managing Digital Disruption and Sustainability","T10.S01.P01","Campus","INR","66500"
"iiml","Cybersecurity and Risk Management for Leaders","T03.S05.P01","Campus","INR","96500"
"iiml","Digital Marketing: Strategy and Application (Online Mode)","T05.S02.P01","Campus","INR","84000"
"iiml","Warehousing and Logistics: Data-Driven Decision Making","T06.S02.P03","Campus","INR","66500"
"iiml","AI for Managers","T01.S04.P02","Campus","INR","96500"
"iiml","Navigating Governance Challenges for Delivering Public Goods","T08.S02.P01","Campus","INR","66500"
"iiml","B2B Marketing Bootcamp: From Basics to Brilliance","T05.S01.P06","Campus","INR","66500"
"iiml","Analytics for Managers: Data Driven Decision Making","T03.S04.P01","Campus","INR","77000"
"iiml","Crafting and Delivering Impactful Public Policies","T11.S01.P01","Campus","INR","66500"
"iiml","Analytics for Leadership","T03.S04.P01","Campus","INR","66500"
"iiml","Marketing Mavericks: Redefining B2B Success","T05.S01.P06","Campus","INR","66500"
"iiml","Content Marketing","T05.S02.P02","Campus","INR","66500"
"iiml","Strategic Thinking and Leadership","T02.S01.P03","Campus","INR","84000"
"iiml","Essential Labor Laws for Businesses","T07.S01.P03","Campus","INR","66500"
"iiml","Marketing for Professional Service Firms","T13.S02.P05","Campus","INR","66500"
"iiml","Platform Business: Managing New Business Ventures","T09.S02.P01","Campus","INR","77000"
"iiml","Enhancing Creativity and Problem Solving","T14.S02.P02","Campus","INR","96500"
"iiml","Corporate Communication and Image Buliding","T14.S01.P03","Campus","INR","60000"
"iiml","Marketing and Distribution Excellence for Public Sector","T05.S04.P03","Campus","INR","60000"
"iiml","Strategic Management for Leadership Excellence","T02.S01.P01","Campus","INR","85000"
"iiml","Leadership through Literature","T01.S01.P05","Campus","INR","85000"
"iiml","Effective Risk Modelling","T08.S02.P01","Campus","INR","60000"
"iiml","Corporate Governance and Board Effectiveness","T08.S01.P01","Campus","INR","60000"
"iiml","Marketing and Sales Analytics","T03.S04.P01","Campus","INR","60000"
"iiml","Understanding Startup Fundraising Valuation and Term Sheets","T09.S02.P02","Campus","INR","60000"
"iiml","IIM Lucknow Chief Financial Officer Programme - Batch 08","T04.S01.P03","Blended","INR","437500"
"iiml","IIM Lucknow Chief Strategy Officer Programme -Batch-10","T02.S01.P02","Blended","INR","398000"
"iiml","IIM Lucknow Chief Operations Officer Programme","T06.S01.P01","Blended","INR","570500"
"iiml","IIM Lucknow Chief Executive Programme Batch-03","T01.S02.P01","Blended","INR","600000"
"iiml","IIM Lucknow Chief Technology Officer","T03.S03.P01","Blended","INR","510000"
"iiml","Advanced Certification Programme in Design Thinking and Innovation Management for Leaders","T09.S01.P01","Unknown","INR","200000"
"iiml","Executive Programme in Strategic Management - Batch -06","T02.S01.P01","Blended","INR","156000"
"iiml","Advanced Program in Strategic Management for Business Excellence Batch-05","T02.S01.P01","Unknown","INR","312000"
"iiml","Executive Programme in strategic Operations Management & Supply Chain Analytics - Batch-07","T06.S01.P01","Blended","INR","250000"
"iiml","Executive Programme in Project Management -Batch-06","T06.S01.P05","Blended","INR","215000"
"iiml","Executive Programme in Supply Chain Management during Uncertain Times Batch-04","T06.S02.P01","Unknown","INR","218000"
"iiml","Executive Programme in Sales and Marketing Batch-05","T05.S04.P01","Blended","INR","300000"
"iiml","Advanced Programme for Senior Marketing Professionals Batch-2","T05.S01.P01","Blended","INR","259000"
"iiml","IIM Lucknow Executive Programme in Healthcare Management - Batch-03","T12.S01.P02","Blended","INR","319000"
"iiml","Executive Programme in Business Management","","Campus","INR","299500"
"iiml","Advanced Program in Leadership in the Digital Era Batch -04","T01.S02.P02","Blended","INR","323500"
"iiml","Executive Programme in FinTech,Banking & Applied Risk Management Batch-11","T04.S03.P03","Blended","INR","250000"
"iiml","Executive Programme in Corporate and Investment Banking Batch-01","T04.S03.P03","Blended","INR","325000"
"iiml","Executive Program in Strategic Finance for CFO and FP&A Leaders -Batch-7","T04.S01.P03","Unknown","INR","279000"
"iiml","Nurturing Future Leadership Program : Malaviya Mission Teacher Training Programme -Batch -7","T01.S01.P05","Unknown","",""
"iiml","Advanced Program for Public Human Resource Management","T07.S01.P01","Blended","INR","375000"
"iiml","Senior Leadership Programme for Group ""A"" Gol Officers","T01.S02.P02","Blended","INR","480000"
"iiml","IIML -Wiley Executive Programme on Business and Data Analytics","T03.S04.P01","Unknown","",""
"iiml","GMP for Defence Officers (DGMP)","T11.S02.P04","Unknown","",""
"iiml","Executive Programme in Data Science (EPDS)","T03.S04.P02","Unknown","",""
"iiml","Advanced Program in Integrated Marketing Strategy (APIMS)","T05.S01.P01","Unknown","",""
"iiml","Advanced Program in Leadership for Business Excellence (APLBE)","T01.S01.P05","Unknown","",""
"iiml","Executive Program in Marketing Analytics (EPMA)","T05.S02.P03","Unknown","",""
"iiml","Chief Operating Officer Programme","T06.S01.P01","Blended","INR","570500"
"iiml","Global Executive Immersion: Silicon Valley","T01.S02.P02","Blended","",""
"iiml","Executive Programme In IT Management","T03.S03.P01","Blended","INR","229000"
"iiml","Executive Certificate Programme In Global Business Management","","Blended","INR","242500"
"imarticus","Financial Services And Capital Markets","T04.S02.P03","Blended","INR","298000"
"imarticus","Corporate and Investment Banking","T04.S03.P03","Blended","INR","325000"
"imarticus","Private Equity & Venture Capital Programme","T04.S02.P02","Blended","INR","428000"
"imarticus","Global Senior Leadership Programme Specialisation: Chief Finance Officer","T01.S02.P02","Blended","INR","625000"
"imarticus","Investment Banking and Capital Markets","T04.S02.P03","Blended","INR","469450"
"imd","Future Leaders","T14.S02.P04","Blended","CHF","19900"
"imd","Foundations for Business Leadership","T15.S01.P02","Campus","CHF","25000"
"imd","Global Management Foundations","T15.S01.P01","Blended","CHF","25000"
"imd","Transition to Business Leadership","T01.S02.P03","Blended","CHF","32500"
"imd","Program for Executive Development (PED)","T01.S01.P02","Campus","CHF","54250"
"imd","Advanced Management Program (AMP)","T01.S02.P01","Blended","CHF","32500"
"imd","C-Suite Program","T01.S02.P02","Campus","CHF","35000"
"imd","Breakthrough Program for Senior Executives","T02.S04.P01","Campus","CHF","25500"
"imd","Strategic Forum for Senior Executives","T01.S02.P01","Campus","CHF","6900"
"imd","Orchestrating Winning Performance (OWP) Lausanne","T15.S01.P01","Campus","CHF","11900"
"imd","Orchestrating Winning Performance (OWP) Singapore","T15.S01.P01","Campus","SGD","16900"
"imd","The First 90 Days","T01.S01.P02","Live Online","CHF","3900"
"imd","High Performance Leadership","T07.S02.P05","Campus","CHF","14900"
"imd","Mobilizing People","T01.S02.P01","Campus","CHF","23000"
"imd","Transformational Leader","T07.S02.P05","Blended","CHF","15900"
"imd","Leading for High Impact (Singapore)","T01.S01.P05","Campus","SGD","17900"
"imd","Leading High-Performance Teams","T01.S01.P05","Campus","CHF","7900"
"imd","Strategies for Leadership","T07.S04.P03","Campus","CHF","10900"
"imd","IMD Executive Coaching Certificate","T01.S03.P03","Blended","CHF","26500"
"imd","Advanced High Performance Leadership","T07.S02.P05","Campus","CHF","9500"
"imd","Leadership Skills for Sustainable Change","T10.S01.P01","Blended","CHF","5900"
"imd","Strategy for Future Readiness","T02.S01.P01","Campus","CHF","5950"
"imd","Inside China's Innovation Ecosystem: A Shenzhen Immersion","T02.S01.P06","Campus","CHF","10900"
"imd","Integrating Sustainability into Strategy","T10.S01.P01","Blended","CHF","5900"
"imd","Building Digital Ecosystems","T02.S01.P06","Campus","CHF","10900"
"imd","Supply Chain for the AI Era","T06.S02.P01","Campus","CHF","10900"
"imd","Leading Digital and AI Transformation","T03.S03.P01","Campus","CHF","10900"
"imd","AI Strategy and Implementation","T02.S03.P01","Campus","CHF","10900"
"imd","Innovate with AI and Tech","T03.S03.P01","Campus","CHF","10900"
"imd","Leading Digital Execution","T03.S03.P01","Campus","CHF","10900"
"imd","Digital and AI Accelerator (Singapore)","T09.S01.P04","Campus","SGD","13900"
"imd","Leading Sustainable Business Transformation","T10.S01.P01","Blended","CHF","9900"
"imd","Measuring and Managing Sustainability Impact","T10.S01.P01","Blended","CHF","5900"
"imd","Creating Value in the Circular Economy","T10.S01.P03","Blended","CHF","5900"
"imd","Driving Strategic Innovation","T09.S01.P01","Campus","CHF","11500"
"imd","Driving Strategic Innovation @MIT","T09.S01.P01","Campus","USD","12900"
"imd","Innovation in Action","T09.S01.P01","Blended","CHF","10900"
"imd","Strategic Finance","T02.S01.P01","Campus","CHF","10900"
"imd","Venture Capital Asset Management","T04.S02.P01","Campus","CHF","7900"
"imd","Driving Innovative Finance for Impact","T10.S01.P01","Blended","CHF","2500"
"imd","Leading your Family Business","T09.S02.P03","Campus","CHF","11900"
"imd","Leading your Family Office","T04.S02.P01","Campus","CHF","12400"
"imd","Future Proofing your Business Family (Singapore)","T09.S02.P03","Campus","SGD","15700"
"imd","Negotiating for Value Creation","T05.S04.P05","Campus","CHF","6900"
"imd","Organizational Learning in Action","T07.S04.P01","Blended","CHF","9000"
"imd","Reinventing Luxury Lab","T13.S02.P06","Campus","CHF","3500"
"imd","High Performance Boards","T08.S01.P01","Campus","CHF","12500"
"imd","Mastering Board Governance","T08.S01.P01","Self-paced Online","CHF","2950"
"imd","Strategy Governance for Boards","T01.S05.P05","Campus","CHF","6600"
"imd","Geopolitics for Boards","T02.S04.P01","Campus","CHF","6600"
"imd","Digital and AI Transformation for Boards","T03.S03.P01","Campus","CHF","6600"
"imd","Stakeholder Management for Boards","T08.S01.P01","Campus","CHF","6600"
"imd","Boards and Risks","T01.S05.P04","Campus","CHF","6600"
"imd","Team Dynamics for Boards","T01.S03.P01","Campus","CHF","6600"
"imd","Finance for Boards","T04.S01.P01","Campus","CHF","6600"
"imd","Driving Sustainability from the Boardroom","T10.S01.P01","Campus","CHF","7500"
"imd","Women on Boards","T07.S04.P03","Campus","CHF","6600"
"imd","Role of the Chair","T08.S01.P01","Campus","CHF","8600"
"imd","Board Readiness Diploma","T08.S01.P01","Blended","CHF","22500"
"imd","Board Director Diploma","T08.S01.P01","Campus","CHF","32000"
"imd","Certificate in Board Governance (CAS)","T08.S01.P01","Campus","CHF","28500"
"imd","Programme d'Excellence en Gouvernance des Conseils d'Administration","T08.S01.P01","Campus","other",""
"imd","Leadership Essentials","T01.S01.P05","Self-paced Online","CHF","1950"
"imd","Advanced Leadership","T01.S01.P05","Self-paced Online","CHF","1950"
"imd","Inspirational Leadership","T01.S01.P05","Self-paced Online","CHF","2950"
"imd","Change Management","T01.S05.P01","Self-paced Online","CHF","1950"
"imd","Leading Behavioral Change","T01.S01.P05","Self-paced Online","CHF","2950"
"imd","Crisis Management","T01.S05.P04","Self-paced Online","CHF","1950"
"imd","Organizational Leadership","T01.S01.P05","Self-paced Online","CHF","1950"
"imd","Strategic Thinking","T02.S01.P03","Self-paced Online","CHF","2950"
"imd","Strategy Execution","T02.S02.P01","Self-paced Online","CHF","2950"
"imd","Complex Problem Solving","T14.S02.P02","Self-paced Online","CHF","1950"
"imd","AI Strategies: From Analytics to Agents","T03.S03.P01","Self-paced Online","CHF","1950"
"imd","Business Analytics for Leaders","T03.S04.P01","Self-paced Online","CHF","2950"
"imd","Digital Transformation in Practice","T03.S03.P01","Self-paced Online","CHF","1950"
"imd","Marketing Strategy in the Digital Age","T05.S01.P01","Self-paced Online","CHF","2950"
"imd","Disruptive Innovation","T09.S01.P01","Self-paced Online","CHF","1950"
"imd","Business Finance","T04.S01.P01","Self-paced Online","CHF","1950"
"imd","Winning Sustainability Strategies","T10.S01.P01","Self-paced Online","CHF","1950"
"imd","Lean Intrapreneurship","T06.S01.P02","Self-paced Online","CHF","18000"
"imd","Digital Transformation Sprint","T03.S03.P01","Live Online","CHF","950"
"imd","Generative AI Sprint","T03.S01.P02","Live Online","CHF","950"
"imd","Resilient Leadership Sprint","T01.S01.P05","Live Online","CHF","950"
"imd","Business Creativity and Innovation Sprint","T09.S01.P01","Live Online","CHF","950"
"imd","Leading Teams in the AI Era Sprint","T03.S03.P01","Live Online","CHF","950"
"imd","Online Executive Certificate in Leadership","T01.S03.P03","Self-paced Online","CHF",""
"imd","Online Executive Certificate in Strategy","T01.S03.P03","Self-paced Online","CHF",""
"imd","Online Executive Certificate in Digital Acceleration","T01.S03.P03","Self-paced Online","CHF",""
"imd","Executive Certificate in AI and Digital Business Excellence","T03.S03.P01","Blended","CHF",""
"imd","Executive Certificate in Sustainable Business","T10.S01.P01","Blended","CHF",""
"insead","Advanced Management Programme","T01.S02.P01","Campus","EUR","47500"
"insead","Transition to General Management","T15.S01.P01","Campus","EUR","37000"
"insead","Management Acceleration Programme","T15.S01.P01","Blended","EUR","15950"
"insead","Human Capital in the Age of AI","T01.S02.P01","Campus","",""
"insead","AVIRA: Awareness, Vision, Imagination, Role, Action","T01.S02.P01","Campus","EUR","24700"
"insead","LEAP: Leadership Excellence through Awareness and Practice","T01.S02.P01","Campus","SGD","65900"
"insead","The Challenge of Leadership","T01.S02.P01","Campus","EUR","44200"
"insead","INSEAD for Impact","T01.S01.P05","Campus","",""
"insead","Reinventing Teams with AI","T02.S01.P05","Campus","",""
"insead","Collaborative Leadership","T01.S01.P05","Campus","EUR","11200"
"insead","Leading Teams","T01.S02.P02","Campus","EUR","11200"
"insead","Learning to Lead","T01.S01.P05","Campus","EUR","8600"
"insead","High Impact Leadership Programme","T01.S01.P05","Campus","SGD","16200"
"insead","Leading for Results","T01.S01.P05","Campus","EUR","11600"
"insead","Women Leaders Programme","T07.S04.P03","Campus","EUR","9450"
"insead","The Leadership Transition","T01.S01.P05","Campus","EUR","14950"
"insead","Leading Change in an Age of Digital Transformation","T03.S03.P01","Campus","EUR","9250"
"insead","Leading Successful Change","T01.S01.P05","Campus","EUR","9450"
"insead","Strategic Decision Making for Leaders","T14.S02.P01","Campus","SGD","13600"
"insead","Leading Across Borders and Cultures","T01.S01.P05","Campus","EUR","11200"
"insead","INSEAD Blue Ocean Strategy","T03.S03.P01","Campus","SGD","15900"
"insead","Competitive Strategy","T02.S01.P01","Campus","EUR","8750"
"insead","Strategy Execution Programme","T02.S02.P01","Campus","EUR","17200"
"insead","M&As and Corporate Strategy","T02.S01.P02","Campus","EUR","11600"
"insead","Managing Partnerships and Strategic Alliances","T02.S05.P05","Campus","SGD","16100"
"insead","INSEAD Business Sustainability Programme","T10.S01.P01","Campus","SGD","16800"
"insead","Leading Growth through Innovation and Technology","T03.S03.P01","Campus","EUR","9800"
"insead","AI for Boards","T03.S02.P05","Campus","",""
"insead","International Directors Programme","T08.S01.P01","Campus","SGD","39200"
"insead","IDP Connect - Boardroom in Practice","T08.S01.P01","Campus","",""
"insead","Aspiring Directors Programme","T08.S01.P01","Campus","EUR","11800"
"insead","Crisis Management for Boards","T01.S05.P04","Campus","EUR","9500"
"insead","Corporate Strategy for Board Members","T08.S01.P01","Campus","EUR","11800"
"insead","Value Creation for Owners and Directors","T08.S01.P01","Campus","EUR","11200"
"insead","Leading from the Chair","T08.S01.P01","Campus","EUR","9900"
"insead","Finance for Executives","T04.S01.P01","Campus","SGD","21200"
"insead","Advanced International Corporate Finance","T04.S01.P03","Campus","EUR","11200"
"insead","Strategic Management in Banking","T02.S01.P01","Campus","EUR","11200"
"insead","AI for Business: Strategic Opportunities with AI","T03.S01.P01","Campus","",""
"insead","AI for Business: from Strategy to Execution","T02.S02.P01","Campus","",""
"insead","Leading AI and Digital Transformation","T03.S03.P01","Campus","EUR","11200"
"insead","Strategic Marketing Programme","T05.S01.P01","Campus","EUR","11200"
"insead","Leading the Effective Sales Force","T05.S04.P01","Campus","SGD","16100"
"insead","Leading AI and Digital Marketing Strategy","T05.S01.P01","Campus","EUR","11200"
"insead","Negotiation Dynamics","T05.S04.P05","Campus","SGD","12500"
"insead","B2B Marketing Strategies","T05.S01.P06","Campus","EUR","11600"
"insead","Supply Chain Management","T06.S02.P01","Campus","EUR","10950"
"insead","Strategic R&D Management","T09.S01.P03","Campus","EUR","11200"
"insead","Entrepreneurship: New Business Ventures","T09.S02.P01","Campus","EUR","10950"
"insead","Essentials of Coaching","T14.S01.P03","Campus","EUR","11600"
"insead","INSEAD Coaching Certificate","T14.S01.P03","Campus","EUR","23100"
"insead","Advanced Programme in Coaching Groups","T14.S01.P03","Campus","EUR","9950"
"insead","Virtual Executive Coaching","T01.S03.P03","Live Online","",""
"insead","Lead the Future","T01.S01.P05","Blended","EUR","19950"
"insead","Developing Emerging Leaders","T01.S01.P01","Live Online","EUR","2050"
"insead","Leading Organisations in Disruptive Times","T03.S03.P01","Live Online","EUR","2470"
"insead","Strategy in the Age of Digital and AI","T03.S03.P01","Live Online","",""
"insead","Impactful Communication for Leaders","T14.S01.P03","Live Online","EUR","2470"
"insead","Executive Presence and Influence","T14.S01.P01","Live Online","EUR","2050"
"insead","Business Strategy and Financial Performance","T02.S01.P01","Live Online","EUR","2470"
"insead","Financial Analysis for Non-Financial Managers","T04.S01.P01","Live Online","EUR","1910"
"insead","Driving Digital Marketing Strategy","T05.S01.P01","Live Online","",""
"insead","Transforming Your Business with AI","T03.S03.P01","Live Online","EUR","2100"
"insead","Building Strategic Partnerships and Ecosystems","T02.S01.P06","Self-paced Online","",""
"insead","Leading Through Change and Uncertainty","T01.S05.P05","Self-paced Online","",""
"insead","Negotiation Fundamentals","T05.S04.P05","Self-paced Online","",""
"insead","Mastering Creative Thinking","T14.S01.P03","Self-paced Online","",""
"insead","Driving Innovation for Growth","T09.S01.P01","Self-paced Online","",""
"insead","Advancing Diversity and Inclusion","T07.S04.P02","Self-paced Online","EUR","2050"
"insead","The Future of Work","","Self-paced Online","",""
"insead","Online Certificate in Business Essentials","T15.S01.P02","Live Online","EUR","5790"
"insead","Online Certificate in Digital Transformation","T03.S03.P01","Live Online","EUR","5790"
"insead","Online Certificate in Negotiation","T05.S04.P05","Live Online","EUR","4610"
"insead","Certificate in Global Management","","Campus","",""
"insead","Certificate in Corporate Governance","T08.S01.P01","Campus","",""
"insead","Advanced Certificate in Corporate Governance","T08.S01.P01","Campus","",""
"insead","Chief Operating Officer (COO) Programme","T06.S01.P01","Live Online","",""
"insead","Chief Strategy Officer (CSO) Programme","T02.S01.P02","Live Online","",""
"insead","Sustainability Leadership and Strategy Programme","T10.S01.P01","Live Online","",""
"insead","Sustainability Leadership Programme for Senior Executives","T10.S01.P01","Live Online","",""
"insead","M&A Success Strategies","T02.S05.P01","Live Online","",""
"insead","Rethinking Global Strategy","T02.S01.P01","Live Online","",""
"insead","Supply Chain Strategies for Business","T06.S02.P01","Live Online","",""
"insead","INSEAD Hans H. Wahl Impact Entrepreneurship Programme","T09.S02.P01","Campus","",""
"insead","Product Leadership Programme","T05.S01.P05","Campus","",""
"insead","INSEAD and Scandinavian Executive Institute Partnership Programmes","T01.S02.P01","Campus","",""
"insead","CTAM Europe Executive Management Programme","T15.S01.P01","Campus","",""
"insead","Future Food & Ag Leadership programme from Agrohub and INSEAD","T01.S01.P05","Campus","",""
"insead","INSEAD Healthcare Ethics & Compliance Programme","T08.S02.P03","Campus","",""
"insead","SAL-INSEAD Legal Leadership and Strategy Programme","T02.S01.P01","Campus","",""
"insead","INSEAD Leadership Programme for Senior Executives – India","T01.S01.P05","Campus","SGD","43000"
"insead","Strategy in the Age of AI and Digital Disruption","T02.S01.P01","Self-paced Online","EUR","2050"
"insead","Advanced Negotiations","T05.S04.P05","Self-paced Online","EUR","2470"
"insead","Strategic Negotiations","T05.S04.P05","Self-paced Online","EUR","2050"
"insead","Aspiring Women Leaders Programme","T07.S04.P03","Campus","EUR","8750"
"insead","Corporate Venturing and Innovation","T09.S01.P04","Campus","EUR","11200"
"insead","AI for Business","T03.S01.P01","Campus","EUR","11200"
"isb","Senior Management Programme","T15.S01.P01","Blended","INR","900000"
"isb","Accelerated General Management Programme","T15.S01.P01","Blended","INR","740000"
"isb","Chief Growth & Marketing Officer Programme","T05.S01.P01","Blended","INR","600000"
"isb","Chief Human Resources Officer Programme","T07.S01.P02","Blended","INR","630000"
"isb","Women's Leadership Programme","T07.S04.P03","Blended","INR","325000"
"isb","Emerging Leaders Programme","T01.S01.P03","Blended","INR","395000"
"isb","Executive Programme in Business Management","T15.S01.P02","Blended","INR","325000"
"isb","Executive Programme in Strategy and Leadership","T02.S02.P01","Blended","INR","335000"
"isb","Executive Programme in Fintech and AI","T04.S04.P01","Blended","INR","295000"
"isb","Strategic Digital Leadership Programme","T03.S03.P01","Blended","INR","315000"
"isb","AI for Leaders: Strategy to Action","T02.S03.P01","Campus","INR","175000"
"isb","Public Policy","T11.S01.P01","Blended","INR","125000"
"isb","Essentials of Leadership","T01.S01.P03","Campus","INR","250000"
"isb","Powering High-performance Boards Programme","T08.S01.P01","Campus","INR","200000"
"isb","Business Storytelling and Executive Presence","T14.S01.P02","Campus","INR","125000"
"isb","Mastering Negotiation and Influence","T05.S04.P05","Campus","INR","125000"
"isb","Building High-performance Teams","T01.S03.P01","Campus","INR","125000"
"isb","Creating and Scaling Excellence","T02.S01.P04","Campus","INR","110000"
"isb","Mastering Executive Presence","T14.S01.P01","Blended","INR","118000"
"isb","Strategy Formulation and Execution","T02.S01.P01","Campus","INR","125000"
"isb","Project Management","T06.S01.P05","Blended","INR","145000"
"isb","Operational Excellence for Leaders","T06.S01.P01","Campus","INR","95000"
"isb","AI in Business: Fundamentals to Applications","T03.S01.P01","Blended","INR","145000"
"isb","Digital Business Transformation with AI","T03.S03.P01","Blended","INR","208650"
"isb","Managing Sales Teams and Distribution Channels","T05.S04.P03","Campus","INR","120000"
"isb","Chief Technology Officer Programme","T03.S03.P01","Live Online","INR","631000"
"isb","Chief Digital and AI Officer Programme","T02.S03.P01","Live Online","INR","631000"
"isb","Chief Financial Officer Programme","T04.S01.P03","Live Online","INR","500000"
"isb","Venture Capital and Private Equity Programme","T04.S02.P02","Live Online","INR","461000"
"isb","Leadership with AI","T01.S04.P02","Live Online","INR","229900"
"isb","Cybersecurity for Leaders","T03.S05.P01","Live Online","INR","14900"
"isb","Transforming HR with Analytics and AI","T07.S03.P01","Live Online","INR","149900"
"isb","Applied Business Analytics","T03.S04.P01","Live Online","INR","115000"
"isb","Digital Marketing and Analytics","T05.S02.P01","Live Online","INR","115000"
"isb","Product Management","T05.S01.P05","Live Online","INR","159900"
"isb","Professional Certificate in Product Management","T05.S01.P05","Live Online","INR","259900"
"isb","Professional Certificate Programme in Digital Marketing","T05.S02.P01","Live Online","INR","199900"
"isb","Certificate Programme in IT Project Management","T06.S01.P05","Live Online","INR","129900"
"isb","Certificate Programme in Healthcare Management","T12.S01.P01","Live Online","INR","123000"
"isb","Certificate Programme in Healthcare Leadership","T12.S01.P02","Live Online","",""
"isb","Certificate Programme in Digital Transformation","T03.S03.P01","Live Online","",""
"isb","Chief Strategy Officer Programme","T02.S01.P02","Blended","INR","825000"
"isb","ISB-NUS Global Advanced Management Programme","T15.S01.P01","Blended","INR","1275000"
"isb","General Management Programme","T15.S01.P01","Blended","INR","800000"
"isb","Business Strategy","T02.S01.P01","Self-paced Online","INR","170000"
"isb","EY-ISB Executive Program on Board Effectiveness for Women","T08.S01.P01","Campus","INR","250000"
"isb","Leadership Essentials","T01.S01.P03","Self-paced Online","",""
"isb","Management Essentials","T15.S01.P02","Self-paced Online","",""
"isb","Business Technology & Innovation with AI","T03.S03.P01","Self-paced Online","",""
"isb","Fintech Innovations: From Blockchain to AI","T04.S04.P01","Self-paced Online","",""
"jaro","Professional Certificate Programme In Strategic Sales Management And New Age Marketin","T05.S04.P01","Blended","INR","240000"
"jaro","Artificial Intelligence and Cyber Security for Organizations [EPAI&CSO]","T02.S01.P02","Blended","INR","200000"
"jaro","Digital Marketing: Business Models, Processes and Technologies","T02.S01.P05","Blended","INR","350000"
"jaro","Information Technology Management for Strategic Business Leadership: A Programme for Future CIOs and CTOs","T03.S03.P01","Blended","INR","400000"
"kellogg","Executive Development Program","","Blended","USD","39500"
"kellogg","Strategic Capabilities for Emerging Business Leaders","T02.S01.P01","Live Online","USD","5850"
"kellogg","Corporate Finance","T04.S01.P03","Campus","USD","10450"
"kellogg","Finance for Executives","T04.S01.P01","Campus","USD","11100"
"kellogg","Merger Week","","Campus","USD","10700"
"kellogg","Corporate Governance","T08.S01.P01","Campus","USD","11500"
"kellogg","Family Enterprise Boards","T09.S02.P03","Campus","USD","13000"
"kellogg","Family Enterprise Leaders Forum 2025: Strategic Growth","T09.S02.P03","Campus","USD","8450"
"kellogg","Forming Family Enterprise Governance","T09.S02.P03","Unknown","",""
"kellogg","Governing Family Enterprises","T09.S02.P03","Campus","USD","13000"
"kellogg","AI at Scale: Driving Real Business Outcomes Across the Enterprise","T01.S02.P02","Live Online","USD","4950"
"kellogg","Competitive Strategy","T02.S01.P01","Campus","USD","10450"
"kellogg","Creating and Managing Strategic Alliances","T02.S05.P05","Live Online","USD","5850"
"kellogg","Delivering Business Growth","T01.S02.P02","Campus","USD","9000"
"kellogg","Growth Marketing","T05.S01.P01","Campus","USD","8750"
"kellogg","Leading and Sustaining a Culture of Innovation","T09.S01.P01","Campus","USD","9000"
"kellogg","Constructive Collaboration","","Live Online","USD","6500"
"kellogg","Driving Organizational Change","","Campus","USD","10050"
"kellogg","Energizing People for Performance","","Campus","USD","9000"
"kellogg","Leading High-Impact Teams","T01.S01.P05","Live Online","USD","6250"
"kellogg","Leading with AI","T03.S03.P01","Campus","USD","11100"
"kellogg","Negotiation Master Class","T05.S04.P05","Live Online","USD","6900"
"kellogg","The Customer-Focused Organization","","Campus","USD","9000"
"kellogg","The Leader Within","T01.S01.P05","Campus","USD","11500"
"kellogg","The Strategy of Leadership","T02.S01.P01","Campus","USD","9000"
"kellogg","Turning Data into Revenue: Decision-Making Analytics for Sales Executives","T03.S04.P01","Unknown","USD","6000"
"kellogg","Advanced Marketing Management","T05.S01.P01","Campus","USD","11100"
"kellogg","Business Marketing Strategy","T05.S01.P01","Campus","USD","11500"
"kellogg","High-Impact Sales Strategy in a Digital World","T01.S02.P02","Unknown","",""
"kellogg","Kellogg on Branding","T05.S01.P02","Campus","USD","9950"
"kellogg","Selling Yourself and Your Ideas","T09.S02.P01","Campus","USD","8750"
"kellogg","B2B Sales Force Strategy & Effectiveness in the Digital Age","T05.S01.P06","Campus","USD","10450"
"kellogg","Lean Operations","T06.S01.P02","Live Online","USD","4150"
"kellogg","Operations Strategy","T02.S01.P01","Campus","USD","7950"
"kellogg","Supply Chain Management","T06.S02.P01","Live Online","USD","5850"
"kellogg","AI Strategies and Applications for Leaders","T01.S02.P02","Campus","INR","165000"
"kellogg","Post Graduate Certificate in Product Management","T05.S01.P05","Campus","INR","295000"
"kellogg","Strategic Marketing Leadership Program","T05.S01.P01","Campus","INR","287000"
"kellogg","Post Graduate Certificate in Digital Marketing","T05.S02.P01","Self-paced Online","INR","287000"
"lbs","Accelerated Development Programme","T15.S01.P01","Campus","GBP","30500"
"lbs","Global Executive Programme","T15.S01.P01","Campus","GBP","20000"
"lbs","Senior Executive Programme","T01.S02.P01","Campus","GBP","41900"
"lbs","Executive Presence and Communication","T14.S01.P01","Campus","",""
"lbs","High Performance People Skills for Leaders","T01.S01.P05","Campus","GBP","10200"
"lbs","Leading Businesses into the Future","T01.S01.P05","Campus","GBP","12800"
"lbs","Leading Change for Organisational Transformation","T01.S05.P01","Campus","GBP","9700"
"lbs","Leading Teams for Emerging Leaders","T01.S01.P01","Campus","SGD","12200"
"lbs","Leading through Crisis","T01.S05.P04","Campus","",""
"lbs","Next-Level Leadership","T01.S01.P05","Campus","GBP","10200"
"lbs","Women in Leadership","T07.S04.P03","Campus","GBP","8950"
"lbs","Supply Chain Executive Leadership","T06.S02.P01","Campus","GBP","24000"
"lbs","Chief Marketing Officer Programme","T05.S01.P01","Campus","",""
"lbs","Developing Strategy for Value Creation","T02.S01.P01","Campus","GBP","9900"
"lbs","Executing Strategy for Results","T02.S02.P01","Campus","GBP","9900"
"lbs","HR Strategy in Transforming Organisations","T07.S01.P01","Campus","GBP","10500"
"lbs","Mergers and Acquisitions","T02.S05.P01","Campus","GBP","9500"
"lbs","Strategy for Emerging Leaders","T01.S01.P01","Campus","GBP","8300"
"lbs","Strategy Implementation for Saudi Leaders","T02.S01.P01","Campus","",""
"lbs","Accounting and Financial Analysis","T04.S01.P02","Campus","GBP","8900"
"lbs","Finance For Non-Finance Executives","T04.S01.P01","Campus","GBP","9100"
"lbs","Financial Strategies for Value Creation","T02.S01.P01","Campus","GBP","8900"
"lbs","Leading the Family Office","T01.S01.P05","Campus","GBP","12000"
"lbs","Masterclass in Private Equity","T04.S02.P02","Campus","GBP","7700"
"lbs","Private Equity Negotiations","T04.S02.P02","Campus","GBP","7700"
"lbs","Project and Infrastructure Finance","T11.S01.P05","Campus","GBP","8900"
"lbs","Strategic Investment Management","T04.S02.P01","Campus","GBP","8800"
"lbs","Valuation","T02.S05.P02","Campus","GBP","8900"
"lbs","Venture Capital: Financing the Entrepreneurial Business","T09.S02.P01","Campus","GBP","8500"
"lbs","Mastering Digital Transformation","T03.S03.P01","Campus","GBP","9500"
"lbs","Next Generation Digital Strategy","T03.S03.P01","Campus","GBP","9700"
"lbs","Analytics and AI: From Data Insights to Strategic Impact","T03.S03.P01","Campus","",""
"lbs","Beyond Pricing: Strategies for Business Growth","T05.S01.P04","Campus","GBP","7200"
"lbs","Strategic Branding","T05.S01.P02","Campus","",""
"lbs","AI Masterclass in partnership with the Financial Times","T04.S01.P01","Campus","",""
"lbs","AI Masterclass for your organisation","T03.S03.P01","Campus","",""
"lbs","Certificate in Management","T15.S01.P01","Campus","",""
"lbs","Certificate in Finance","T04.S01.P01","Campus","",""
"lbs","Negotiating and Influencing Skills for Leaders","T05.S04.P05","Self-paced Online","GBP","3195"
"lbs","Scenario Planning for Strategic Resilience","T01.S05.P03","Self-paced Online","GBP","2095"
"lbs","Sustainability Leadership and Corporate Responsibility","T10.S01.P01","Self-paced Online","GBP","2095"
"lbs","Business Analytics with Generative AI","T03.S01.P02","Self-paced Online","",""
"lbs","Cybersecurity, AI and Digital Trust","T03.S05.P01","Self-paced Online","",""
"lbs","Cybersecurity and Digital Trust for Leaders","T03.S05.P01","Self-paced Online","GBP","2095"
"lbs","ESG Investing","T10.S01.P01","Self-paced Online","GBP","2095"
"lbs","Fintech Strategy: A Playbook from the Experts","T04.S04.P01","Self-paced Online","",""
"lbs","Product Management – Strategy and Innovation","T05.S01.P05","Self-paced Online","",""
"lbs","Generative AI for Leaders: From Insight to Implementation","T02.S03.P01","Self-paced Online","",""
"lbs","Innovation Through Design Thinking","T09.S01.P02","Self-paced Online","GBP","2095"
"lbs","Leading Digital Transformation","T03.S03.P01","Self-paced Online","GBP","1995"
"lbs","Building Diverse and Inclusive Teams","T01.S03.P05","Self-paced Online","GBP","2095"
"lbs","The Business of AI: Strategies for Leaders","T03.S03.P01","Self-paced Online","GBP","2450"
"lbs","Mastering Digital Marketing in an AI World","T05.S02.P01","Self-paced Online","GBP","2520"
"lbs","AI Product Development for Business Leaders","T05.S01.P05","Self-paced Online","GBP","520"
"lbs","Building an AI Business: From Idea to Impact","T09.S02.P01","Self-paced Online","GBP","520"
"lbs","Mastering Decision-making Through Better Judgement","T14.S02.P01","Self-paced Online","",""
"lbs","Chief Investment Officer Programme","T01.S02.P02","Live Online","",""
"lbs","The Chief Financial Officer (CFO) Programme","T04.S01.P03","Live Online","GBP","26500"
"lbs","Global C-Suite Leadership Programme","T01.S02.P02","Live Online","",""
"lbs","Strategic Branding: From Behavioural Insights to Business Growth","T05.S01.P02","Campus","GBP","9000"
"lbs","Judgement at Work: Making Better Choices - Online","T01.S01.P03","Self-paced Online","GBP","495"
"lbs","Business Analytics in the Age of Generative AI - Online","T03.S01.P02","Self-paced Online","GBP","1995"
"lbs","Executing Strategy for Saudi Leaders","T02.S02.P01","Campus","GBP","9900"
"lbs","Financial Stability: Managing Risk and Driving Growth","T04.S01.P01","Campus","GBP","5900"
"lbs","Fintech Forward: Strategies for Incumbents and Startups - Online","T04.S04.P01","Self-paced Online","GBP","2095"
"lbs","Data Science for Competitive Advantage","T02.S01.P01","Campus","GBP","9500"
"spjain","Leadership Essentials for First Time Managers","T01.S01.P01","Live Online","INR","25000"
"spjain","Effective Business Communication Strategies","T02.S01.P01","Live Online","INR","24000"
"spjain","Creating the Winning Teams through Coaching and Mentoring","T14.S01.P03","Live Online","INR","22000"
"spjain","Financial Acumen for Non-Finance Managers","T04.S01.P01","Live Online","INR","22500"
"spjain","Strategic Sourcing for Supply Chain Transformation","T06.S02.P01","Live Online","INR","22500"
"spjain","Data Driven Decision Making","T03.S04.P01","Live Online","INR","25000"
"spjain","Application of AI and Gen AI Tools for Business Growth","T03.S01.P02","Live Online","INR","22000"
"spjain","Global Board Readiness Program","T08.S01.P01","Blended","INR","940200"
"spjain","Change Management – Leading with Change","T01.S05.P01","Live Online","INR","17000"
"spjain","Enhancing Personal Effectiveness","T14.S02.P03","Live Online","INR","20000"
"spjain","Achieving Sales Growth in Pharma","T12.S02.P01","Live Online","INR","29000"
"spjain","Reimagine HR for Future of Work","T07.S01.P01","Live Online","INR","25000"
"spjain","Supply Chain Disruptions and Trends","T06.S02.P01","Live Online","INR","20000"
"spjain","Fintech for Emerging Leaders","T01.S01.P01","Live Online","",""
"spjain","Service Excellence","T06.S01.P03","Live Online","INR","25000"
"spjain","Strategic Leadership Program for High Potential Business Leaders","T01.S02.P02","Live Online","INR","50000"
"spjain","Achieving Sales Excellence – Institutional Selling","T05.S04.P01","Live Online","",""
"spjain","Strategic Branding Bootcamp","T05.S01.P02","Live Online","INR","22500"
"spjain","Business Growth via New Product and Service Design","T06.S01.P03","Live Online","INR","20000"
"spjain","Digital Leadership","T03.S03.P01","Live Online","INR","20000"
"spjain","Digital Supply Chain","T06.S02.P01","Live Online","INR","25000"
"spjain","E-Business Strategies for Business Model Innovation and Digital Transformation","T02.S01.P05","Live Online","INR","20000"
"spjain","Emerging Leaders","T01.S01.P01","Live Online","INR","20000"
"spjain","Financial Literacy for Business Leaders","T04.S01.P01","Live Online","INR","16500"
"spjain","HR Analytics","T07.S03.P01","Live Online","INR","25000"
"spjain","Impactful Sales Negotiation Strategies","T05.S04.P05","Live Online","INR","22000"
"spjain","Lean Six Sigma Green Belt Certification","T06.S01.P02","Live Online","INR","25000"
"spjain","Manufacturing Excellence – World Class Manufacturing","T06.S01.P04","Live Online","INR","25000"
"spjain","New PMP® Exam Preparatory Program","T06.S01.P05","Live Online","INR","20000"
"spjain","Strategies for Coaching and Mentoring Teams","T02.S01.P01","Live Online","INR","20000"
"spjain","Supply Chain Analytics","T06.S02.P01","Live Online","INR","18000"
"spjain","Women Leadership Program","T07.S04.P03","Live Online","INR","25000"
"spjain","Communication Excellence In Leadership","T14.S01.P03","Live Online","INR","25000"
"spjain","Emotional Intelligence and the Art of Negotiation","T05.S04.P05","Live Online","INR","25000"
"spjain","Product Excellence","T01.S01.P03","Live Online","INR","25000"
"spjain","Digital First For BFSI Leaders","T13.S01.P01","Live Online","INR","22000"
"spjain","HR as A Strategic Partner for Business Growth","T02.S01.P01","Live Online","INR","25000"
"spjain","Executive Certificate Programme in AI for Business","T03.S01.P01","Blended","INR","125000"
"spjain","Executive Certificate Programme in Fintech & Blockchain","T03.S06.P01","Live Online","INR","125000"
"stanford","The Strategic Chief Sustainability Officer Program","T01.S02.P02","Blended","USD","19500"
"stanford","Stanford Ignite – Post-9/11 Veterans","","Live Online","USD","2500"
"stanford","The Emerging COO: Driving Innovation and Operational Excellence","T06.S01.P01","Blended","USD","17500"
"stanford","Digital Transformation Playbook: Leverage Technology to Innovate Your Business","T03.S03.P01","Live Online","SGD","2625"
"stanford","Launching a Startup","T09.S02.P01","Live Online","",""
"stanford","Sustainability Strategies: Develop Initiatives to Transform Your Business","T10.S01.P01","Live Online","",""
"stanford","The Innovative Technology Leader","T09.S01.P01","Campus","USD","15000"
"stanford","Driving Innovation and New Ventures in Established Organizations","T09.S02.P01","Campus","USD","16000"
"stanford","Stanford Ignite – Full-Time","","Campus","USD","14950"
"stanford","Stanford LEAD Online Business Program","","Live Online","USD","19200"
"stanford","Stanford Executive Program","","Blended","USD","86000"
"stanford","High-Potential Women Leaders Program","T07.S04.P03","Live Online","USD","7800"
"stanford","The Emerging CFO: Strategic Financial Leadership Program","T04.S01.P03","Campus","USD","29500"
"stanford","Agile Leadership: Building Adaptability and Embracing Creativity","T01.S01.P05","Self-paced Online","USD","1500"
"stanford","Amplify Your Persuasive Impact","T14.S01.P03","Self-paced Online","USD","1500"
"stanford","Coaching Skills for Effective Leadership","T01.S03.P03","Self-paced Online","USD","1500"
"stanford","Create a Happy and Meaningful Life","","Self-paced Online","USD","1500"
"stanford","Demystify Decision Making","T03.S01.P04","Self-paced Online","USD","1500"
"stanford","Disrupt Your Business","","Self-paced Online","USD","1500"
"stanford","Leverage Diversity and Inclusion for Organizational Excellence","T07.S04.P02","Self-paced Online","USD","1500"
"stanford","Master Storytelling for Authentic Leadership","T14.S01.P02","Self-paced Online","USD","1500"
"stanford","Sharpen Your Communication Skills","T14.S01.P03","Self-paced Online","USD","1500"
"stanford","Asian Leadership Program","T01.S01.P05","Campus","USD","15000"
"stanford","Interpersonal Dynamics for High-Performance Executives","","Campus","USD","17000"
"stanford","Mergers and Acquisitions","T02.S05.P01","Campus","USD","16000"
"stanford","Executive Leadership Development","T07.S02.P05","Campus","USD","16000"
"stanford","Digital Transformation: Leading Organizational Change in the Age of AI","T03.S03.P01","Campus","USD","16000"
"stanford","Executive Program for Growing Companies","T01.S02.P02","Campus","USD","29500"
"stanford","Culture as a Competitive Advantage","T02.S01.P01","Campus","USD","9500"
"stanford","The Emerging CMO: Strategic Marketing Leadership","T05.S01.P01","Campus","USD","16000"
"stanford","Executive Program in Strategy and Organization","T02.S01.P01","Campus","USD","29500"
"stanford","People, Culture, and Performance: Strategies from Silicon Valley","T07.S04.P01","Campus","USD","16000"
"stanford","Stanford-NUS Executive Program in International Management","","Campus","USD","23990"
"stanford","Innovative Product Leadership: The Emerging Chief Product Officer","T05.S01.P05","Campus","USD","16000"
"stanford","Managing Risk and Reputation in a Complex World","T08.S02.P04","Campus","USD","15000"
"stanford","Design Thinking Bootcamp: Make Impact and Drive Growth in Your Organization","T09.S01.P02","Campus","USD","14000"
"stanford","Leading Change and Organizational Renewal","T01.S05.P01","Campus","USD","17000"
"stanford","Black Leaders Program","T01.S01.P05","Campus","USD","15000"
"stanford","Influence and Negotiation Strategies Program","T05.S04.P05","Campus","USD","15000"
"stanford","Customer-Focused Innovation","T01.S02.P02","Campus","USD","17500"
"stanford","Directors’ Consortium","T08.S01.P01","Campus","USD","16000"
"stanford","Executive Program in Leadership: The Effective Use of Power","T01.S01.P05","Campus","USD","16000"
"stanford","Finance and Accounting for the Nonfinancial Executive","T04.S01.P02","Campus","USD","15000"
"stanford","Harnessing AI for Breakthrough Innovation and Strategic Impact","T07.S03.P02","Campus","USD","16750"
"stanford","Executive Program in Women’s Leadership","T07.S04.P03","Campus","USD","16000"
"stanford","Executive Program for Nonprofit Leaders","T01.S01.P05","Campus","",""
"stanford","LGBTQ Executive Leadership Program","T01.S01.P05","Campus","USD","15000"
"stanford","Managing Teams for Innovation and Success","T09.S01.P01","Campus","USD","15000"
"stanford","The Strategic Sustainability Leader Program","T10.S01.P01","Blended","USD","19500"
"stanford","The AI-Powered Organization","T01.S02.P02","Campus","USD","17500"
"wharton","Advanced Management Program","T01.S02.P01","Campus","USD","79000"
"wharton","Owner/President/CEO Program","T01.S02.P01","Campus","USD","120000"
"wharton","CEO Academy®","T01.S02.P01","Campus","USD","20000"
"wharton","Executive Development Program","T09.S01.P01","Campus","USD","31000"
"wharton","Becoming a Leader of Leaders: Pathways for Success","T01.S01.P05","Campus","USD","15250"
"wharton","Global Strategic Leadership","T02.S01.P01","Campus","USD","10750"
"wharton","AI Strategy and Decision Making","T02.S03.P01","Campus","",""
"wharton","Leading Organizational Change","T01.S01.P05","Campus","USD","10750"
"wharton","The CFO: Becoming a Strategic Partner","T04.S01.P03","Campus","USD","15250"
"wharton","Boards That Lead: Corporate Governance That Builds Value","T08.S01.P01","Campus","USD","6900"
"wharton","Corporate Governance: Essentials for a New Business Era","T08.S01.P01","Campus","USD","10500"
"wharton","Women on Boards: Building Exceptional Leaders","T07.S04.P03","Campus","USD","9850"
"wharton","Business Essentials for Executives","T15.S01.P02","Campus","USD","13250"
"wharton","Effective Decision Making: Thinking Critically and Rationally","T14.S02.P01","Campus","USD","13250"
"wharton","High-Potential Leaders: Accelerating Your Impact","T01.S01.P05","Campus","USD","14750"
"wharton","Leading and Managing People: Strategies for a Changing Workforce","T02.S01.P01","Campus","USD","12500"
"wharton","The Neuroscience of Business: Innovations in Leadership and Strategic Decisions","T01.S02.P02","Campus","USD","12250"
"wharton","The Resilient Leader: Strategies for Leading Through Uncertainty","T01.S05.P05","Campus","USD","10750"
"wharton","Women's Executive Leadership: Business Strategies for Success","T07.S04.P03","Campus","",""
"wharton","Executive Influence: Increasing Your Impact with Persuasion and Power","T05.S01.P05","Campus","USD","13750"
"wharton","Executive Negotiation Workshop: Negotiate with Confidence","T05.S04.P05","Campus","USD","13750"
"wharton","Health Care Leadership and Management: Leading Through Change","T12.S01.P01","Campus","USD","12500"
"wharton","Wharton Nursing Leaders Program","T01.S01.P05","Campus","USD","7650"
"wharton","Wharton/ASIS Program for Security Executives: Making the Business Case for Security","T01.S01.P05","Campus","",""
"wharton","Advanced Corporate Finance","T04.S01.P03","Campus","USD","13250"
"wharton","Corporate Valuation","T02.S05.P02","Campus","USD","13250"
"wharton","Finance and Accounting for the Non-Financial Manager","T04.S01.P02","Campus","USD","13250"
"wharton","Mergers and Acquisitions","T02.S05.P01","Campus","USD","15250"
"wharton","Scaling Business for Profitable Growth","T02.S01.P04","Campus","USD","13250"
"wharton","Wharton Finance for Executives","T04.S02.P01","Campus","USD","13750"
"wharton","Assessing Commercial Real Estate Investments and Markets","T04.S02.P04","Campus","USD","10750"
"wharton","Distressed Asset Investing and Corporate Restructuring","T01.S05.P06","Campus","USD","13250"
"wharton","Fixed Income and Credit Market Investing","T04.S02.P01","Campus","USD","12875"
"wharton","Investment Strategies and Portfolio Management","T04.S02.P01","Campus","USD","13750"
"wharton","Private Equity: Investing and Creating Value","T04.S02.P02","Campus","USD","14500"
"wharton","Venture Capital","T04.S02.P02","Campus","USD","15250"
"wharton","Family Wealth Management: Advanced Financial Strategies","T04.S02.P01","Campus","USD","13250"
"wharton","Private Wealth Management","T04.S02.P01","Campus","USD","17845"
"wharton","Wharton Family Office Program: Balancing Family Harmony and Financial Prosperity","T04.S02.P01","Campus","USD","13250"
"wharton","Business Model Innovation in the Age of AI","T02.S01.P05","Campus","USD","13250"
"wharton","Effective Execution of Organizational Strategy","T02.S01.P01","Campus","USD","13250"
"wharton","Generative AI and Business Transformation","T03.S01.P02","Campus","USD","13500"
"wharton","Leading AI and Digital Transformation","T03.S03.P01","Campus","USD","13250"
"wharton","Strategy and Management for Competitive Advantage","T02.S01.P01","Campus","USD","13250"
"wharton","Analytics for Strategic Growth: AI, Smart Data, and Customer Insights","T03.S04.P01","Campus","USD","13250"
"wharton","Pricing Strategies: Measuring, Capturing, and Retaining Value","T05.S01.P04","Campus","USD","12850"
"wharton","Strategic Marketing for Competitive Advantage","T02.S01.P01","Campus","USD","12875"
"wharton","ABA Stonier Graduate School of Banking Program","T04.S03.P03","Campus","",""
"wharton","CUES CEO Institute 1: Strategic Planning Program","T01.S02.P01","Campus","",""
"wharton","International Foundation of Employee Benefit Plans: Investment Courses","T07.S01.P04","Campus","",""
"wharton","Securities Industry Institute®","T04.S02.P01","Campus","",""
"wharton","Strategies for Accountable AI","T01.S04.P04","Live Online","USD","8000"
"wharton","The Manager's Playbook: Building Trust, Accountability, and Performance","T04.S01.P01","Blended","USD","5250"
"wharton","AI in Marketing: Creating Customer Value in an AI-Driven Enterprise","T05.S03.P01","Blended","USD","9350"
"wharton","General Management Program","T15.S01.P01","Blended","USD","82500"
"wharton","Advanced Finance Program","T04.S02.P01","Blended","USD","82500"
"wharton","Asset and Portfolio Management Certificate","T04.S02.P01","Self-paced Online","USD","3300"
"wharton","Digital Leadership Certificate Program","T03.S03.P01","Self-paced Online","USD","3000"
"wharton","Digital Marketing Certificate Program","T05.S02.P01","Self-paced Online","USD","2800"
"wharton","Digital Strategy in the Era of AI Certificate","T03.S03.P01","Self-paced Online","USD","4950"
"wharton","Entrepreneurship Certificate","T09.S02.P01","Self-paced Online","USD","3850"
"wharton","Innovation Strategy and Design Thinking Certificate","T09.S01.P01","Self-paced Online","USD","3850"
"wharton","Leadership and Management Certificate Program","T01.S01.P05","Self-paced Online","USD","4400"
"wharton","AI for Business","T03.S01.P01","Self-paced Online","USD","850"
"wharton","Advancing Digital Innovation","T09.S01.P01","Self-paced Online","",""
"wharton","Asset Allocation","T04.S02.P01","Self-paced Online","",""
"wharton","Becoming Entrepreneurial: Purpose, Paths, and Inspiration","T09.S02.P01","Self-paced Online","USD","1350"
"wharton","Design Thinking for Problem Solving and Innovation","T09.S01.P02","Self-paced Online","",""
"wharton","Entrepreneurial Strategy: Acquisition, Commercialization, and Growth","T02.S05.P01","Self-paced Online","",""
"wharton","From Idea to Impact: Entrepreneurial Opportunity Identification","T09.S02.P01","Self-paced Online","",""
"wharton","From Plan to Performance: Venture Implementation","T09.S02.P01","Self-paced Online","",""
"wharton","Fundamentals of Digital Marketing, Social Media, and E-Commerce","T05.S02.P01","Self-paced Online","",""
"wharton","Fundamentals of Portfolio Management","T04.S02.P01","Self-paced Online","",""
"wharton","Innovation Tournaments and the Process View","T09.S01.P01","Self-paced Online","",""
"wharton","Introduction to Innovation: Everyone Is an Innovator","T09.S01.P01","Self-paced Online","",""
"wharton","Investment Products","T04.S02.P01","Self-paced Online","",""
"wharton","Leadership in the 21st Century","T01.S01.P05","Self-paced Online","USD","1200"
"wharton","Leadership in the Age of Digital Disruption","T03.S03.P01","Self-paced Online","",""
"wharton","Leading the Digital Organization","T03.S03.P01","Self-paced Online","",""
"wharton","Lucky by Design: How to Navigate Hidden Markets","T09.S01.P01","Self-paced Online","",""
"wharton","Managing and Motivating Talent","T07.S01.P01","Self-paced Online","",""
"wharton","Managing in the Global Digital Economy","T03.S03.P01","Self-paced Online","",""
"wharton","Managing the Global Firm","T15.S01.P01","Self-paced Online","USD","1200"
"wharton","Managing the Value of Customer Relationships","T15.S01.P01","Self-paced Online","",""
"wharton","Marketing Analytics: Data Tools and Techniques","T05.S02.P03","Self-paced Online","",""
"wharton","Navigating Digital Disruption","T03.S03.P01","Self-paced Online","",""
"wharton","Removing Barriers to Change in Organizations","T01.S01.P05","Self-paced Online","",""
"wharton","Selling Ideas: How to Influence Others, and Get Your Message to Catch On","T14.S01.P03","Self-paced Online","",""
"wharton","Strategic Management: Competitive and Corporate Strategy","T02.S01.P01","Self-paced Online","",""
"wharton","Chief Revenue Officer (CRO) Program","T05.S04.P01","Blended","USD","20200"
"wharton","Chief Human Resources Officer (CHRO) Program","T07.S01.P02","Blended","USD","19750"
"wharton","Chief Technology Officer (CTO) Program","T03.S03.P01","Blended","USD","20000"
"wharton","Chief Strategy Officer (CSO) Program","T02.S01.P02","Blended","USD","20300"
"wharton","Global C-Suite Program","T01.S02.P02","Blended","",""
"wharton","C-Suite Leaders Program","T01.S02.P02","Blended","",""
"wharton","Chief Financial Officer (CFO) Program - India","T04.S01.P03","Blended","INR","915000"
"wharton","Leadership Program in AI and Analytics","T01.S02.P02","Self-paced Online","USD","16500"
"wharton","Senior Management Program","T01.S02.P02","Self-paced Online","",""
"wharton","Emerging Chief Product Officer Program","T05.S01.P05","Self-paced Online","",""
"wharton","Emerging COO Program","T06.S01.P01","Self-paced Online","",""
"wharton","Emerging CFO Program","T04.S01.P03","Self-paced Online","",""
"wharton","Leading a Technology-Driven Organization","T03.S03.P01","Self-paced Online","",""
"wharton","Future of Work: Leading Modern Workplaces","T01.S01.P05","Self-paced Online","",""
"wharton","Executive Presence and Influence: Persuasive Leadership Development","T07.S02.P05","Self-paced Online","",""
"wharton","Strategic Operations Management Program","T06.S01.P01","Self-paced Online","",""
"wharton","Global Supply Chain Management Program","T06.S02.P01","Self-paced Online","",""
"wharton","HR Management and Analytics","T03.S04.P01","Self-paced Online","",""
"wharton","Corporate Governance: Maximize Your Effectiveness in the Boardroom","T08.S01.P01","Self-paced Online","",""
"wharton","Product Management and Strategy","T05.S01.P05","Self-paced Online","",""
"wharton","Technology Acceleration Program","T03.S03.P01","Self-paced Online","",""
"wharton","Business Analytics: From Data to Insights","T03.S04.P01","Self-paced Online","USD","2536"
"wharton","M&A and Corporate Development Strategies","T02.S05.P01","Self-paced Online","",""
"wharton","Management Development Program","T15.S01.P01","Self-paced Online","",""
"wharton","High-Impact Leadership Communication","T14.S01.P03","Self-paced Online","",""
"wharton","Leading and Managing High-Impact Teams","T01.S01.P05","Self-paced Online","",""
"wharton","Understanding the Brain: Using Neuroscience to Deliver Better Business Results","T14.S02.P01","Self-paced Online","",""
"wharton","Revenue Analytics: Price Optimization","T03.S04.P01","Self-paced Online","",""
"wharton","Driving Strategic Innovation: Leading Complex Initiatives for Impact","T09.S01.P01","Self-paced Online","",""
"wharton","Behavioral Economics: Consumer Choice and Decision Making","T14.S02.P01","Self-paced Online","",""
"wharton","Business Acumen for Executives","T15.S01.P02","Self-paced Online","",""
"wharton","Mastering Talent Management: Hiring, Engaging, and Rewarding A+ Talent","T07.S01.P04","Self-paced Online","",""
"wharton","Marketing Analytics","T05.S02.P03","Self-paced Online","",""
"wharton","Product Strategy and Revenue Management","T05.S01.P04","Self-paced Online","",""
"wharton","Board Readiness Program","T08.S01.P01","Self-paced Online","",""
"wharton","Leadership Program in Operations and Supply Chain Strategy","T06.S02.P01","Self-paced Online","",""
"wharton","High-Impact Communication and Influence","T14.S01.P03","Self-paced Online","",""
"wharton","Executive Presence and Management Development Program","T14.S01.P01","Self-paced Online","",""
"wharton","Mastering Executive Influence: Neuroscience-Driven Leadership Strategies","T14.S02.P01","Self-paced Online","",""
"wharton","Applied Value Investing Certificate Program","T04.S02.P01","Self-paced Online","",""
"wharton","Financial Planning & Analysis (FP&A) Certificate Program","T04.S01.P06","Self-paced Online","",""
"wharton","Private Equity Certificate Program","T04.S02.P02","Self-paced Online","",""
"wharton","Real Estate Investing & Analysis Certificate Program","T04.S02.P04","Self-paced Online","",""
"wharton","Restructuring and Distressed Investing Certificate","T01.S05.P06","Self-paced Online","",""
"wharton","Leadership and Management Certificate Program & Courses","T01.S01.P05","Self-paced Online","USD","4400"
"wharton","People Management for Emerging Leaders","T01.S01.P01","Campus","USD","5500"
"wharton","Wharton ESG Essentials","T10.S01.P01","Campus","USD","4500"
"wharton","Wharton ESG Executive Certificate for Senior Leaders","T10.S01.P01","Campus","USD","7000"
"wharton","Entrepreneurship Acceleration Program","T09.S02.P01","Campus","",""
"wharton","HR Management and Analytics: Unlock the Value of Human Capital","T03.S04.P01","Campus","USD","2576"
"wharton","Managing Strategic Partnerships and Ecosystems","T02.S01.P06","Live Online","",""
"wharton","Net-Zero Transformation","T10.S01.P02","Live Online","",""
"wharton","Hedge-Fund Shareholder Activism","T01.S02.P02","Campus","USD","10500"
