"signal_id","topic_id","skill","source","url","pub","geo","stype","metric","direction","horizon","seniority","grade","note","batch"
"S001","T03.S04.P01","AI and big data","WEF Future of Jobs Report 2025","https://www.weforum.org/publications/the-future-of-jobs-report-2025/digest/","2025-01","Global","employer survey","Ranked #1 fastest-growing skill 2025-2030","rising","now","All","unknown","Top of fastest-growing list; followed by networks & cybersecurity and technological literacy","wave1"
"S002","T03.S05.P01","Networks and cybersecurity","WEF Future of Jobs Report 2025","https://www.weforum.org/publications/the-future-of-jobs-report-2025/digest/","2025-01","Global","employer survey","Ranked #2 fastest-growing skill 2025-2030","rising","now","All","unknown","","wave1"
"S003","T03.S01.P04","Technological literacy","WEF Future of Jobs Report 2025","https://www.weforum.org/publications/the-future-of-jobs-report-2025/digest/","2025-01","Global","employer survey","Ranked #3 fastest-growing skill 2025-2030","rising","now","All","unknown","","wave1"
"S004","T14.S02.P02","Creative thinking","WEF Future of Jobs Report 2025","https://www.weforum.org/publications/the-future-of-jobs-report-2025/digest/","2025-01","Global","employer survey","In top-10 fastest-growing skills (#4)","rising","now","All","unknown","","wave1"
"S005","T01.S05.P03","Resilience, flexibility and agility","WEF Future of Jobs Report 2025","https://www.weforum.org/publications/the-future-of-jobs-report-2025/digest/","2025-01","Global","employer survey","In top-10 fastest-growing skills; also #2 core skill 2025","rising","now","All","unknown","","wave1"
"S006","T07.S02.P03","Curiosity and lifelong learning","WEF Future of Jobs Report 2025","https://www.weforum.org/publications/the-future-of-jobs-report-2025/digest/","2025-01","Global","employer survey","In top-10 fastest-growing skills","rising","now","All","unknown","","wave1"
"S007","T10.S01.P01","Environmental stewardship","WEF Future of Jobs Report 2025","https://www.weforum.org/publications/the-future-of-jobs-report-2025/digest/","2025-01","Global","employer survey","Newly entered top-10 fastest-growing skills","rising","now","All","unknown","Only sustainability skill in top 10","wave1"
"S008","T07.S02.P05","Talent management","WEF Future of Jobs Report 2025","https://www.weforum.org/publications/the-future-of-jobs-report-2025/digest/","2025-01","Global","employer survey","In top-10 fastest-growing skills","rising","now","Senior","unknown","Interpretation: people-leadership skill directly relevant to managers","wave1"
"S009","T01.S01.P05","Leadership and social influence","WEF Future of Jobs Report 2025","https://www.weforum.org/publications/the-future-of-jobs-report-2025/digest/","2025-01","Global","employer survey","Among top core skills 2025 (after analytical thinking, resilience); listed among top-10 skills workers will need","rising","now","Senior","unknown","","wave1"
"S010","T14.S02.P02","Analytical thinking","WEF Future of Jobs Report 2025","https://www.weforum.org/publications/the-future-of-jobs-report-2025/digest/","2025-01","Global","employer survey","Seven out of 10 companies consider it essential in 2025 (#1 core skill)","stable","now","All","unknown","Core, not fastest-growing","wave1"
"S011","T07.S02.P04","Skills disruption (overall)","WEF Future of Jobs Report 2025","https://www.weforum.org/publications/the-future-of-jobs-report-2025/digest/","2025-01","Global","employer survey","39% of existing skill sets transformed or outdated 2025-2030 (down from 44% in 2023)","stable","now","All","unknown","Disruption rate easing vs 2023","wave1"
"S012","T07.S02.P04","Upskilling as workforce strategy","WEF Future of Jobs Report 2025","https://www.weforum.org/publications/the-future-of-jobs-report-2025/digest/","2025-01","Global","employer survey","85% of employers plan to prioritise upskilling; 59 in 100 workers need training by 2030","rising","now","All","unknown","","wave1"
"S013","T02.S03.P01","Business re-orientation to AI (AI strategy)","WEF Future of Jobs Report 2025","https://www.weforum.org/publications/the-future-of-jobs-report-2025/digest/","2025-01","Global","employer survey","50% plan to re-orient business in response to AI; two-thirds plan to hire talent with specific AI skills; 40% anticipate reducing workforce where AI can automate","rising","now","Senior","unknown","Interpretation: drives demand for AI strategy & org redesign at exec level","wave1"
"S014","T13.S01.P05","Manual dexterity, endurance and precision","WEF Future of Jobs Report 2025","https://www.weforum.org/publications/the-future-of-jobs-report-2025/digest/","2025-01","Global","employer survey","24% of respondents foresee decrease in importance","declining","now","Unknown","unknown","Declining skill (not managerial)","wave1"
"S015","T03.S04.P01","AI and big data","WEF Future of Jobs 2025 - India economy profile","https://widgets.weforum.org/future-of-jobs-2025/pdf/IND.pdf","2025-01","India","employer survey","94% (skills on the rise to 2030, India) - steepest increase; technological literacy 74%; creative thinking 71%","rising","now","All","unknown","Profile % as reported in economy profile","wave1"
"S016","T07.S02.P01","Upskilling workforce to work alongside AI","WEF Future of Jobs 2025 - India economy profile","https://widgets.weforum.org/future-of-jobs-2025/pdf/IND.pdf","2025-01","India","employer survey","72% upskilling existing workforce for AI collaboration; 66% hiring specialists to design AI tools","rising","now","All","unknown","","wave1"
"S017","T01.S05.P01","Skills gaps as barrier to transformation","WEF Future of Jobs 2025 - India economy profile","https://widgets.weforum.org/future-of-jobs-2025/pdf/IND.pdf","2025-01","India","employer survey","Skills gaps 65% (primary barrier); organisational culture resistance 47%","rising","now","Senior","unknown","Interpretation: culture/change leadership is #2 barrier in India","wave1"
"S018","T02.S04.P01","Geopolitical division/conflicts (as transformation driver)","WEF Future of Jobs 2025 - India economy profile","https://widgets.weforum.org/future-of-jobs-2025/pdf/IND.pdf","2025-01","India","employer survey","55% of India employers cite geopolitical division; carbon reduction investments 53%","rising","now","Senior","unknown","Supports geopolitics & sustainability strategy topics","wave1"
"S019","T07.S02.P04","Skills disruption (India)","WEF Future of Jobs 2025 - India economy profile","https://widgets.weforum.org/future-of-jobs-2025/pdf/IND.pdf","2025-01","India","employer survey","95% of core skills will experience meaningful change vs 83% global (profile metric)","rising","now","All","unknown","Different metric from 39% headline","wave1"
"S020","T07.S02.P01","Skills-based hiring / diverse talent pools","WEF - future of jobs in India (story)","https://www.weforum.org/stories/all/the-future-of-jobs-in-india-employers-seek-to-boost-tech-talent-to-drive-ai-and-digital-technology-growth/","2025-04-17","India","employer survey","~30% of Indian companies plan skills-based hiring (vs 19% global); 67% expect to tap diverse talent pools (vs 47%)","rising","now","Senior","unknown","Talent strategy topic for HR leaders","wave1"
"S021","T14.S02.P05","Workforce training need","WEF - future of jobs in India (story)","https://www.weforum.org/stories/all/the-future-of-jobs-in-india-employers-seek-to-boost-tech-talent-to-drive-ai-and-digital-technology-growth/","2025-04-17","India","employer survey","63 in every 100 Indian workers will require training by 2030","rising","now","All","unknown","","wave1"
"S022","T03.S04.P01","AI and big data; networks and cybersecurity","WEF Future of Jobs 2025 - US economy profile","https://widgets.weforum.org/future-of-jobs-2025/pdf/USA.pdf","2025-01","US","employer survey","AI & big data 90%; networks & cybersecurity 71%; technological literacy 69% (skills on the rise)","rising","now","All","unknown","","wave1"
"S023","T03.S01.P02","AI and information processing as transformation driver","WEF Future of Jobs 2025 - US economy profile","https://widgets.weforum.org/future-of-jobs-2025/pdf/USA.pdf","2025-01","US","employer survey","94% of US employers; 73% plan reskilling/upskilling existing workforce","rising","now","All","unknown","","wave1"
"S024","T01.S01.P05","Leadership and social influence (core skill)","WEF Future of Jobs 2025 - UK economy profile","https://widgets.weforum.org/future-of-jobs-2025/pdf/GBR.pdf","2025-01","Europe","employer survey","65% (core skills 2025, UK) after analytical thinking 80% and resilience 73%","stable","now","Senior","unknown","","wave1"
"S025","T01.S04.P03","Reskilling to work alongside AI","WEF Future of Jobs 2025 - UK economy profile","https://widgets.weforum.org/future-of-jobs-2025/pdf/GBR.pdf","2025-01","Europe","employer survey","90% of UK employers plan reskilling/upskilling to work alongside AI; 74% hiring people to design AI tools","rising","now","All","unknown","","wave1"
"S026","T07.S02.P03","AI and big data; curiosity and lifelong learning","WEF Future of Jobs 2025 - Germany economy profile","https://widgets.weforum.org/future-of-jobs-2025/pdf/DEU.pdf","2025-01","Europe","employer survey","AI & big data 90%; resilience 68%; curiosity & lifelong learning 67%; cybersecurity 67%","rising","now","All","unknown","","wave1"
"S027","T01.S04.P03","Reskilling to work alongside AI","WEF Future of Jobs 2025 - Germany economy profile","https://widgets.weforum.org/future-of-jobs-2025/pdf/DEU.pdf","2025-01","Europe","employer survey","84% plan reskilling/upskilling existing workforce to work alongside AI; AI identified by 93% as transformation trend","rising","now","All","unknown","","wave1"
"S028","T03.S04.P01","AI and big data","WEF Future of Jobs 2025 - France economy profile","https://widgets.weforum.org/future-of-jobs-2025/pdf/FRA.pdf","2025-01","Europe","employer survey","92% (skills on the rise, France); 82% plan reskilling/upskilling for AI","rising","now","All","unknown","","wave1"
"S029","T01.S04.P05","AI-driven job displacement / scenario planning","WEF Four Futures for Jobs (AI and Talent in 2030)","https://www.weforum.org/stories/2026/01/four-ways-ai-impact-job-markets/","2026-01-07","Global","employer survey","Over half of executives expect AI to displace existing jobs; 24% believe AI will create new jobs; >2/3 of CSOs expect AI commercialisation to shape strategy","rising","now","Senior","unknown","Four scenarios (Supercharged Progress, Age of Displacement, Co-Pilot Economy, Stalled Progress) - scenario planning content","wave1"
"S030","T14.S01.P05","People skills: cross-functional collaboration, team management, mentorship, executive & stakeholder communication","LinkedIn Skills on the Rise 2026 (global)","https://news.linkedin.com/2026/Skills-on-the-rise-2026","2026-02-24","Global","learner platform","Identified as global fastest-growing cluster (skill acquisition + hiring success, Dec24-Nov25 vs prior year)","rising","now","Senior","unknown","","wave1"
"S031","T03.S01.P02","AI business strategy; prompt engineering; LLMs","LinkedIn Skills on the Rise 2026 (global)","https://news.linkedin.com/2026/Skills-on-the-rise-2026","2026-02-24","Global","learner platform","Global AI skill cluster in 2026 list","rising","now","All","unknown","","wave1"
"S032","T08.S02.P03","Governance, risk management and compliance","LinkedIn Skills on the Rise 2026 (global)","https://news.linkedin.com/2026/Skills-on-the-rise-2026","2026-02-24","Global","learner platform","Global 'Risk & Compliance' cluster in 2026 list","rising","now","Senior","unknown","","wave1"
"S033","T05.S04.P04","Go-to-market strategy; business development","LinkedIn Skills on the Rise 2026 (global)","https://news.linkedin.com/2026/Skills-on-the-rise-2026","2026-02-24","Global","learner platform","Global 'Business Growth' cluster in 2026 list","rising","now","Mid","unknown","","wave1"
"S034","T03.S01.P02","AI & automation (prompt engineering, workflow automation, LLMOps, AutoML, API integration)","LinkedIn Skills on the Rise 2026 - India","https://www.storyboard18.com/brand-makers/linkedins-skills-on-the-rise-2026-identifies-top-skill-stacks-reshaping-indias-workforce-90556.htm","2026-02-24","India","learner platform","#1 of five fastest-growing skill stacks in India","rising","now","Mid","unknown","","wave1"
"S035","T03.S04.P01","Data & analytics","LinkedIn Skills on the Rise 2026 - India","https://www.storyboard18.com/brand-makers/linkedins-skills-on-the-rise-2026-identifies-top-skill-stacks-reshaping-indias-workforce-90556.htm","2026-02-24","India","learner platform","#2 skill stack India","rising","now","Mid","unknown","","wave1"
"S036","T02.S01.P04","Business & growth","LinkedIn Skills on the Rise 2026 - India","https://www.storyboard18.com/brand-makers/linkedins-skills-on-the-rise-2026-identifies-top-skill-stacks-reshaping-indias-workforce-90556.htm","2026-02-24","India","learner platform","#4 skill stack India","rising","now","Mid","unknown","","wave1"
"S037","T01.S01.P05","People & leadership","LinkedIn Skills on the Rise 2026 - India","https://www.storyboard18.com/brand-makers/linkedins-skills-on-the-rise-2026-identifies-top-skill-stacks-reshaping-indias-workforce-90556.htm","2026-02-24","India","learner platform","#5 skill stack India; 74% of Indian recruiters report difficulty finding qualified talent; 38% of Indian job seekers feel unprepared for tech change","rising","now","Senior","unknown","","wave1"
"S038","T14.S01.P02","Data strategy & workflow optimisation (data-driven decision making, data storytelling, process automation)","LinkedIn Skills on the Rise 2026 - UK","https://www.forbes.com/sites/alyssajaffer/2026/02/28/the-5-fastest-growing-skills-in-the-uk-according-to-linkedin/","2026-02-28","Europe","learner platform","#2 fastest-growing UK skill cluster","rising","now","Mid","unknown","","wave1"
"S039","T01.S05.P03","Operations & risk resilience (GRC, cyber risk management, ethical decision making, statutory reporting)","LinkedIn Skills on the Rise 2026 - UK","https://www.forbes.com/sites/alyssajaffer/2026/02/28/the-5-fastest-growing-skills-in-the-uk-according-to-linkedin/","2026-02-28","Europe","learner platform","#3 fastest-growing UK skill cluster","rising","now","Senior","unknown","","wave1"
"S040","T01.S01.P05","Leadership, culture & communication (cross-functional collaboration, DEIB, cross-cultural communication)","LinkedIn Skills on the Rise 2026 - UK","https://www.forbes.com/sites/alyssajaffer/2026/02/28/the-5-fastest-growing-skills-in-the-uk-according-to-linkedin/","2026-02-28","Europe","learner platform","#4 fastest-growing UK skill cluster","rising","now","Senior","unknown","","wave1"
"S041","T02.S01.P04","Commercial intelligence (strategic planning, technology roadmapping, revenue growth strategy)","LinkedIn Skills on the Rise 2026 - UK","https://www.forbes.com/sites/alyssajaffer/2026/02/28/the-5-fastest-growing-skills-in-the-uk-according-to-linkedin/","2026-02-28","Europe","learner platform","#5 fastest-growing UK skill cluster","rising","now","Senior","unknown","","wave1"
"S042","T03.S01.P02","AI engineering & implementation; prompt engineering; model tuning","LinkedIn Skills on the Rise 2026 - US","https://www.interviewquery.com/p/linkedin-ai-engineering-fastest-growing-skills-2026","2026-02-24","US","learner platform","#1 US cluster; source notes AI technical skills surging ahead of 'AI business strategy'","rising","now","Mid","unknown","Contradiction flag: technical AI > AI strategy in US list","wave1"
"S043","T01.S05.P01","Stakeholder management; strategic business transformation","LinkedIn Skills on the Rise 2026 (secondary summary)","https://www.edtechinnovationhub.com/news/linkedins-2026-skills-on-the-rise-shows-global-ai-driving-hiring-shifts","2026-02","US","learner platform","Canada list emphasises stakeholder management; Singapore 'Strategic Business and Transformation'","rising","now","Senior","unknown","Non-core geography; directional","wave1"
"S044","T01.S04.P03","AI literacy","LinkedIn Skills on the Rise 2025","https://www.fastcompany.com/91302047/linkedin-fastest-growing-skills-2025-ai-literacy-conflict-mitigation","2025-03-20","US","learner platform","#1 of 15 fastest-growing skills 2025","rising","now","All","unknown","","wave1"
"S045","T14.S02.P06","Conflict mitigation; adaptability","LinkedIn Skills on the Rise 2025","https://www.fastcompany.com/91302047/linkedin-fastest-growing-skills-2025-ai-literacy-conflict-mitigation","2025-03-20","US","learner platform","#2 and #3 of 15","rising","now","Mid","unknown","","wave1"
"S046","T06.S01.P01","Process optimisation; innovative thinking","LinkedIn Skills on the Rise 2025","https://www.fastcompany.com/91302047/linkedin-fastest-growing-skills-2025-ai-literacy-conflict-mitigation","2025-03-20","US","learner platform","#4 and #5 of 15","rising","now","Mid","unknown","","wave1"
"S047","T04.S01.P06","Stakeholder management; budget & resource management","LinkedIn Skills on the Rise 2025","https://www.fastcompany.com/91302047/linkedin-fastest-growing-skills-2025-ai-literacy-conflict-mitigation","2025-03-20","US","learner platform","#9 and #11 of 15","rising","now","Senior","unknown","","wave1"
"S048","T05.S04.P04","Go-to-market strategy; growth strategy","LinkedIn Skills on the Rise 2025","https://www.fastcompany.com/91302047/linkedin-fastest-growing-skills-2025-ai-literacy-conflict-mitigation","2025-03-20","US","learner platform","#12 and #14 of 15","rising","now","Senior","unknown","","wave1"
"S049","T08.S02.P03","Regulatory compliance; risk assessment","LinkedIn Skills on the Rise 2025","https://www.fastcompany.com/91302047/linkedin-fastest-growing-skills-2025-ai-literacy-conflict-mitigation","2025-03-20","US","learner platform","#13 and #15 of 15","rising","now","Senior","unknown","","wave1"
"S050","T07.S02.P05","Leadership training (as career development practice)","LinkedIn Workplace Learning Report 2025","https://learning.linkedin.com/content/dam/me/learning/en-us/images/lls-workplace-learning-report/2025/full-page/pdfs/LinkedIn-Workplace-Learning-Report-2025.pdf","2025-02-25","Global","buyer survey","71% of organisations use leadership training - #1 career development practice","stable","now","Senior","unknown","","wave1"
"S051","T07.S02.P03","Skills to execute business strategy","LinkedIn Workplace Learning Report 2025","https://learning.linkedin.com/content/dam/me/learning/en-us/images/lls-workplace-learning-report/2025/full-page/pdfs/LinkedIn-Workplace-Learning-Report-2025.pdf","2025-02-25","Global","buyer survey","49% of L&D pros: executives concerned employees lack skills to execute strategy","rising","now","All","unknown","","wave1"
"S052","T02.S02.P03","Business strategy; strategic planning; operations management","LinkedIn Workplace Learning Report 2025","https://learning.linkedin.com/content/dam/me/learning/en-us/images/lls-workplace-learning-report/2025/full-page/pdfs/LinkedIn-Workplace-Learning-Report-2025.pdf","2025-02-25","Global","buyer survey","Top skills lost to attrition: business strategy, strategic planning, sales mgmt, project planning, operations mgmt","rising","now","Senior","unknown","Interpretation: strategy skills are scarce/leaking - exec ed opportunity","wave1"
"S053","T01.S04.P02","Manager as coach / career conversations","LinkedIn Workplace Learning Report 2025","https://learning.linkedin.com/content/dam/me/learning/en-us/images/lls-workplace-learning-report/2025/full-page/pdfs/LinkedIn-Workplace-Learning-Report-2025.pdf","2025-02-25","Global","buyer survey","Only 15% of employees say manager helped build a career plan in past 6 months (-5pp vs 2024)","declining","now","Mid","unknown","Declining manager behaviour = training need","wave1"
"S054","T07.S02.P03","Human (soft) skills","LinkedIn Workplace Learning Report 2025","https://learning.linkedin.com/content/dam/me/learning/en-us/images/lls-workplace-learning-report/2025/full-page/pdfs/LinkedIn-Workplace-Learning-Report-2025.pdf","2025-02-25","Global","buyer survey","91% of L&D pros say human skills increasingly important; 71% of L&D pros exploring/integrating AI","rising","now","All","unknown","","wave1"
"S055","T01.S04.P03","AI literacy (in job requirements)","LinkedIn Economic Graph Labor Market Report","https://delivery-p143253-e1476319.adobeaemcloud.com/adobe/assets/urn:aaid:aem:cef0613f-8120-4328-a651-eea88832fcf0/original/as/linkedIn-labor-market-report-building-a-future-of-work-that-works-jan-2026.pdf","2026-01","US","job postings","Jobs requiring AI literacy grew 70% year-over-year (US)","rising","now","All","unknown","","wave1"
"S056","T07.S02.P01","AI talent pipeline via skills-based hiring","LinkedIn Economic Graph Labor Market Report","https://delivery-p143253-e1476319.adobeaemcloud.com/adobe/assets/urn:aaid:aem:cef0613f-8120-4328-a651-eea88832fcf0/original/as/linkedIn-labor-market-report-building-a-future-of-work-that-works-jan-2026.pdf","2026-01","Global","job postings","Companies can grow AI talent pipeline 8.2x globally by focusing on skills over degrees; India hiring +40% vs pre-pandemic; US -23%; UK -25%","rising","now","Senior","unknown","Hiring context: India market growing, US/UK contracting","wave1"
"S057","T01.S01.P02","Head of AI / Director of AI roles","LinkedIn/WEF - AI added 1.3m jobs","https://www.weforum.org/stories/jobs-and-the-future-of-work/ai-has-already-added-1-3-million-new-jobs-according-to-linkedin-data/","2026-01-15","Global","job postings","AI created 1.3 million new roles over two years incl. Head of AI, Directors of AI, AI engineers, forward-deployed engineers","rising","now","Senior","unknown","","wave1"
"S058","T01.S04.P05","AI consultants & strategists","LinkedIn Jobs on the Rise 2026 - US","https://www.hrfuture.net/employee-lifecycle/recruitment-hiring/linkedin-reveals-25-fastest-growing-jobs-for-2026/","2026-01-08","US","job postings","#2 fastest-growing US job (after AI engineers)","rising","now","Senior","unknown","","wave1"
"S059","T09.S02.P01","Strategic advisors & independent consultants; founders; venture partners","LinkedIn Jobs on the Rise 2026 - US","https://www.hrfuture.net/employee-lifecycle/recruitment-hiring/linkedin-reveals-25-fastest-growing-jobs-for-2026/","2026-01-08","US","job postings","#7, #9, #12 fastest-growing US jobs","rising","now","Senior","unknown","Interpretation: portfolio/independent senior careers - entrepreneurship & advisory content","wave1"
"S060","T03.S01.P02","Prompt engineer; AI engineer","LinkedIn Jobs on the Rise 2026 - India","https://news.careers360.com/ai-reshapes-hiring-84-indian-professionals-feel-unprepared-in-2026-top-hiring-job-roles-linkedin-survey","2026-01-08","India","job postings","Top of India list; also growth in consulting, cybersecurity, advisory, renewable energy","rising","now","Mid","unknown","","wave1"
"S061","T10.S01.P01","Green / sustainability skills","LinkedIn Global Green Skills Report 2025","https://www.esgtoday.com/hiring-rate-for-workers-with-green-skills-dramatically-outpaces-broader-market-as-demand-outpaces-supply-linkedin-survey/","2025-12-08","Global","job postings","Green hiring +7.7% vs green skills supply +4.3% (2024-25); green-skilled workers 46.6% higher hiring rate; 53% of green-skilled hires in non-green titles","rising","now","All","unknown","Demand > supply","wave1"
"S062","T07.S02.P01","Green skills hiring (UK, Germany, France)","LinkedIn Global Green Skills Report 2025","https://www.esgtoday.com/hiring-rate-for-workers-with-green-skills-dramatically-outpaces-broader-market-as-demand-outpaces-supply-linkedin-survey/","2025-12-08","Europe","job postings","Green hiring growth 2024-25: US 8.9%, UK 7.8%, Germany 5.4%, France 4.9%","rising","now","All","unknown","","wave1"
"S063","T07.S03.P02","AI skill penetration","Stanford AI Index 2024 (LinkedIn data) via IndiaAI","https://indiaai.gov.in/news/india-tops-global-ai-skill-penetration-and-talent-concentration-rates","2024","India","job postings","India AI skill penetration 2.8 (highest with US, Germany); India AI talent concentration growth 263% (2016-2023)","rising","now","All","unknown","Older data; context","wave1"
"S064","T01.S04.P05","AI skills (salary premium)","Lightcast - Beyond the Buzz","https://lightcast.io/resources/blog/beyond-the-buzz-press-release-2025-07-23","2025-07-23","US","job postings","Jobs requiring AI skills pay 28% more (~$18,000/yr); 51% of postings requiring AI skills are outside IT/CS","rising","now","All","unknown","","wave1"
"S065","T03.S01.P02","Generative AI in non-tech roles","Lightcast - Beyond the Buzz","https://lightcast.io/resources/blog/beyond-the-buzz-press-release-2025-07-23","2025-07-23","US","job postings","800% growth in GenAI roles across non-tech industries since 2022","rising","now","All","unknown","","wave1"
"S066","T03.S01.P02","Generative AI (in postings)","Lightcast - Skills change US","https://lightcast.io/resources/blog/skills-change-us-press-release","2025-01-22","US","job postings","GenAI job postings up 15,625% over three years; 32% of skills for average job different in 2024 vs 2021","rising","now","All","unknown","","wave1"
"S067","T03.S05.P01","Green technology / sustainability; cybersecurity","Lightcast - Skills change US","https://lightcast.io/resources/blog/skills-change-us-press-release","2025-01-22","US","job postings","Named as the other two primary drivers of skills change alongside GenAI","rising","now","All","unknown","","wave1"
"S068","T01.S04.P02","AI skills for general & operations managers","Lightcast Global AI Skills Outlook","https://siteselection.com/lightcast-global-ai-skills-outlook-workers-on-the-move/","2024-08","US","job postings","General and Operations Manager with AI skills: $73,258 more (US, 2023)","rising","now","Senior","unknown","Direct manager-level AI premium; 2023 data","wave1"
"S069","T03.S01.P02","GenAI skills in non-IT roles incl. product managers, enterprise architects","Lightcast - GenAI job market 2025","https://lightcast.io/resources/blog/the-generative-ai-job-market-2025-data-insights","2025-08-07","US","job postings","GenAI postings from 55 (Jan 2021) to nearly 10,000 (May 2025); GenAI skills in non-IT roles up 9x 2022-24; MBAs/PMP listed as complementary","rising","now","Mid","unknown","","wave1"
"S070","T03.S03.P05","Entry-level task automation (expertise upheaval)","Burning Glass Institute - No Country for Young Grads","https://www.burningglassinstitute.org/research/no-country-for-young-grads","2025","US","job postings","AI-powered 'Expertise Upheaval' eliminating many junior tasks; young grads' prospects deteriorating while rest of economy robust","declining","now","Unknown","unknown","Interpretation: shifts burden of developing juniors to managers; talent pipeline redesign topic","wave1"
"S071","T03.S01.P01","AI/ML roles (incl. premium 50+ LPA)","Naukri JobSpeak Mar 2026","https://www.naukri.com/blog/naukri-jobspeak-march-26-records-a-9-rise-in-white-collar-hiring-as-fy26-closes-at-8-the-strongest-job-growth-in-three-years/","2026-04-07","India","job postings","AI/ML +45% for FY26; premium 50+ LPA AI roles +55%; overall white-collar +8% FY26","rising","now","Senior","unknown","","wave1"
"S072","T07.S02.P01","AI/ML hiring at Indian MNCs vs foreign MNCs","Naukri JobSpeak Feb 2026","https://www.naukri.com/blog/naukri-jobspeak-it-hiring-shows-meaningful-recovery-and-ai-momentum-continues-white-collar-market-posts-12-yoy-growth-in-february-2026/","2026-03-03","India","job postings","AI/ML +49% YoY; Indian MNCs +82% vs foreign +43%; insurance 13-16 yr band +50%","rising","now","Senior","unknown","","wave1"
"S073","T07.S03.P02","Senior AI/ML talent","Naukri JobSpeak May 2026","https://www.naukri.com/blog/naukri-jobspeak-may-2026-white-collar-hiring-remains-stable-in-may-ai-ml-roles-and-insurance-sector-continue-to-lead/","2026-06-05","India","job postings","AI/ML +22% YoY; 13-16 yrs exp +32%; 16+ yrs +28%; AI/ML roles above Rs30 LPA +27%","rising","now","Senior","unknown","","wave1"
"S074","T07.S02.P01","GCC hiring (metros)","Naukri JobSpeak May 2026","https://www.naukri.com/blog/naukri-jobspeak-may-2026-white-collar-hiring-remains-stable-in-may-ai-ml-roles-and-insurance-sector-continue-to-lead/","2026-06-05","India","job postings","GCC +8% across leading metros (Chennai +25%, Hyderabad +20%, Pune +16%); Banking -15%","rising","now","All","unknown","","wave1"
"S075","T06.S01.P04","Healthcare & life sciences; manufacturing hiring","Naukri JobSpeak Jun 2026","https://www.naukri.com/blog/naukri-jobspeak-white-collar-hiring-grows-6-in-june-2026-ai-ml-and-fresher-hiring-lead-the-charge/","2026-07-03","India","job postings","Healthcare & LS +22%; manufacturing/production +14%; insurance +16%; banking -12%; GCC national -1%","rising","now","All","unknown","Sector signal for healthcare/manufacturing mgmt programmes","wave1"
"S076","T07.S02.P01","Senior hiring (13-16 yrs, 16+ yrs)","Naukri JobSpeak Jun 2026","https://www.naukri.com/blog/naukri-jobspeak-white-collar-hiring-grows-6-in-june-2026-ai-ml-and-fresher-hiring-lead-the-charge/","2026-07-03","India","job postings","13-16 yrs +12% YoY; 16+ yrs +9% YoY","rising","now","Senior","unknown","","wave1"
"S077","T03.S01.P01","AI/ML roles","Naukri JobSpeak Jul 2026","https://www.angelone.in/news/stocks/info-edge-s-naukri-jobspeak-report-white-collar-hiring-up-5-in-july-2026-ai-ml-roles-lead-growth","2026-08-05","India","job postings","AI/ML fastest-growing +33% YoY; overall +5%; 13-15 yrs +8%","rising","now","Senior","unknown","","wave1"
"S078","T07.S02.P01","Senior hiring (15+ yrs)","foundit Insights Tracker Aug 2026","https://www.foundit.in/career-advice/foundit-insights-tracker-august-2026/","2026-09-04","India","job postings","Overall -10% YoY; 15+ years -11% YoY; BFSI -3%; manufacturing -3%; healthcare & pharma +16%","declining","now","Senior","unknown","Contradicts Naukri senior growth","wave1"
"S079","T01.S01.P05","GCC leadership (scale of GCC ecosystem)","Zinnov-nasscom India GCC Landscape FY2026","https://zinnov.com/centers-of-excellence/zinnov-nasscom-india-gcc-landscape-2026-report/","2026","India","employer survey","2,117 GCCs, 2.36Mn talent, $98.4Bn revenue; 5% at 'Transformation Hub' tier; 583 mid-market GCCs","rising","now","Senior","unknown","Interpretation: maturity climb from Satellite (43%) to Hub drives demand for GCC leadership capability","wave1"
"S080","T01.S01.P05","Head of GCC / senior GCC leadership","Business Today - GCC senior returnees","https://www.businesstoday.in/technology/news/story/indias-gcc-boom-brings-senior-indian-executives-back-from-the-us-543320-2026-07-17","2026-07-17","India","job postings","~7,000 mid/senior professionals joined top 125 GCCs; senior (10+ yr) returnees from US rose from 350 (2023) to 2,400 (2025); >2,000 GCCs projected 3,000 by 2030","rising","now","Senior","unknown","","wave1"
"S081","T13.S02.P03","GCC global mandates (end-to-end ownership)","The Scalers - GCC Week India 2025","https://thescalers.com/future-of-gcc-in-india/","2025-09-17","India","expert/HBR","Tesco: 80% of global finance run from Bangalore; projection of 2,400 GCCs / 4 million people / $130B by 2030","rising","now","Senior","unknown","Projection differs from BT (3,000 by 2030)","wave1"
"S082","T03.S02.P01","AI governance","Quess Corp - GenAI skills gap","https://www.business-standard.com/amp/technology/artificial-intelligence/india-s-genai-boom-hits-talent-wall-with-83-skills-gap-quess-corp-126061701258_1.html","2026-06-17","India","job postings","AI governance shortage 70%; GenAI 82.9%; AI deployment engineering 72.4%; AI security 67%","rising","now","Senior","unknown","","wave1"
"S083","T03.S04.P06","Decision intelligence","Quess Corp - GenAI skills gap","https://www.business-standard.com/amp/technology/artificial-intelligence/india-s-genai-boom-hits-talent-wall-with-83-skills-gap-quess-corp-126061701258_1.html","2026-06-17","India","job postings","Decision intelligence shortage 17%; ~50% of AI demand at 3-5 yrs exp; 2.3M AI-embedded roles by 2030","rising","now","Mid","unknown","","wave1"
"S084","T03.S05.P01","AI & data in BFSI; compliance-tech & cybersecurity","Quess Corp BFSI GCC Talent Report 2025","https://www.peoplematters.in/article/leadership/indias-bfsi-sector-has-a-42percent-ai-skills-gap-so-who-is-actually-ready-for-the-jobs-being-created-49467","2026-04-29","India","job postings","BFSI AI/data skill gap 38-42%; cybersecurity/compliance-tech salary premiums 1.5x-4x; GCC hiring +12-14% QoQ FY26","rising","now","Mid","unknown","","wave1"
"S085","T01.S01.P05","Senior AI leadership with domain expertise","TeamLease Digital - Retail GCC AI","https://www.newkerala.com/news/a/ai-penetration-doubles-indias-retail-gccs-senior-talent-361.htm","2026-07-08","India","job postings","Only 320 professionals with 8+ yrs AI experience across 180 retail GCCs; AI penetration 4.8% (2025) to 7.2% (2026f); 15+ yr senior AI talent > Rs1.2 crore","rising","now","Senior","unknown","","wave1"
"S086","T03.S01.P02","GenAI tool use at work","India Skills Report 2026","https://news.careers360.com/india-skills-report-2026-employability-56-35-pc-ai-tools-digital-gig-economy-workforce-global-talent-hub","2025-11-11","India","employer survey",">90% of Indian employees have begun working with GenAI tools; in-demand: AI, data analytics, cloud, cybersecurity; sectors: tech, BFSI, manufacturing, renewables, healthcare","rising","now","All","unknown","","wave1"
"S087","T02.S03.P01","Keeping pace with technology/AI (CEO concern)","PwC 29th CEO Survey - India","https://www.pwc.in/publications/ceo-survey/ceo-survey-2026.html","2026-01-20","India","employer survey","66% of India CEOs vs 42% globally more concerned about keeping pace with tech & AI; 57% competing in new sectors","rising","now","Senior","unknown","n~50 India CEOs - small sample","wave1"
"S088","T09.S01.P01","Innovation management","PwC 29th CEO Survey - India","https://www.pwc.in/publications/ceo-survey/ceo-survey-2026.html","2026-01-20","India","employer survey","50% of India CEOs have no defined innovation division; 43% lack external innovation partnerships","rising","now","Senior","unknown","","wave1"
"S089","T01.S04.P03","AI adoption & training (India)","BCG AI at Work 2025 - India","https://www.tribuneindia.com/news/business/india-leads-with-92-employees-embracing-genai-tools-against-global-average-of-72/amp","2025-06-26","India","employer survey","92% of Indian employees regularly use GenAI (vs 72% global); 17% report AI agent integration; 48% fear displacement; one-third feel adequately trained","rising","now","All","unknown","","wave1"
"S090","T01.S04.P03","AI literacy of staff (providers & deployers)","EU AI Act Article 4","https://artificialintelligenceact.eu/article/4/","2025-02-02","Europe","policy/regulation","Article 4 applicable from 2 February 2025: providers/deployers 'shall take measures to support the development of AI literacy of their staff'","rising","now","All","unknown","Applies to any org deploying AI in EU, incl. Indian/US firms with EU ops","wave1"
"S091","T01.S04.P03","AI literacy - context/role-specific measures","Digital Omnibus amendment to Article 4","https://casys.ai/blog/digital-omnibus-article-4-what-changed","2026-07-27","Europe","policy/regulation","Regulation (EU) 2026/1744 removed 'sufficient'; duty remains; high-risk oversight timelines moved to 2 Dec 2027 (Annex III) / 2 Aug 2028 (Annex I)","stable","now","All","unknown","Secondary source; softens but does not remove obligation","wave1"
"S092","T01.S04.P02","High-level skills: ICT, business & administration professionals, green expertise","Cedefop Skills Forecast 2035","https://www.cedefop.europa.eu/en/news/cedefop-skills-forecast-2035-twin-transition-and-demographic-challenge-drive-demand-high-level","2025-03-13","Europe","policy/regulation","EU employment growth marginal 0.4%/yr to 2035; growth in ICT, science/engineering, health, business & administration professionals","rising","now","Mid","unknown","No manager-specific figure available","wave1"
"S093","T10.S02.P01","CSRD sustainability reporting","EU Omnibus CSRD simplification","https://financialregulations.eu/blog/eu-omnibus-csrd-simplification-2026","2026-03-19","Europe","policy/regulation","Scope now >1,000 employees AND >EUR450M turnover; ~80% of previously in-scope companies exempt; data points 1,073 to ~320; first reporting FY2027","declining","now","Senior","unknown","Reduces breadth of compliance-driven ESG training demand","wave1"
"S094","T10.S02.P01","Sustainability reporting & data","PwC Global Sustainability Reporting Survey 2025","https://www.pwc.com/gx/en/issues/esg/global-sustainability-reporting-survey.html","2025-09-25","Global","employer survey","~40% planning CSRD reporting will postpone; >60% say senior leadership time on sustainability reporting increased; >2/3 of reporters gained value","stable","now","Senior","unknown","","wave1"
"S095","T10.S01.P01","Sustainability expertise on boards","EY European FS Board Sustainability","https://www.ey.com/en_it/newsroom/2025/09/european-financial-services-firms-increase-sustainability-focused-board-appointments-amid-ongoing-esg-policy-debate","2025-09-22","Europe","employer survey","93% of European FS boards have a director with sustainability expertise (82% Jun 2024); 33% of appointments brought sustainability expertise (vs 23%)","rising","now","Senior","unknown","","wave1"
"S096","T01.S01.P05","AI leadership readiness (UK, France, Germany)","Coqual & Catalyst - AI leadership gap","https://www.eenewseurope.com/en/new-report-ai-leadership-gap-threatens-european-competitiveness/","2026-02-25","Europe","employer survey","63% of leaders in UK/FR/DE unprepared to lead in AI-enabled world; self-rated AI-skilled leaders: UK 49%, France 23%, Germany 17%","rising","now","Senior","unknown","","wave1"
"S097","T14.S02.P05","Leader and manager development","Gartner HR Priorities 2025","https://www.gartner.com/en/newsroom/press-releases/2024-10-15-gartner-survey-finds-leader-and-manager-development-tops-hrleaders-list","2024-10-15","Global","buyer survey","#1 HR priority for 2025 (third consecutive year); 75% of HR leaders say managers overwhelmed; 69% say leaders not equipped to lead change","rising","now","Senior","unknown","","wave1"
"S098","T01.S05.P01","Change management","Gartner HR Priorities 2025","https://www.gartner.com/en/newsroom/press-releases/2024-10-15-gartner-survey-finds-leader-and-manager-development-tops-hrleaders-list","2024-10-15","Global","buyer survey","#4 HR priority 2025; strategic workforce planning #3","rising","now","Senior","unknown","Seminars/lectures found to have negative effect on development","wave1"
"S099","T01.S05.P05","Mobilising leaders for growth in uncertainty (routinising change)","Gartner CHRO Priorities 2026","https://www.gartner.com/en/newsroom/press-releases/2025-10-02-gartner-says-chros-top-priorities-for-2026-center-around-realizing-ai-value-and-driving-performance-amid-uncertainty","2025-10-02","Global","buyer survey","One of four 2026 CHRO priorities; only 32% of leaders report healthy change adoption","rising","now","Senior","unknown","","wave1"
"S100","T07.S01.P02","Work design in the human-machine era","Gartner CHRO Priorities 2026","https://www.gartner.com/en/newsroom/press-releases/2025-10-02-gartner-says-chros-top-priorities-for-2026-center-around-realizing-ai-value-and-driving-performance-amid-uncertainty","2025-10-02","Global","buyer survey","CHRO priority 'Shape work in the human-machine era'","rising","now","Senior","unknown","","wave1"
"S101","T07.S01.P02","Culture and performance","Gartner CHRO Priorities 2026","https://www.gartner.com/en/newsroom/press-releases/2025-10-02-gartner-says-chros-top-priorities-for-2026-center-around-realizing-ai-value-and-driving-performance-amid-uncertainty","2025-10-02","Global","buyer survey","47% of CHROs say culture drives performance today (n=222)","rising","now","Senior","unknown","","wave1"
"S102","T01.S04.P02","Organisational flattening / middle management redesign","Gartner Top Predictions 2025","https://www.gartner.com/en/newsroom/press-releases/2024-10-22-gartner-unveils-top-predictions-for-it-organizations-and-users-in-2025-and-beyond","2024-10-22","Global","expert/HBR","Through 2026, 20% of organisations will use AI to flatten structure, eliminating >half of current middle management positions","declining","now","Mid","unknown","Prediction, not observed data","wave1"
"S103","T03.S02.P05","Board AI-assisted decision oversight","Gartner Top Predictions 2025","https://www.gartner.com/en/newsroom/press-releases/2024-10-22-gartner-unveils-top-predictions-for-it-organizations-and-users-in-2025-and-beyond","2024-10-22","Global","expert/HBR","By 2029, 10% of global boards will use AI guidance to challenge executive decisions","rising","now","Senior","unknown","Prediction","wave1"
"S104","T02.S01.P05","Reinventing the manager role","Deloitte Human Capital Trends 2025","https://www.deloitte.com/us/en/about/press-room/deloitte-report-aims-to-help-leaders-navigate-complex-workplace-tensions.html","2025-03-24","Global","employer survey","73% recognise importance of reinventing manager role; 7% making great progress; managers spend ~40% of time on admin/firefighting, 13% developing people; 36% of managers insufficiently prepared","rising","now","Mid","unknown","~10,000 respondents, 93 countries","wave1"
"S105","T03.S01.P05","Human-AI collaboration design","Deloitte Human Capital Trends 2025","https://www.deloitte.com/us/en/about/press-room/deloitte-report-aims-to-help-leaders-navigate-complex-workplace-tensions.html","2025-03-24","Global","employer survey","52% see human-machine collaboration as very/critically important; only 6% say org excels at creating human-AI value; 74% prioritise human capabilities","rising","now","Senior","unknown","","wave1"
"S106","T01.S05.P05","Organisational/workforce adaptability","Deloitte Human Capital Trends 2026","https://www.deloitte.com/us/en/about/press-room/deloitte-report-winning-organizations-will-build-the-human-advantage.html","2026-03-04","Global","employer survey","85% say building adaptability critical; 7% succeeding; 6% progress designing human-AI interactions","rising","now","Senior","unknown","","wave1"
"S107","T03.S04.P06","AI in executive decision-making & AI management","Deloitte Human Capital Trends 2026","https://www.deloitte.com/us/en/about/press-room/deloitte-report-winning-organizations-will-build-the-human-advantage.html","2026-03-04","Global","employer survey","60% of executives use AI in decision-making; 5% report managing AI well; 65% say culture needs significant change due to AI","rising","now","Senior","unknown","","wave1"
"S108","T01.S04.P01","Agentic AI adoption & scaling","McKinsey State of AI 2025","https://www.mckinsey.com/~/media/mckinsey/business%20functions/quantumblack/our%20insights/the%20state%20of%20ai/november%202025/the-state-of-ai-2025-agents-innovation_cmyk-v1.pdf","2025-11","Global","employer survey","62% at least experimenting with AI agents; 23% scaling an agentic system; 88% regular AI use in >=1 function","rising","now","Senior","unknown","","wave1"
"S109","T01.S04.P07","Workflow redesign & senior leadership ownership of AI","McKinsey State of AI 2025","https://www.mckinsey.com/~/media/mckinsey/business%20functions/quantumblack/our%20insights/the%20state%20of%20ai/november%202025/the-state-of-ai-2025-agents-innovation_cmyk-v1.pdf","2025-11","Global","employer survey","~6% high performers; high performers 3x more likely to say senior leaders show ownership; most redesigning workflows; 32% expect workforce decreases","rising","now","Senior","unknown","","wave1"
"S110","T01.S04.P01","Scaling AI agents (large enterprises)","McKinsey State of AI 2026","https://www.mckinsey.com/capabilities/quantumblack/our-insights/the-state-of-ai","2026-08-25","Global","employer survey","40% of large enterprises scaling AI agents (up from 27%); 44% scaling AI across enterprise; 39% expect AI-related headcount decrease; only 14% saw actual AI-driven reductions","rising","now","Senior","unknown","Reported by fetch of current McKinsey page; confirm against PDF","wave1"
"S111","T01.S04.P03","Leader support for AI adoption","BCG AI at Work 2025","https://www.bcg.com/press/26june2025-beyond-ai-adoption-full-potential","2025-06-26","Global","employer survey","Only 25% of frontline workers report sufficient leader guidance; 36% feel adequately trained; 5+ hrs training drives regular use","rising","now","Mid","unknown","","wave1"
"S112","T01.S04.P01","AI agents literacy","BCG AI at Work 2025","https://www.bcg.com/press/26june2025-beyond-ai-adoption-full-potential","2025-06-26","Global","employer survey","75% believe agents vital; 13% integrated; ~33% understand how agents work","rising","now","All","unknown","","wave1"
"S113","T01.S04.P01","Managing digital labour / agent boss","Microsoft Work Trend Index 2025","https://blogs.microsoft.com/blog/2025/04/23/the-2025-annual-work-trend-index-the-frontier-firm-is-born/","2025-04-23","Global","employer survey","82% of leaders expect to use digital labour in 12-18 months; 36% expect teams to manage agents within 5 yrs; 41% expect teams training agents; 78% considering new AI roles","rising","now","Senior","unknown","","wave1"
"S114","T01.S01.P05","Leadership alignment on AI strategy","Microsoft Work Trend Index 2026","https://www.microsoft.com/en-us/worklab/work-trend-index/agents-human-agency-and-the-opportunity-for-every-organization","2026-05-05","Global","employer survey","Only 26% say leadership clearly aligned on AI strategy; organisational factors >2x individual effort in AI impact; managers modelling AI = +17pt AI value","rising","now","Senior","unknown","20,000 workers, 10 countries","wave1"
"S115","T01.S03.P07","Leader bench strength & delegation","DDI Global Leadership Forecast 2025","https://www.ddi.com/blog/leadership-trends-2026","2025-11-21","Global","employer survey","77% of CHROs lack confidence in bench strength; 71% of leaders under increased stress; only 19% of managers strong at delegation; frontline leaders 3x more concerned about AI than execs","rising","now","Senior","unknown","","wave1"
"S116","T03.S01.P05","AI value realisation / AI foundations","PwC 29th Global CEO Survey","https://www.pwc.com/gx/en/news-room/press-releases/2026/pwc-2026-global-ceo-survey.html","2026-01-19","Global","employer survey","56% of CEOs report no significant financial benefit from AI; 12% cost+revenue benefit; strong AI foundations 3x more likely to report returns","rising","now","Senior","unknown","n=4,454","wave1"
"S117","T02.S01.P05","Business model reinvention / cross-sector competition","PwC 29th Global CEO Survey","https://www.pwc.com/gx/en/news-room/press-releases/2026/pwc-2026-global-ceo-survey.html","2026-01-19","Global","employer survey","42% began competing in new sectors in past 5 yrs; CEOs spend 16% of time on >5-yr decisions","rising","now","Senior","unknown","","wave1"
"S118","T01.S02.P02","Chief AI Officer role","IBM IBV - Chief AI Officer","https://www.ibm.com/think/news/rise-chief-ai-officer","2026-05","Global","employer survey","76% of surveyed organisations have a CAIO in 2026, up from 26% in 2025; CAIO firms 5% higher AI ROI","rising","now","Senior","unknown","Survey sample not disclosed in article","wave1"
"S119","T01.S02.P02","Chief Sustainability Officer role","Weinreb Group CSO Report 2026","https://www.esgdive.com/news/cso-numbers-dipping-as-regulatory-geopolitical-volatility-ramp-up-weinreb/826379/","2026-07-28","US","job postings","US public-company CSOs fell 10% (216 to 193); new CSO appointments 24% vs 62% historically","declining","now","Senior","unknown","Report calls it 'a single data point, not a trend'","wave1"
"S120","T01.S01.P05","Strategic AI leadership (CIO as AI transformation leader)","CIO.com - CIO hiring 2026","https://www.cio.com/article/4123894/cio-hiring-to-heat-up-in-2026-especially-for-strategic-ai-leaders.html","2026-02-03","US","expert/HBR","Qualitative: demand for 'transformative CIOs' moving AI from experimentation to production","rising","now","Senior","unknown","No volume figures","wave1"
"S121","T03.S02.P01","AI governance function","IAPP AI Governance Profession Report 2025","https://iapp.org/resources/article/at-a-glance-ai-governance-profession-report-2025","2025-05-21","Global","employer survey","77% of organisations already working on AI governance","rising","now","Senior","unknown","","wave1"
"S122","T01.S04.P01","Agentic AI risk & governance controls","HBR Analytic Services - agentic AI survey","https://fortune.com/2025/12/09/harvard-business-review-survey-only-6-percent-companies-trust-ai-agents/","2025-12-09","Global","employer survey","6% fully trust agents for core processes; 12% say risk/governance controls fully in place; 9% fully deployed","rising","now","Senior","unknown","n=603; sponsored by Workato/AWS","wave1"
"S123","T03.S02.P05","Board AI education","EY Center for Board Matters (Harvard CorpGov)","https://corpgov.law.harvard.edu/2026/02/19/how-boards-can-lead-in-a-world-remade-by-ai/","2026-02-19","US","expert/HBR","Only 12% of Fortune 100 disclosed board AI education/training (Jan-Nov 2025)","rising","now","Senior","unknown","Low base = gap","wave1"
"S124","T03.S02.P01","AI governance, data governance, cybersecurity governance, scenario planning","KPMG Board Leadership - 2026 board agenda","https://kpmg.com/kpmg-us/content/dam/kpmg/boardleadership/pdf/2026/on-the-2026-board-agenda.pdf","2026","US","expert/HBR","Seven board priorities incl. AI governance, data governance, cyber, sustainability, scenario planning/resilience","rising","now","Senior","unknown","No figures","wave1"
"S125","T03.S01.P02","Generative AI","Coursera Global Skills Report 2025","https://blog.coursera.org/presenting-courseras-2025-global-skills-report-the-skills-trends-shaping-the-future-of-education-and-employment","2025-06","Global","learner platform","GenAI enrolments +195% YoY, >8 million total; 12 enrolments/minute","rising","now","All","unknown","","wave1"
"S126","T03.S01.P02","Generative AI (India)","Coursera Global Skills Report 2025 - India","https://www.businesstoday.in/technology/news/story/india-leads-in-genai-enrollment-but-faces-skill-gaps-finds-new-coursera-study-488905-2025-08-11","2025-08-11","India","learner platform","India >2.6 million GenAI enrolments, +107% YoY; India business proficiency 18%","rising","now","All","unknown","","wave1"
"S127","T03.S01.P02","GenAI; cybersecurity & risk management; data ethics","Coursera Job Skills Report 2025","https://blog.coursera.org/genai-cybersecurity-and-data-ethics-the-worlds-fastest-growing-job-skills-for-2025","2025","Global","learner platform","GenAI enterprise enrolments +866% YoY; data ethics among fastest-growing","rising","now","All","unknown","","wave1"
"S128","T03.S01.P02","AI agents; human-AI collaboration; advanced prompting","Coursera 2025 Year in Review","https://blog.coursera.org/2026s-fastest-growing-skills-and-top-learning-trends-from-2025","2025-09-30","Global","learner platform","Named fastest-growing skills for 2026; 5.4 million GenAI enrolments in 2025","rising","now","All","unknown","","wave1"
"S129","T03.S02.P04","AI ethics and governance","Udemy 2026 Global Learning & Skills Trends","https://about.udemy.com/press-releases/2026-global-learning-skills-trends-report/","2025-09-18","Global","learner platform","AI ethics & governance consumption +98% YoY","rising","now","Senior","unknown","17,000+ enterprise customers","wave1"
"S130","T14.S02.P01","Decision-making; critical thinking","Udemy 2026 Global Learning & Skills Trends","https://about.udemy.com/press-releases/2026-global-learning-skills-trends-report/","2025-09-18","Global","learner platform","Decision-making +38%; critical thinking +37%; adaptive skills +25%","rising","now","All","unknown","","wave1"
"S131","T01.S04.P01","AI agents / agentic AI","Udemy 2026 Global Learning & Skills Trends","https://about.udemy.com/press-releases/2026-global-learning-skills-trends-report/","2025-09-18","Global","learner platform","Top-consumed net-new AI skill; Microsoft Copilot content +3,400% YoY","rising","now","All","unknown","","wave1"
"S132","T01.S01.P05","Leadership","Udemy 2026 Global Learning & Skills Trends","https://about.udemy.com/press-releases/2026-global-learning-skills-trends-report/","2025-09-18","Global","learner platform","6th most consumed business skill","stable","now","Senior","unknown","","wave1"
"S133","T01.S01.P05","AI; cybersecurity; leadership (learner priorities)","CarringtonCrisp FLEE (via AACSB)","https://www.aacsb.edu/insights/articles/2024/06/what-does-the-future-hold-for-lifelong-learning","2024-06","Global","buyer survey","Learner priorities: AI 45%, cybersecurity 33%, digital marketing 31%, leadership 29%, data analytics 26%","rising","now","All","unknown","Late-2023 fieldwork","wave1"
"S134","T01.S05.P01","Customised and stackable short programmes","CarringtonCrisp FLEE (via AACSB)","https://www.aacsb.edu/insights/articles/2024/06/what-does-the-future-hold-for-lifelong-learning","2024-06","Global","buyer survey","Employers expect to seek customised programmes 81%, online 80%, stackable short programmes 80%; >30% could not find options in AI, cybersecurity, change management","rising","now","Senior","unknown","Supply gap in AI/cyber/change mgmt","wave1"
"S135","T01.S01.P05","Activation/application over content; geopolitical literacy; ambidextrous leadership","UNICON Directors' Conference 2026 (IMD)","https://uniconexed.org/wp-content/uploads/2026/05/2026-UNICON-Directors-Conference-IMD-IEDP-Summary.pdf","2026-05-04","Europe","buyer survey","Nestle CLO: 'Everything that is fact-based is no longer interesting to us. AI has taken that piece.'","rising","now","Senior","unknown","Qualitative corporate client panel","wave1"
"S136","T01.S05.P03","AI for business leaders; strategy & resilience under geopolitical uncertainty","UNICON 2026 (SSE)","https://exedsse.se/en/whats-next-for-executive-education-ai-and-geopolitics-at-unicon-2026/","2026-04","Europe","buyer survey","AI and geopolitical shifts named the two dominant themes; SSE reports matching demand","rising","now","Senior","unknown","Qualitative","wave1"
"S137","T01.S04.P03","AI literacy tiers (basic to expert); content contextualisation","EFMD Global CLO Roundtable 2025","https://blog.efmdglobal.org/2025/10/21/efmd-roundtable-corporate-learning/","2025-10-21","Europe","buyer survey","CLOs: enable segments to apply AI 'spanning basic literacy to expert'; content commoditised by GenAI so evaluation/contextualisation matters more","rising","now","All","unknown","UBS 700+ AI champions case","wave1"
"S138","","Executive education market (India growth)","Emeritus Exec Ed Trends 2026","https://emeritus.org/blog/emeritus-executive-education-trends/","2026-05-07","India","learner platform","Global exec ed market $9.8B (2025) to $28.3B (2035); India 14.8% CAGR","rising","now","Senior","unknown","Vendor-cited third-party market estimate; treat cautiously","wave1"
"S139","T01.S04.P02","AI-enabled flattening; choosing which managerial tasks to automate","HBR - How AI is redefining managerial roles","https://hbr.org/2025/07/how-ai-is-redefining-managerial-roles","2025-07-01","Global","expert/HBR","HBS study: AI can eliminate certain managerial coordination duties, flattening hierarchies","rising","now","Mid","unknown","","wave1"
"S140","T01.S01.P03","Middle management role (bridge in transformation)","HBR - Future of middle management","https://hbr.org/2025/04/whats-the-future-of-middle-management","2025-04-29","US","expert/HBR","Middle managers 13% of US labour force in 2022 vs 9.2% in 1983; fewer may be needed but role endures","stable","now","Mid","unknown","Contradicts Gartner flattening prediction","wave1"
"S141","T01.S04.P01","Agent management (orchestrating AI agents; observability; performance mgmt of agents)","HBR - Companies need agent managers","https://hbr.org/2026/02/to-thrive-in-the-ai-era-companies-need-agent-managers","2026-02-12","Global","expert/HBR","New 'agent manager' role likened to product manager emergence (Salesforce Agentforce case)","rising","now","Mid","unknown","","wave1"
"S142","T01.S04.P04","Human accountability & oversight in human-agent workflows","HBR - Why you shouldn't treat AI agents like employees","https://hbr.org/2026/05/research-why-you-shouldnt-treat-ai-agents-like-employees","2026-05-06","Global","expert/HBR","BCG experiment: anthropomorphising AI reduced accountability, raised unnecessary escalation, lowered review quality","rising","now","Senior","unknown","","wave1"
"S143","T03.S04.P06","Leading through AI change: judgment, EQ, transparent communication, middle-manager compression","HBR - Leading the human-AI organization","https://hbr.org/2026/05/leading-the-human-ai-organization","2026-05-28","US","expert/HBR","CHRO panel (AmEx, Adecco, Digital Asset) - qualitative","rising","now","Senior","unknown","","wave1"
"S144","T01.S01.P05","Developing judgment / leadership pipeline when AI removes junior tasks","HBR - Developing judgment in the AI era","https://hbr.org/2026/02/how-do-workers-develop-good-judgment-in-the-ai-era","2026-02-03","Global","expert/HBR","Argues simulations and case methods needed as AI removes judgment-building work","rising","now","Mid","unknown","Supports case/simulation pedagogy","wave1"
"S145","T01.S04.P01","Agentic AI risk management & governance","HBR - Organizations aren't ready for agentic AI risks","https://hbr.org/2025/06/organizations-arent-ready-for-the-risks-of-agentic-ai","2025-06-13","Global","expert/HBR","Existing AI ethics and cyber programmes require substantial upgrades for agentic systems","rising","now","Senior","unknown","","wave1"
"S146","T01.S04.P07","Work redesign vs AI-driven layoffs ('AI-washing')","HBR - AI transformation requires redesigning work","https://hbr.org/2026/08/ai-transformation-requires-redesigning-work-not-cutting-roles","2026-08-28","US","expert/HBR","Goldman Sachs: AI reduced US payroll growth by only ~16,000 jobs/month","rising","now","Senior","unknown","Tempers displacement narrative","wave1"
"S147","T03.S01.P02","AI tools (Gemini, DeepSeek)","Google Year in Search 2025 (via SEJ)","https://www.searchenginejournal.com/google-reveals-the-top-searches-of-2025/563738/","2025-12-23","Global","search","Gemini topped global trending searches; DeepSeek in global top 10 and #7 US","rising","now","Unknown","unknown","Tool discovery, not course/exec-ed intent; no published India vs US exec-ed trends data found","wave1"
"JS001","T03.S01.P04","AI skills in job postings (wage premium)","Lightcast ""Beyond the Buzz"" press release","https://lightcast.io/resources/blog/beyond-the-buzz-press-release-2025-07-23","2025-07-23","Global","job postings","job postings including AI skills offer 28% higher salaries—nearly $18,000 more per year; based on over 1.3 billion job postings","rising","now","All","opened-page","Behavioural and priced. Premium is measured on postings not incumbents. Not seniority-split, so weak direct evidence for exec-ed buyers, but establishes AI literacy as a paid-for attribute.","jobs_and_skills"
"JS002","T03.S01.P04","AI skills outside IT occupations","Lightcast ""Beyond the Buzz"" press release","https://lightcast.io/resources/blog/beyond-the-buzz-press-release-2025-07-23","2025-07-23","Global","job postings","51% of job postings requiring AI skills are outside IT and computer science occupations (2024); explosive 800% growth in generative AI roles across non-tech industries since 2022","rising","now","All","opened-page","The single strongest argument for general-management AI literacy rather than technical AI courses.","jobs_and_skills"
"JS003","T07.S03.P02","AI skills demanded in HR roles","Lightcast ""Beyond the Buzz"" press release","https://lightcast.io/resources/blog/beyond-the-buzz-press-release-2025-07-23","2025-07-23","Global","job postings","Human Resources: 66% growth (leading all sectors) in AI skill demand","rising","now","All","opened-page","HR is the fastest-growing functional demander of AI skills in Lightcast's cut - ahead of finance and marketing. Supports an AI-for-HR-leaders offer.","jobs_and_skills"
"JS004","T04.S04.P03","AI skills demanded in finance roles","Lightcast ""Beyond the Buzz"" press release","https://lightcast.io/resources/blog/beyond-the-buzz-press-release-2025-07-23","2025-07-23","Global","job postings","Finance: 40% growth in AI skill demand","rising","now","All","opened-page","Supports AI for the CFO and finance function.","jobs_and_skills"
"JS005","T05.S03.P01","AI skills demanded in marketing and PR roles","Lightcast ""Beyond the Buzz"" press release","https://lightcast.io/resources/blog/beyond-the-buzz-press-release-2025-07-23","2025-07-23","Global","job postings","Marketing and PR: 50% annual growth in AI skill demand","rising","now","All","opened-page","Consistent with GenAI-for-marketing demand.","jobs_and_skills"
"JS006","T07.S02.P04","Speed of skill change in the same job","Lightcast ""The Speed of Skill Change"" / Skill Disruption Index","https://lightcast.io/resources/research/speed-of-skill-change","2025-01-01","US","job postings","the average job has seen one-third of its skills change from 2021 to 2024; ""One in four jobs (the top quartile) has seen 75% of their skills change""; ""the past three years have been almost as disrupted as the previous five""","rising","now","All","opened-page","Measured from postings across 589 occupations. This is the best behavioural warrant for continuous reskilling and skills-based workforce planning as a standing exec-ed theme rather than a one-off.","jobs_and_skills"
"JS007","T10.S01.P01","Sustainability as a driver of skill disruption","Lightcast ""The Speed of Skill Change""","https://lightcast.io/resources/research/speed-of-skill-change","2025-01-01","US","job postings","AI identified as causing more disruption than any other trend, followed by sustainability and cybersecurity","rising","2027-2029","All","opened-page","Sustainability ranks second only to AI as a skill-disruption driver in postings - a counterweight to the narrative that ESG demand is collapsing.","jobs_and_skills"
"JS008","T03.S05.P01","Cybersecurity workforce shortfall","Lightcast ""The Speed of Skill Change""","https://lightcast.io/resources/research/speed-of-skill-change","2025-01-01","US","job postings","there are only enough cybersecurity workers to fill 83% of available jobs","rising","now","All","opened-page","Shortfall is a supply statement derived from postings vs workforce.","jobs_and_skills"
"JS009","T07.S02.P04","Share of an occupation's top skills that changed","Burning Glass Institute / BHEF / Wiley, ""Four Skill Sets Transforming Work""","https://www.bhef.com/news-events/releases/new-report-highlights-the-four-skill-sets-transforming-work","2022-12-01","US","job postings","37% of the average occupation's top skills have changed over the past five years alone; analysed ""hundreds of millions of job postings from 2015 through 2021""","rising","now","All","opened-page","Pre-GenAI baseline. Read alongside Lightcast's 33% over 2021-2024: the rate of change has roughly doubled per unit time.","jobs_and_skills"
"JS010","T03.S01.P02","Fastest-growing skills India 2026","LinkedIn Skills on the Rise 2026 (India) via Storyboard18","https://www.storyboard18.com/brand-makers/linkedins-skills-on-the-rise-2026-identifies-top-skill-stacks-reshaping-indias-workforce-90556.htm","2026-02-01","India","learner platform","National top rising skills: 1 Prompt engineering 2 Workflow automation 3 LLMOps 4 AutoML 5 API integration","rising","now","All","opened-page","LinkedIn derives this from member profile skill additions plus hiring behaviour - part behaviour, part self-report. Top 5 for India are all technical/executional, not managerial.","jobs_and_skills"
"JS011","T01.S03.P01","Fastest-growing business and leadership skills India 2026","LinkedIn Skills on the Rise 2026 (India) via Storyboard18","https://www.storyboard18.com/brand-makers/linkedins-skills-on-the-rise-2026-identifies-top-skill-stacks-reshaping-indias-workforce-90556.htm","2026-02-01","India","learner platform","Business & leadership skills: relationship management, negotiation, process optimization, team management, stakeholder management","rising","now","Mid","opened-page","Notably: the rising leadership skills in India are classical, not AI. Stakeholder management and negotiation, not AI governance.","jobs_and_skills"
"JS012","T07.S02.P03","India job seekers unprepared for technology change","LinkedIn Skills on the Rise 2026 (India) via Storyboard18","https://www.storyboard18.com/brand-makers/linkedins-skills-on-the-rise-2026-identifies-top-skill-stacks-reshaping-indias-workforce-90556.htm","2026-02-01","India","employer survey","38% of Indian job seekers feel unprepared for rapid technological changes; ""74% of Indian recruiters report difficulty locating qualified talent""","rising","now","All","opened-page","Stated intent, not behaviour. Use only as colour.","jobs_and_skills"
"JS013","T02.S03.P01","AI Business Strategy as a rising skill cluster US 2026","LinkedIn Skills on the Rise 2026 (US) via EdTech Innovation Hub","https://www.edtechinnovationhub.com/news/linkedins-2026-skills-on-the-rise-shows-global-ai-driving-hiring-shifts","2026-02-27","US","learner platform","AI Business Strategy (AI for business, AI for design, data governance, responsible AI, tech-enabled business transformation) listed among the fastest-growing US skill clusters for 2026","rising","now","Senior","opened-page","This cluster is the closest LinkedIn proxy for an exec-ed AI strategy programme. It bundles responsible AI and data governance with business transformation - i.e. the market wants them taught together, not as separate courses.","jobs_and_skills"
"JS014","T06.S01.P01","Operational Efficiency as a rising skill cluster US 2026","LinkedIn Skills on the Rise 2026 (US) via EdTech Innovation Hub","https://www.edtechinnovationhub.com/news/linkedins-2026-skills-on-the-rise-shows-global-ai-driving-hiring-shifts","2026-02-27","US","learner platform","Operational Efficiency (logistics management, process optimization, program improvement, real-time monitoring, workflow automation)","rising","now","Mid","opened-page","Second-ranked cluster in the US - operations, not AI, is the other half of the story.","jobs_and_skills"
"JS015","T03.S05.P01","Cybersecurity and Risk Management as rising skill cluster US 2026","LinkedIn Skills on the Rise 2026 (US) via EdTech Innovation Hub","https://www.edtechinnovationhub.com/news/linkedins-2026-skills-on-the-rise-shows-global-ai-driving-hiring-shifts","2026-02-27","US","learner platform","Cybersecurity & Risk Management and ""Financial Operations & Analysis"" both appear among the fastest-growing US skill clusters for 2026","rising","now","All","opened-page","Two of the seven fastest-growing US clusters are risk/finance functions, not AI. Maps to T03.S05.P01 and T04.S01.P06.","jobs_and_skills"
"JS016","T01.S03.P01","Leadership and People Management as rising skill cluster US 2026","LinkedIn Skills on the Rise 2026 (US) via EdTech Innovation Hub","https://www.edtechinnovationhub.com/news/linkedins-2026-skills-on-the-rise-shows-global-ai-driving-hiring-shifts","2026-02-27","US","learner platform","Leadership & People Management and ""Business & Revenue Growth"" listed among the fastest-growing US skill clusters for 2026","rising","now","Senior","opened-page","Classical leadership still ranks in the top seven US clusters in the same year AI clusters rank first - evidence against a pure AI pivot.","jobs_and_skills"
"JS017","T02.S03.P04","Data Strategy and Workflow Optimisation rising UK 2026","LinkedIn Skills on the Rise 2026 (UK) via EdTech Innovation Hub","https://www.edtechinnovationhub.com/news/linkedins-2026-skills-on-the-rise-shows-global-ai-driving-hiring-shifts","2026-02-27","Europe","learner platform","United Kingdom: AI, Machine Learning and Generative Technologies; Data Strategy & Workflow Optimisation; Operations & Risk Resilience; Leadership, Culture & Communication; Commercial Intelligence & Delivery","rising","now","All","opened-page","UK list is only five clusters; three of the five are non-AI (data strategy, operational resilience, leadership/culture).","jobs_and_skills"
"JS018","T08.S02.P01","Governance, Risk Management, Compliance as a globally rising skill","LinkedIn Skills on the Rise 2026 (global)","https://news.linkedin.com/2026/Skills-on-the-rise-2026","2026-02-01","Global","learner platform","Compliance: Governance, Risk Management, Compliance named among the global rising skill themes alongside people skills and AI skills","rising","now","All","opened-page","Page did not expose country tables; global themes only.","jobs_and_skills"
"JS019","T14.S02.P04","People skills rising globally 2026","LinkedIn Skills on the Rise 2026 (global)","https://news.linkedin.com/2026/Skills-on-the-rise-2026","2026-02-01","Global","learner platform","People skills: Cross-Functional Collaboration, Team Management, Mentorship, Public Speaking, Cross-Functional Coordination; ""One in five professionals globally say not having the right skills is making the job search more challenging""","rising","now","All","opened-page","Cross-functional collaboration and coordination both appear - the taxonomy has no clean topic for cross-functional / matrix working.","jobs_and_skills"
"JS020","T03.S02.P01","Chief AI Officer appointments","Lusha, ""The Chief AI Officer Report""","https://www.lusha.com/blog/chief-ai-officer-report/","2026-09-12","Global","job postings","Chief AI Officers identified: 1,180 (exact title match); Head of AI: 1,007; combined AI leadership titles ~6,300. Chief AI Officer: 532 of 1,180 = 45.1% appointed in the last 12 months, vs Chief Revenue Officer 26.3%, Chief Marketing Officer 13.0%, Chief Data Officer 11.7%. Source: Lusha live database, 290M+ verified contacts, queried September 12, 2026","rising","now","Senior","opened-page","Appointment data, i.e. behaviour, not postings. Vendor contact database - treat the absolute counts as indicative only. The comparative churn rate is the useful number: CAIO turnover/creation is ~4x CDO. Also note the base is small: ~1,180 CAIOs worldwide is a thin market for a dedicated programme.","jobs_and_skills"
"JS021","T05.S04.P01","Chief Revenue Officer appointment churn","Lusha, ""The Chief AI Officer Report""","https://www.lusha.com/blog/chief-ai-officer-report/","2026-09-12","Global","job postings","Chief Revenue Officer (26.3%) appointed in the last 12 months","rising","now","Senior","opened-page","CRO is the second-most-churned C-title after AI titles - double the CMO rate. Suggests demand for commercial-leadership transition programmes.","jobs_and_skills"
"JS022","T03.S02.P01","AI governance job postings - volume and seniority","Axial Search, 'AI Governance Hiring in 2026'","https://axialsearch.com/insights/ai-governance-job-demand","2026-06-17","US","job postings","The analysis examined 1,997 US job postings for AI governance roles; Manager roles: 28%, Senior IC: 24%, Mid-level IC: 17%, Director: 12%, Junior IC: 8%, Principal IC: 5%; 56% of postings originate from organizations with 10,000+ employees; enterprises above 1,000 headcount represent 77% of the market","rising","now","Senior","opened-page","1,997 postings - say so when citing. 40% of postings are Manager or Director level, and the buyer is overwhelmingly the large enterprise. This is the best posting-level evidence for an AI governance exec-ed offer.","jobs_and_skills"
"JS023","T03.S02.P02","Capabilities named in AI governance postings","Axial Search, 'The State of the AI Governance Job Market in 2026'","https://axialsearch.com/insights/ai-governance-jobs","2026-08-04","US","job postings","Observability platforms: 41% of postings; Python: 28%; NIST frameworks: 27%; Governance discipline ranks highest, followed by AI literacy. Use case selection and value framing follow next, then hands-on execution, with adoption-driving ranked lowest; Senior level or above: 73% of all postings; Median salary: $169,000","rising","now","Senior","opened-page","Same 1,997-posting dataset. The capability ranking is the finding: employers want governance discipline plus AI literacy plus use-case selection and value framing - which is precisely an exec-ed curriculum, not a technical one. But 41% also demand model observability tooling, which no exec ed programme teaches. SUPPLY GAP.","jobs_and_skills"
"JS024","T03.S02.P01","Organisations working on AI governance","IAPP AI Governance Profession Report 2025","https://iapp.org/resources/article/ai-governance-profession-report","2025-04-16","Global","industry body","77% of surveyed organizations are currently working on AI governance; ~90% of organizations already using AI; Only 1.5% (10 of 671 respondents) reported they will not need additional staff in the next 12 months; primary responsibility sits with Privacy 22%, Legal and compliance 22%, IT 17%, Data governance 10%","rising","now","Senior","opened-page","Survey, so weaker than postings. Note where the function sits: privacy and legal own AI governance in 44% of organisations - the audience for an AI governance programme is the GC/CPO/CRO, not the CTO.","jobs_and_skills"
"JS025","T03.S01.P04","AI job titles spreading outside tech occupations in Europe","Indeed Hiring Lab via Euronews","https://www.euronews.com/business/2026/07/24/the-majority-of-ai-jobs-now-sit-outside-technological-occupations-in-europe","2026-07-24","Europe","job postings","Germany: 59% of AI-labelled titles outside tech; Netherlands 58%; France 54%; UK 54%; Spain 36%. AI-labelled job titles Q1 2026 vs Q1 2022: Germany 288 vs 72, UK 160 vs 61, France 138 vs 35, Netherlands 84 vs 21, Spain 81 vs 8. Share of AI-labelled titles in all postings Q1 2026: Germany 4.2% (was 0.8% in 2022), France 3.3%, UK 2.7%, Spain 2.3%, Netherlands 2.2%","rising","now","All","opened-page","Best European behavioural evidence in this pull. Germany is the European leader and has quintupled in four years. Non-tech examples cited: sales, HR, legal services, customer support, administrative.","jobs_and_skills"
"JS026","T01.S04.P05","AI adoption and total job postings","Federal Reserve FEDS Notes, ""AI Adoption and Firms' Job-Posting Behavior""","https://www.federalreserve.gov/econres/notes/feds-notes/ai-adoption-and-firms-job-posting-behavior-20260327.html","2026-03-27","US","job postings","there is no evidence thus far that industries with higher levels of AI adoption are posting fewer jobs; firm-level coefficients positive and significant at short lags (0.082*** at 1-month) declining to -0.0002 at 12 months. Data: Lightcast postings Sept 2023-Nov 2025 and Census BTOS; 7.3 million firm-month records across 1.05 million firms","stable","now","All","opened-page","CONTRADICTION SIGNAL. The most rigorous source in this pull finds no aggregate job destruction from AI adoption through Nov 2025. This undercuts programmes sold on 'leading through AI-driven workforce disruption' as an urgent 2027 need, though the 12-month coefficient turning to zero hints the short-run boost fades.","jobs_and_skills"
"JS027","T13.S02.P03","India GCC scale","Zinnov and NASSCOM, India GCC Landscape 2026, via Flexiple","https://flexiple.com/global-capability-centers/employment-stats-for-global-capability-centers-in-india","2026-01-01","India","industry body","GCC Count: 2,117 across 3,728 individual centres; Employment: 2.36 million people; Revenue: $98.4 billion; 32% increase since FY2021; ""200+ new GCCs entered India between 2024-early 2026""; ""40% of all India office leasing driven by GCC demand in 2025""; NASSCOM projects headcount exceeding 2.5 million by 2030","rising","2027-2029","All","opened-page","Secondary aggregation of Zinnov/NASSCOM - not the primary report. 2,117 GCCs each needing a site leader is a concrete addressable market for a GCC-leadership programme.","jobs_and_skills"
"JS028","T13.S02.P03","GCC hiring momentum India","Naukri JobSpeak June 2026","https://www.naukri.com/blog/naukri-jobspeak-white-collar-hiring-grows-6-in-june-2026-ai-ml-and-fresher-hiring-lead-the-charge/","2026-07-03","India","job postings","GCC hiring remained steady (-1%) at the national level, but Southern markets continued to outperform. Chennai led with 19% YOY growth in June, followed by Hyderabad at 15%","stable","now","All","opened-page","CONTRADICTION SIGNAL. GCC white-collar postings are flat nationally (-1%) even as the GCC count grows - the growth is in centre count and location shift, not aggregate hiring. Tempers the GCC-boom narrative.","jobs_and_skills"
"JS029","T03.S01.P03","AI/ML role growth India and senior-experience hiring","Naukri JobSpeak June 2026","https://www.naukri.com/blog/naukri-jobspeak-white-collar-hiring-grows-6-in-june-2026-ai-ml-and-fresher-hiring-lead-the-charge/","2026-07-03","India","job postings","AI/ML roles continued their strong run, posting 25% YOY growth in June; White-collar hiring grew +6% in June, with the Naukri JobSpeak Index reaching 3027. Experience-level growth: 4-7 years 2%, 8-12 years 7%, 13-16 years 12%, 16+ years 9%","rising","now","Senior","opened-page","Key seniority finding: in India the 13-16 year band is growing fastest (12%), well above the 4-7 year band (2%). Demand is skewing senior - directly relevant to exec-ed pricing and positioning.","jobs_and_skills"
"JS030","T10.S01.P01","Chief Sustainability Officer role being folded into other C-suite functions","EnableGreen, ""Is the Chief Sustainability Officer becoming obsolete?""","https://enable.green/news/chief-sustainability-officer-decline-what-it-means-for-business/","2026-07-16","Global","news","companies are folding ESG oversight into other existing C-suite functions — most often the Chief Financial Officer (CFO) or Head of Corporate Affairs; ""Hiring remains strong — particularly for Heads of Sustainability and Sustainability Directors""","declining","now","Senior","opened-page","WEAK. Recruiter commentary with no cited data - I opened the page and it contains no statistics. Recorded because it contradicts JS007 and because the direction of travel (ESG moving to the CFO) would change who an ESG programme is sold to. Needs verification against a postings dataset.","jobs_and_skills"
"JS031","T03.S02.P07","Model observability / AI system monitoring for leaders","Axial Search, AI Governance job market analysis (1,997 US postings)","https://axialsearch.com/insights/ai-governance-jobs","2026-08-04","Global","job postings","Observability platforms: 41% of postings (Axial Search AI governance dataset)","rising","now","Senior","opened-page","MISSING TOPIC. The single most-requested capability in AI governance postings has no topic in the 223-topic list. T03.S02.P02 (AI risk, safety and model assurance) is adjacent but the postings language is operational monitoring, not assurance.","jobs_and_skills"
"JS032","T02.S02.P04","Cross-functional collaboration and coordination","LinkedIn Skills on the Rise 2026 (global)","https://news.linkedin.com/2026/Skills-on-the-rise-2026","2026-02-01","Global","learner platform","Cross-Functional Collaboration ... Cross-Functional Coordination (LinkedIn Skills on the Rise 2026 global people-skills list)","rising","now","All","opened-page","MISSING TOPIC. Two of LinkedIn's five globally rising people skills are cross-functional working. The taxonomy has matrix-adjacent topics (T02.S02.P04 organisation design, T14.S02.P04 networking/influence) but nothing named for working across functions.","jobs_and_skills"
"JS033","T03.S03.P05","Workflow automation / agentic workflow design for managers","LinkedIn Skills on the Rise 2026 (India) via Storyboard18","https://www.storyboard18.com/brand-makers/linkedins-skills-on-the-rise-2026-identifies-top-skill-stacks-reshaping-indias-workforce-90556.htm","2026-02-01","India","learner platform","Workflow automation ranked #2 fastest-growing skill in India 2026 (LinkedIn)","rising","now","Mid","opened-page","PARTIAL GAP. T03.S03.P05 (Automation, RPA, process digitisation) and T03.S01.P03 (Agentic AI) each cover half. The posting-level concept - a manager redesigning a workflow around AI agents - straddles both.","jobs_and_skills"
"REG001","T03.S02.P03","AI literacy obligation (EU AI Act Article 4)","Crowell & Moring client alert","https://www.crowell.com/en/insights/client-alerts/part-2-ai-literacy-employer-ai-literacy-obligations-under-the-eu-ai-act","2026-06-05","Europe","policy/regulation","Employers must ""take measures to ensure, to their best extent, a sufficient level of AI literacy""; obligation applies to ""staff - and any other person dealing with AI systems on their behalf"", extending to ""contractors, service providers and customers"". Application date 2 February 2025; enforcement date 3 August 2026.","rising","now","All","opened-page","The only EU-wide legal mandate to TRAIN people on AI. Binds every provider and deployer, not just tech firms. Audience is all staff, so the executive-education slice is the leadership-level module (what the board/ExCo must understand), not the whole obligation. Enforcement machinery live from Aug 2026 means budget releases 2026-2028.","regulation_sectors"
"REG002","T03.S02.P03","EU AI Act high-risk obligations deferred by Digital Omnibus","Gibson Dunn","https://www.gibsondunn.com/eu-ai-act-omnibus-agreement-postponed-high-risk-deadlines-and-other-key-changes/","2026-05-27","Europe","policy/regulation","Annex III high-risk deadline moved from 2 August 2026 to ""2 December 2027""; Annex I (regulated products) from 2 August 2027 to ""2 August 2028""; AI regulatory sandboxes to ""2 August 2027"". Article 4 AI literacy ""retained but softened"".","rising","2027-2029","All","opened-page","Critical for demand timing: the compliance cliff did NOT disappear, it moved INTO the 2027-2031 study window. Peak preparation demand now falls in 2027 (Dec 2027 deadline) rather than 2026. Article 4 survived the simplification round - the training obligation is the part the EU chose not to cut.","regulation_sectors"
"REG003","T03.S02.P03","Digital Omnibus in force; AI Act penalties unchanged","Usercentrics knowledge hub","https://usercentrics.com/knowledge-hub/eu-ai-act-high-risk-delay-article-50-transparency-consent/","2026-07-24","Europe","policy/regulation","Regulation ""entered into force on 27 July 2026"" following Official Journal publication on 24 July 2026. Penalties ""remain unchanged"", maximum ""EUR 35 million or 7 percent of global annual turnover"". Annex III high-risk: ""2 December 2027""; Annex I: ""2 August 2028""; Article 50(2) watermarking: ""2 December 2026"".","rising","2027-2029","All","opened-page","Answers the 'is this demand real' question: the omnibus is law, the delay is settled, and the penalty ceiling was not touched. A 7%-of-turnover exposure with a fixed Dec-2027 date is the strongest executive-attention driver in this whole dataset.","regulation_sectors"
"REG004","T08.S01.P04","Board obligations under the EU AI Act","Nasdaq (governance)","https://www.nasdaq.com/articles/governance/eu-ai-act-boards","2026-08-05","Europe","policy/regulation","""Boards may delegate operational work, but not accountability."" ""Human oversight is not satisfied by nominal review processes. It requires that the humans responsible for oversight have the authority, information, and practical ability to override system outputs when necessary."" Fines up to ""EUR 35 million or 7% of global turnover"".","rising","2027-2029","Senior","opened-page","This is the sharpest board-level hook: Article 14/26 human oversight is a competence requirement, not a process requirement. Creates genuine board-programme demand (T08.S01.P04, T03.S02.P05). Note the article's timeline predates/ignores the omnibus deferral - it still says Aug 2026 for high-risk, which is now wrong; treat its dates as unreliable, its governance reasoning as usable.","regulation_sectors"
"REG005","T03.S02.P03","AI in HR/employment classified high-risk (Annex III point 4)","DLA Piper GENIE","https://knowledge.dlapiper.com/dlapiperknowledge/globalemploymentlatestdevelopments/2026/The-Digital-AI-Omnibus-Proposed-deferral-of-high-risk-AI-obligations-under-the-AI-Act","2026-01-01","Europe","policy/regulation","High-risk classification covers AI used for ""recruitment, candidate selection, performance evaluation, task allocation, monitoring of workers, and decisions on promotion or termination"". Omnibus defers ""the high-risk compliance deadline from 2 August 2026 to 2 December 2027"".","rising","2027-2029","Senior","opened-page","Puts the CHRO squarely in scope of the AI Act by Dec 2027. Maps to T07.S03.P02 (AI in HR) and T07.S01.P02 (CHRO). This is a named, dated obligation on a specific C-suite role - stronger than generic 'AI for HR' demand. Pub date on the page was not clearly stated; treat as 2026.","regulation_sectors"
"REG006","T10.S02.P01","CSRD post-Omnibus scope and first reporting year","Commonwealth Climate and Law Initiative","https://commonwealthclimatelaw.org/publication/csrd-reporting-post-omnibus-i-what-directors-need-to-know-in-2026/","2026-03-06","Europe","policy/regulation","From FY 2027 reporting, CSRD applies to EU companies with ""over 1,000 employees"" and net turnover exceeding ""EUR450m"", and non-EU companies with ""over EUR450m turnover in the EU"". Approximately 42,000 companies (90% of originally planned scope) fall out of scope. Second/third wave reporting begins FY 2027 (due 2028); non-EU companies FY 2028 due 2029.","declining","2027-2029","Senior","opened-page","The single biggest negative finding in this batch. CSRD demand did not grow - it shrank by ~90% of the addressable population. Whatever ESG-reporting programme demand existed in 2024 forecasts should be marked down hard for Europe. The remaining audience is large-cap only, and is a controller/CSO audience more than a board audience.","regulation_sectors"
"REG007","T10.S02.P01","CSRD Omnibus thresholds - contradictory figures","Norton Rose Fulbright","https://www.nortonrosefulbright.com/en/knowledge/publications/1679488b/european-parliament-votes-to-adopt-omnibus-proposal-amending-csrd-and-cs3d","2025-11-13","Europe","policy/regulation","Companies with ""over 1,750 employees and EUR450 million net turnover"". Under CS3D the European Parliament removed Article 22 entirely, which ""relates to the adoption of climate transition plans"".","declining","2027-2029","Senior","opened-page","CONTRADICTION with REG006: Norton Rose (Nov 2025, Parliament position) says 1,750 employees; Commonwealth Climate Law (Mar 2026, post-trilogue) says 1,000. The 1,000 figure is the later and more likely final one, but the disagreement is itself evidence that scope was volatile through 2026. Separately: deletion of CS3D Article 22 removes the mandatory climate transition plan duty - that kills a large chunk of assumed 'net-zero transition planning' executive demand in Europe (T10.S01.P02).","regulation_sectors"
"REG008","T10.S02.P01","BRSR Core reasonable assurance glide path (India)","CSquare Carbon","https://www.csquarecarbon.com/post/brsr-core-assurance-2026-top-500-companies-india","2026-07-23","India","policy/regulation","""FY2023-24: Top 150 listed entities by market capitalisation; FY2024-25: Top 250 listed entities; FY2025-26: Top 500 listed entities; FY2026-27: Top 1,000 listed entities."" Framework introduced via SEBI's ""July 12, 2023 circular"".","rising","now","Mid","opened-page","India moves the opposite way to Europe: scope WIDENS to the top 1,000 listed entities from FY2026-27, i.e. reporting through 2027-28. But the audience is the sustainability/finance controller and the assurance provider, not the CEO. Classify as specialist demand with a thin board-oversight layer (audit committee sign-off), NOT mainstream executive education.","regulation_sectors"
"REG009","T10.S02.P01","SEBI value chain ESG disclosure made voluntary","ricago blog","https://www.ricago.com/blog/sebi-latest-esg-disclosure-reforms-impact-on-indian-businesses-and-compliance-strategies","2025-08-22","India","policy/regulation","Value chain ESG disclosures deferred to ""FY 2025-2026"" with assessment/assurance starting ""FY 2026-2027""; value chain disclosures shifted to a ""voluntary basis""; scope refined to partners accounting for ""2% or more"" of purchases/sales or covering ""75% of their total purchases and sales"".","stable","2027-2029","Mid","opened-page","SEBI eased rather than tightened. A voluntary obligation does not force training spend. Downgrade any 'supply chain ESG for executives' demand thesis in India to discretionary.","regulation_sectors"
"REG010","T10.S02.P01","ISSB IFRS S1/S2 jurisdictional adoption","Socious ISSB adoption tracker","https://socious.io/blog/issb-adoption-tracker/","2026-04-06","Global","policy/regulation","Mandatory adopters: Australia ""Group 1 entities (the largest reporters) from FY 2024-25""; Hong Kong FY 2025; Singapore FY 2025; UK FY 2025; Brazil FY 2026; Japan first wave ""companies with market cap above JPY 3 trillion"" in FY 2027. On India: ""No formal adoption timeline has been set"".","rising","2027-2029","Mid","opened-page","ISSB is the real growth vector for sustainability reporting demand 2027-2031, not CSRD. Japan FY2027 is the largest single new cohort in the study window. India has NO ISSB mandate - so an India-sold ISSB programme is anticipatory, not compliance-driven. Tracker covers only 16 jurisdictions; treat coverage as partial.","regulation_sectors"
"REG011","T03.S05.P02","DPDP Rules 2025 phased compliance dates (India)","Anand and Anand","https://www.anandandanand.com/news-insights/the-dpdp-an-18-month-compliance-imperative-for-the-c-suite/","2025-12-19","India","policy/regulation","""Phase 2 (12 months/November 13, 2026): Consent Manager framework activation. Phase 3 (18 months/May 13, 2027): Core operational obligations become enforceable."" Significant Data Fiduciaries must make ""Mandatory appointment of a Data Protection Officer (DPO) based in India"", conduct ""Mandatory Data Protection Impact Assessment (DPIA) every 12 months"" and engage ""an independent data auditor for yearly compliance checks"". Penalty ""up to Rs 250 crore for a single instance of failure"".","rising","2027-2029","Senior","opened-page","Hard date inside the window: 13 May 2027. The Rs 250 crore ceiling makes this a board risk item, but the capability it demands (DPO, DPIA, audit) is specialist. Executive-education demand is narrow: a board/audit-committee briefing plus a CXO accountability module. Do not build a full DPDP programme for general managers.","regulation_sectors"
"REG012","T03.S02.P01","RBI FREE-AI framework - board and C-suite AI literacy","Lakshmikumaran & Sridharan","https://www.lkslaw.com/insights/articles/rbi-framework-responsible-and-ethical-enablement-of-artificial-intelligence-in-financial-sector","2025-09-08","India","policy/regulation","Framework released 13 August 2025. Recommends ""board approved AI policies within financial institutions"" and urges ""capacity building within regulated entities and regulatory bodies, particularly at the board and C-suite levels, to ensure AI literacy and readiness"". 26 recommendations across six pillars (Infrastructure, Policy, Capacity, Governance, Protection, Assurance) and 7 sutras.","rising","2027-2029","Senior","opened-page","STRONGEST India signal in this dataset for executive AI education. A regulator has named board-and-C-suite AI literacy as a recommendation, with Capacity as one of six pillars. It is recommendation not binding direction as at Sep 2026, so it creates a strong nudge rather than a compliance deadline - but RBI recommendations of this kind typically harden into Master Directions within 2-3 years, i.e. inside the window. Maps to T03.S02.P05 and T13.S01.P01.","regulation_sectors"
"REG013","T03.S02.P02","RBI draft guidance on model risk management covers AI/ML","Risk Management Association of India","https://rmaindia.org/rbis-draft-guidance-on-regulatory-principles-for-model-risk-management-2026/","2026-07-06","India","policy/regulation","Draft released June 2026 for public consultation. Covers ""commercial banks, small finance banks, payment banks, cooperative banks, Regional Rural Banks, All India Financial Institutions, Non-Banking Financial Companies (NBFCs), Asset Reconstruction Companies (ARCs), and Credit Information Companies (CICs)"" and explicitly encompasses ""artificial intelligence (AI), machine learning (ML), statistical models, and other analytical models"". Boards must ""Approve model governance policies"", ""Define risk appetite"", ""Periodically review model inventory"", ""Ensure adequate resources for validation"" and ""Monitor material model failures"".","rising","2027-2029","Senior","opened-page","India is going the opposite way to the US on model risk (see REG014). Board duties are explicit and AI/ML is in scope. Final direction likely 2027 - a dated obligation for bank and NBFC boards. Good fit for a BFSI board programme (T13.S01.P01 + T03.S02.P02).","regulation_sectors"
"REG014","T03.S02.P02","US interagency model risk management guidance revised - board role reduced, genAI excluded","Sullivan & Cromwell","https://www.sullcrom.com/insights/memo/2026/April/OCC-Fed-FDIC-Issue-Revised-Guidance-Model-Risk-Management","2026-04-29","US","policy/regulation","Revised guidance issued 17 April 2026, superseding the 2011 guidance. The agencies ""explicitly excluded generative and agentic AI models from the guidance's scope because these technologies are 'novel and rapidly evolving'"". The guidance states ""Model risk management benefits from clear roles and responsibilities with well-defined accountability"", replacing ""the original requirement for annual board approval of model risk management policies and specific board reporting requirements"".","declining","now","Senior","opened-page","Important counter-signal. US regulators REMOVED the board approval requirement and carved generative and agentic AI out of model risk scope entirely. This weakens the 'regulation will force US bank boards to get trained on AI models' thesis, and leaves genAI governed by nothing specific. Contradicts REG013 (India tightening). Record both.","regulation_sectors"
"REG015","T03.S05.P03","DORA management body ICT knowledge obligation","digital-operational-resilience-act.com (Reg (EU) 2022/2554 Art 5(4))","https://www.digital-operational-resilience-act.com/Article_5.html","2026-01-01","Europe","policy/regulation","""Members of the management body of the financial entity shall actively keep up to date with sufficient knowledge and skills to understand and assess ICT risk"".","rising","now","Senior","opened-page","One of very few regulations anywhere that places a personal continuing-education duty directly on board members. Already in force (DORA applied from Jan 2025). This is genuine board-programme demand in EU financial services, and the cleanest legal citation available for selling a director-level tech-risk module. Page pub date not stated; the Regulation is 2022/2554.","regulation_sectors"
"REG016","T03.S05.P03","RBI operational resilience - segmented training by seniority","PwC India on RBI Guidance Note","https://www.pwc.in/ghost-templates/guidance-note-on-operational-risk-management-and-operational-resilience.html","2024-06-30","India","policy/regulation","Issued 30 April 2024. Applies to commercial banks, urban/state/central co-operative banks, all-India financial institutions and all NBFCs including HFCs. Requires ""Board to set the tone at the top with strong culture of risk management and ethical business practices""; ""Segmented operational risk training based on the seniority, role and responsibilities""; ""Board is responsible and accountable for oversight over ORMF and also for performing regular review"".","rising","now","Senior","opened-page","Explicitly mandates training segmented BY SENIORITY across the entire Indian banking and NBFC system. That is close to a written specification for a tiered executive programme. No hard deadline attached, which is why it has not produced a visible procurement spike - but it is standing regulatory cover for anyone in an Indian bank who wants to buy a board/senior risk programme.","regulation_sectors"
"REG017","T03.S05.P01","SEBI CSCRF tiered cyber resilience obligations","Security Brigade","https://securitybrigade.com/blog/sebi-cscrf-complete-guide-2026/","2026-05-06","India","policy/regulation","Framework applies to ""22 types of SEBI-regulated entities"" across five tiers (MII, Qualified RE, Mid-size RE, Small-size RE, Self-cert RE). Master framework effective 20 August 2024; April 2025 amendments reclassified brokers; August 2025 clarifications softened ISO 27001 from mandatory to ""recommended"". ""IT Committee [is] Quarterly + cyber expert"" for MII through Mid-size tiers.","rising","now","Mid","opened-page","Requirement for a cyber expert on the IT committee is a board-composition signal, not a training mandate. Mostly CISO/compliance demand. Classify as specialist demand, with a narrow director-level cyber literacy add-on for market infrastructure institutions.","regulation_sectors"
"REG018","T08.S01.P01","IICA independent director databank registration and proficiency test","Independent Directors Databank (IICA/MCA)","https://www.independentdirectorsdatabank.in/faq","2026-01-01","India","policy/regulation","""Every Individual - Who has been appointed as an Independent Director in a company...and is going to be appointed"" must register. Non-exempt individuals must ""pass an online proficiency self-assessment test conducted by the institute within a period of two years from the date of inclusion of his name in the databank"". Pass mark: ""a score of not less than fifty percent in aggregate"". Legal basis: Rule 6(4), Companies (Appointment and Qualification of Directors) Fifth Amendment Rules, 2019.","stable","now","Senior","opened-page","A standing, non-discretionary certification obligation on every Indian independent director, with broad exemptions (3+ years as director/KMP, 10 years as CA/CS/advocate). Because the exemptions cover most experienced directors and the pass mark is 50%, it generates low-value test-prep demand, NOT premium executive education. Negative finding for anyone hoping to sell an ISB board programme on the back of it - the compliance need is already met cheaply. The opportunity is adjacent (AI/climate/cyber board literacy, which the databank does not cover).","regulation_sectors"
"REG019","T13.S02.P03","India GCC growth and leadership capability gap","BW People","https://www.bwpeople.in/article/india-s-gcc-boom-enters-its-next-test-talent-skills-and-leadership-621784","2026-01-01","India","news","Headline: ""India's GCC Boom Enters Its Next Test: Talent, Skills And Leadership"".","rising","2027-2029","Senior","snippet-only","Could not open - 403. Headline alone supports the direction (GCC leadership capability named as the binding constraint) but no figure is verifiable from it. Flagged for a second pass with a different source (NASSCOM/EY GCC reports). T13.S02.P03 remains the best-fitting topic and is marked [New] in the taxonomy, consistent with this being an emerging need.","regulation_sectors"
"REG020","T10.S02.P04","India clean energy jobs to 2030","SolarQuarter reporting CEEW-NRDC","https://solarquarter.com/2026/06/04/indias-clean-energy-goals-could-create-44-lakh-jobs-by-2030-with-rooftop-solar-as-the-top-driver-ceew-nrdc-finds/","2026-06-04","India","industry body","""44 lakh (4.4 million) full-time equivalent jobs"" by 2030 across India's clean energy sector; ""nearly 60% of deployment-related jobs require highly skilled or semi-skilled workers""; ""80-90% in manufacturing""; ""around 13 lakh FTE jobs will be concentrated in operations, maintenance, and manufacturing roles"".","rising","2027-2029","Entry","opened-page","NEGATIVE FINDING for executive education. The CEEW-NRDC data quantifies technician and installer demand, not managerial demand - the report provides no breakdown of managerial, supervisory or business-development roles. India's energy transition is a large vocational-skilling market and only a small executive market. Do not use the 44 lakh figure as evidence for a senior energy-transition programme; it is evidence for the opposite.","regulation_sectors"
"REG021","T11.S02.P04","India defence indigenisation targets and private-sector share","Press Information Bureau, Government of India","https://pib.gov.in/PressNoteDetails.aspx?NoteId=156103&ModuleId=3&reg=37&lang=1","2025-11-20","India","policy/regulation","""India recorded its highest-ever defence production of Rs 1.54 lakh crore in FY 2024-25""; exports ""Rs 23,622 crore in FY 2024-25"", up ""12.04%"". Targets: ""defence manufacturing worth Rs. 3 lakh crore"" and ""Rs 50,000 crore in defence exports by 2029"". Private sector contribution ""23%"" of production. ""788 industrial licenses have been issued to 462 companies""; ""16,000 MSMEs"".","rising","2027-2029","Senior","opened-page","The 2029 target implies roughly doubling production inside the study window, from a base where private industry is only 23%. 462 licensed companies and 16,000 MSMEs scaling into defence is a real general-management and offsets/compliance capability gap. But there is no obligation to train anyone - this is sector-shift demand, discretionary, and the addressable population is small. Better as a niche programme than a theme.","regulation_sectors"
"REG022","T12.S01.P04","ABDM compliance mandate for AB-PMJAY empanelled hospitals","EHR.Network","https://ehr.network/abdm-compliance-ab-pmjay-hospitals-2026/","2025-12-18","India","policy/regulation","Private hospitals empanelled under AB-PMJAY must ""Adopt ABDM-certified HMIS / HIS solutions"", ""Submit all insurance claims directly through the PMJAY Transaction Management"" and ""Integrate claim data via the ABDM network"". Cited rationale includes ""fake or duplicate patient admissions"" and ""inflated or invalid insurance claims"".","rising","now","Mid","opened-page","Binds hospital operators, but the capability required is systems integration and claims process redesign - a hospital-IT and revenue-cycle problem. Creates specialist demand, not executive-education demand, with the exception of hospital CEO/owner briefings on digital-health operating models (T12.S01.P04). No exact deadline date could be verified from this source.","regulation_sectors"
"REG023","T06.S01.P04","India Semiconductor Mission 2.0 and semiconductor talent requirement","Manufacturing Today India","https://www.manufacturingtodayindia.com/foundation-indias-next-technology","2026-01-01","India","news","Headline: ""Semiconductor talent: The foundation of India's next technology revolution"".","rising","2027-2029","Unknown","snippet-only","Could not open - 403. India Semiconductor Mission 2.0 was announced in Budget 2026 (per PIB Feb 2026 document seen in search results) but no figure verified. Semiconductor/PLI demand is almost entirely engineering-level; the executive slice is plant leadership and manufacturing strategy (T06.S01.P04), which is a small cohort. Treat as unverified and low priority.","regulation_sectors"
"REG024","T03.S01.P04","Board and C-suite AI literacy as a named regulatory expectation (missing topic)","Synthesis of REG001, REG004, REG012, REG015","","2026-09-25","Global","policy/regulation","No single source; concept recurs verbatim across EU AI Act Art 4, DORA Art 5(4) and RBI FREE-AI (""capacity building ... particularly at the board and C-suite levels, to ensure AI literacy and readiness"").","rising","2027-2029","Senior","opened-page","TAXONOMY GAP. The list has T03.S01.P04 'Data and AI literacy for non-technical leaders' and T03.S02.P05 'Board oversight of AI' as separate topics, but nothing for the regulator-driven, evidence-producing version: a board/ExCo AI-literacy programme that a company can point to as its Article 4 / DORA / FREE-AI compliance artefact. That certification-with-evidence framing is what makes the sale non-discretionary and is the highest-conviction new product in this research.","regulation_sectors"
"IN001","T13.S02.P03","GCC scale: 2,117 GCCs, 2.36Mn talent, $98.4Bn FY2026; 'Centers built for delivery are increasingly holding global ownership'","Zinnov-nasscom India GCC Landscape 2026","https://zinnov.com/centers-of-excellence/zinnov-nasscom-india-gcc-landscape-2026-report/","2026-03","India","industry body","""2,117 GCCs in India"" across ""3,728 GCC units"" employing ""2.36Mn talent""; ""$98.4Bn market"" FY2026; ""32% growth since FY2021""; ""506 Forbes Global 2000 companies operate a GCC in India"". ""The strategic role of India GCCs has fundamentally changed. Most enterprise operating models have not.""","rising","2027-2029","All","opened-page","The authoritative India-specific structural signal. Scale alone is not a leadership-education signal; the operating-model sentence is. T13.S02.P03 is the only topic that names GCCs and it is flagged [New] - correctly.","india_institutions"
"IN002","T13.S02.P03","Global roles held from India GCCs: 115 (2015) to 6,500+ (2024), projected 30,000 by 2030","Zinnov, 'The Rise of Global Roles in India'","https://zinnov.com/centers-of-excellence/the-rise-of-global-roles-in-india-a-new-era-of-leadership-blog/","2024-07-25","India","industry body","Pari Natarajan, CEO Zinnov: ""The number of global roles in India GCCs has grown from a mere 115 in 2015 and is projected to grow to 30,000 by 2030."" Indian GCC leaders now responsible for ""driving financial performance, making core technology decisions, and influencing enterprise architecture and processes.""","rising","2027-2029","Senior","opened-page","~23,500 net new global P&L/enterprise-scope roles to be filled from India between now and 2030. This is the single best-quantified India-specific senior-leader demand pool in this whole scan. Maps to T01.S02.P03 (leading the enterprise), T01.S02.P05 (leading a P&L), T14.S01.P06 (cross-cultural) and T13.S02.P03.","india_institutions"
"IN003","T01.S04.P03","GCC leadership AI literacy at 27%; 90%+ of GCCs say 40% or fewer of their leaders have enough AI literacy for strategic decisions","PwC-FICCI GCC survey (200 senior GCC executives)","https://www.entrepreneurindia.com/blog/en/news/most-gcc-leaders-cite-talent-upskilling-as-critical-to-competitive-advantage-pwc-ficci-survey.60798","2026-08-13","India","industry body","""Leadership AI literacy at only 27% on average""; ""Over 90% report 40% or fewer leaders have sufficient AI literacy for strategic decisions""; ""72% of GCCs need to reskill/upskill over 40% of their workforce""; ""94% believe talent development spending must rise to at least 6% of operating budgets (from current 3-5%)""; ""86% expect AI to bring substantial or transformational change by 2030""","rising","now","Senior","opened-page","Strongest single India signal for AI-fluency-for-leaders. Note it is a stated-intent survey, not behaviour. The 3-5% to 6% budget line is a direct addressable-spend signal for exec ed. Supports T01.S04.P03, T03.S01.P04, T03.S01.P01, T13.S02.P03.","india_institutions"
"IN004","T13.S02.P03","62% of GCCs cite lack of professionals combining domain expertise with tech skills; 'composite skills that combine AI capabilities with domain knowledge'","PwC-FICCI GCC survey","https://www.entrepreneurindia.com/blog/en/news/most-gcc-leaders-cite-talent-upskilling-as-critical-to-competitive-advantage-pwc-ficci-survey.60798","2026-08-13","India","industry body","""62% cite lack of professionals combining domain expertise with tech skills""; Rajesh Ojha, PwC India: ""composite skills that combine AI capabilities with domain knowledge""; ""57% want AI/digital modules in engineering and management curricula""","rising","2027-2029","Mid","opened-page","The gap named is a hybrid, not a pure-AI, gap. Argues against standalone AI courses and for AI-plus-function formats. Supports T03.S01.P04, T15.S01.P02.","india_institutions"
"IN005","T01.S02.P04","GCC senior leadership pipeline not being built internally; missing capabilities named as global stakeholder management, strategic influence with HQ, AI and data governance, crisis and risk management","Business of GCC, 'GCC Talent Strategy 2026'","https://www.businessofgcc.com/insights/analysis/gcc-talent-strategy-2026","2026","India","industry body","""Senior leadership roles in GCCs are disproportionately filled through external hiring rather than internal promotion, which signals that the pipeline is not being built."" Gaps named: ""Global stakeholder management; Strategic influence with headquarters; AI and data governance; Crisis and risk management; Internal talent development"". ""58% of GCCs take 45+ days to fill critical roles"".","rising","now","Senior","opened-page","Trade-press analysis, weaker than NASSCOM/PwC, but the capability list is unusually precise and none of it is technical. 'Strategic influence with headquarters' has no home in the 223-topic list - closest are T14.S02.P04 and T07.S04.P05, both of which miss the cross-border-principal-agent character. Possible missing topic.","india_institutions"
"IN006","T01.S04.P02","AI may reduce entry-level absorption in GCCs while managerial orchestration demand grows; 40k-150k displacement by 2030","ORF, 'Capability in the Age of AI: India's GCCs and the Future of White-Collar Work'","https://www.orfonline.org/research/capability-in-the-age-of-ai-india-s-gccs-and-the-future-of-white-collar-work","2026-06-16","India","industry body","""AI may reduce entry-level absorption even if aggregate GCC output continues"" expanding; conservative scenario ""~40,000 jobs displaced by 2030"", aggressive ""~150,000 jobs displaced by 2030"" against a 4-4.5Mn 2030 baseline; ""enterprise transformation requires human orchestration, domain judgement, and organisational capability""; new roles in ""AI governance and model supervision, data quality management, compliance automation oversight, human-machine workflow design"".","rising","2027-2029","Mid","opened-page","Important corrective: the projected GCC displacement is small (1-3% of the 2030 base) and concentrated at entry level. The managerial layer is described as the thing AI needs more of, not less. Supports T01.S04.P02, T01.S04.P01, T03.S02.P01.","india_institutions"
"IN007","T03.S02.P05","RBI FREE-AI framework mandates board-level accountability for AI in all regulated financial entities","RBI FREE-AI Committee Report (via Humaine Eti summary)","https://www.humaineeti.ai/resources/rbi-free-ai-framework","2025-08-13","India","policy/regulation","Pillar 4 Governance: ""Board-level accountability, reporting, and oversight of AI initiatives. AI disclosures move from optional to part of the annual report."" Board-approved AI policies covering ""AI lifecycle management, risk controls, and third-party vendor liabilities"" with board sign-off and annual reviews; a designated executive (Chief AI Officer or equivalent) holding ""accountability for AI risk, with quarterly board reporting"". Pillar 3 Capacity: ""Building AI skills, knowledge sharing, and expertise in fairness and explainability across the sector.""","rising","now","Senior","opened-page","Non-discretionary. Every Indian bank, NBFC, insurer board now needs AI-governance literacy, and a named Chief AI Officer role is being created wholesale. Strongest India regulatory driver for T03.S02.P05, T08.S01.P04, T03.S02.P01, T13.S01.P01. Note: summary is secondary; primary PDF is rbidocs.rbi.org.in.","india_institutions"
"IN008","T03.S05.P02","DPDP Act substantive obligations and penalties commence 13 May 2027; Rules notified 13 Nov 2025","ConsentOS DPDP compliance timeline","https://consentos.in/learn/dpdp-compliance-timeline/","2026-03-12","India","policy/regulation","""The Digital Personal Data Protection Rules were notified on 13 November 2025""; ""On 13 May 2027 the substantive obligations of the Act commence: notice under Section 5, consent under Section 6, general obligations and security safeguards under Section 8"", with penalty provisions taking effect simultaneously; maximum penalty ""INR 250 crore"" for failure of reasonable security safeguards; Significant Data Fiduciaries face ""Mandatory Data Protection Impact Assessments and independent audits"", DPO appointment and 72-hour breach notification.","rising","2027-2029","All","opened-page","A hard-dated compliance cliff inside the study window. Demand for DPDP-literate managers peaks FY2026-27, i.e. exactly 2027. Supports T03.S05.P02, T03.S02.P03, T08.S02.P03. Secondary source - verify date against MeitY/PIB primary.","india_institutions"
"IN009","T10.S02.P01","BRSR Core value-chain reporting for top 250 listed entities from FY2024-25; assurance/assessment glide path for top 1,000","Uniqus, BRSR reporting and assurance framework update","https://uniqus.com/latest-updates-on-the-brsr-reporting-and-assurance-framework/","2025-01-16","India","policy/regulation","""top 250 listed entities"" must report BRSR Core for their value chain ""from Financial Year (FY) 2024-25 onwards""; ""top 1,000 listed entities"" subject to phased assurance; SEBI ""substituted the term 'assurance' with 'assurance or assessment'""; value chain partners ""cumulatively comprising 75% of their purchases/sales (by value)"".","rising","now","Mid","opened-page","Value-chain scope is the demand multiplier: the obligation propagates from 250 listed firms to thousands of unlisted suppliers whose managers must produce auditable ESG data. India's BRSR is a stronger near-term driver than CSRD is for Indian firms. Supports T10.S02.P01, T10.S01.P01, T06.S02.P02.","india_institutions"
"IN010","T08.S01.P01","Statutory director proficiency test: every individual in the IICA Independent Directors Databank must pass within two years of registration","IICA / Companies Act s.150(1) (via iPleaders guide)","https://blog.ipleaders.in/iica-independent-director-exam-2026-syllabus-fees/","2026-03-28","India","policy/regulation","""Every individual whose name appears in the Independent Directors Databank maintained by the Indian Institute of Corporate Affairs must pass the Online Proficiency Self-Assessment Test within two years of registration."" Syllabus: Companies Law, Securities Law, Basic Accountancy, Corporate Governance. ""An individual who has obtained a score of not less than 50% in aggregate shall be deemed to have passed such test."" Basis: Section 150(1) Companies Act 2013 and Rule 6(4).","stable","now","Senior","opened-page","India has a statutory, examined board-readiness requirement that the US and EU do not. It creates guaranteed volume for T08.S01.P01/P02 but caps price - the test itself is cheap and self-assessed. The exec-ed opportunity is the gap the syllabus does NOT cover: AI, cyber, ESG oversight (T08.S01.P04, T10.S02.P02, T03.S05.P01).","india_institutions"
"IN011","T01.S04.P05","NITI Aayog Roadmap for Job Creation in the AI Economy: up to 4 million new jobs in five years across a 9-million-professional, $245bn sector","NITI Aayog / PIB (with NASSCOM and BCG)","https://www.pib.gov.in/PressReleasePage.aspx?PRID=2177440&reg=48&lang=2","2025-10-10","India","policy/regulation","""Up to 4 million new jobs"" can be created in the next five years across ""9 million technology and customer experience professionals"" in a ""$245 billion"" sector; three pillars: embed AI literacy across education, ""build national reskilling engine for tech/CX professionals"", position India as a global AI talent magnet; at-risk roles named as QA engineers and L1 support agents; emerging roles include Ethical AI Specialists and AI Trainers.","rising","2027-2029","All","opened-page","Government framing is overwhelmingly about technical and entry-level roles. NITI Aayog does NOT name a managerial or leadership capability gap. That absence is itself a finding: India's official AI-skilling narrative has no leadership layer, which is where an exec-ed provider has unclaimed ground.","india_institutions"
"IN012","T01.S01.P01","India's Management Capability Development Index fell from ~76 (2011) to 69.7 (2024); 'Innovation and Adaptability' the worst-performing dimension","KPMG India / AIMA Management Capability Development Index India 2024","https://kpmg.com/in/en/insights/2025/04/management-capability-development-index-mcdi-india-2024-report.html","2025-04-15","India","consultancy research","MCDI score declined ""from around 76 to 69.7 in 2024, reflecting stagnant growth in management capabilities"", ~8.3% since 2011; ""Innovation and Adaptability"" the worst-performing dimension in 2024, down ~10% since 2011; ""Integrity and Corporate Governance"" highest-ranked throughout; ""core capabilities like organisation capability and application of technology and knowledge show only modest improvements"". Sample: 200 senior leaders including CEOs and CXOs.","declining","now","Senior","opened-page","Rare longitudinal India-specific measure of managerial quality, and it is going backwards over 13 years. Directly supports foundational and general-management topics (T01.S01.*, T15.S01.P01) against the assumption that classic management content is saturated. Also supports T09.S01.P01 via the innovation-capability decline.","india_institutions"
"IN013","T13.S02.P03","AI/ML hiring +31% YoY, GCC hiring +10% YoY; hiring for 16+ years experience more than doubled and 13-16 years +87%","Naukri JobSpeak, August 2026 (via ANI)","https://aninews.in/news/business/aiml-hiring-rises-31-pc-yoy-in-august-gcc-recruitment-grows-10-pc-naukri-jobspeak20260908113325/","2026-09-08","India","job postings","""AI/ML Hiring: 31% year-on-year increase""; ""GCC hiring: 10% growth""; white-collar hiring +14% YoY, index ""rose to 3,028 points from 2,664""; experience bands: ""16+ years experience: More than doubled"", ""13-16 years experience: 87% increase"", ""8-12 years experience: 39% rise"". GCC growth by city: Hyderabad 28%, Chennai 21%, Pune 15%, Bengaluru 13%.","rising","now","Senior","opened-page","Behavioural, not stated intent - the strongest evidence class in this scan. Senior-band postings are growing several times faster than the overall market, which is the opposite of the global 'AI flattens middle management' narrative. Directly supports T01.S02.*, T13.S02.P03 and undercuts the assumption that senior demand is soft.","india_institutions"
"IN014","T03.S01.P02","India executive education and upskilling market USD 12.2bn (2025) to USD 27.3bn (2032), 12.21% CAGR; digital and technology upskilling is the dominant revenue pool","Ken Research, India Executive Education and Upskilling Market","https://www.kenresearch.com/india-executive-education-and-upskilling-market","2026-08","India","consultancy research","""2025 Market Value: USD 12,200 million; 2032 Projection: USD 27,320 million; CAGR (2025-2032): 12.21%""; segments: ""Digital and Technology Upskilling (dominant revenue pool), Executive Leadership Education, Functional and Professional Upskilling, Managed Enterprise Learning""; ""Blended Hybrid programs are positioned for the strongest premiumization because they preserve flexibility while supporting peer networking""; ""90% of surveyed Indian professionals (2025, India) consider AI and GenAI expertise critical for future-proofing careers"".","rising","2027-2029","All","opened-page","Treat the absolute numbers as contested - Ken Research separately publishes an India executive education market of INR 1,480 crore (~USD 175mn), roughly 70x smaller, because it scopes the category differently. Use the CAGR and the segment ordering, not the level. The blended-hybrid premiumisation finding is the actionable part.","india_institutions"
"IN015","T13.S01.P05","Contradictory Indian market sizing: same research house reports INR 1,480 Cr executive education and USD 12.91bn corporate training","Ken Research press releases (via OpenPR)","https://www.openpr.com/news/4570742/ken-research-stated-india-executive-education-market-reached","2026","India","consultancy research","Headline: ""Ken Research Stated India Executive Education Market Reached INR 1,480 Cr""; separate headline: ""Ken Research Stated India Corporate Training Market to Reach USD 12.91 Billion"".","stable","now","All","snippet-only","Could not open either page (403). Recorded because the contradiction is the finding: Indian exec-ed market sizes in circulation differ by up to two orders of magnitude depending on whether corporate L&D spend is included. Any business case built on a single Indian market-size number is unsafe.","india_institutions"
"IN016","T03.S01.P04","85% of Indian employers report some AI or GenAI use but only 13% have adoption across more than half their workforce","TeamLease Employment Outlook Report H2 FY27 (via Business Standard)","https://www.business-standard.com/amp/industry/news/india-s-workforce-expansion-expected-at-5-4-in-h2-fy27-teamlease-126092400589_1.html","2026-09-24","India","employer survey","""85 per cent of employers report some level of AI or GenAI use, only 13 per cent have adoption across more than half of their workforce."" Net employment change projected at 5.4% for H2 FY27, ""the highest level in the past four half-year periods""; ""72 per cent expect moderate to significant difficulty in hiring"".","rising","2027-2029","All","opened-page","The 85/13 split is the adoption-depth gap. It means the binding constraint in India is diffusion through the organisation - a management problem - not tool access. Best evidence for T01.S04.P03 and T03.S03.P01 as distinct from T03.S01.P02.","india_institutions"
"IN017","T04.S01.P05","'Commercial acumen is becoming increasingly important for senior leadership appointments in engineering and manufacturing'","Michael Page India Salary Guide 2026 and TeamLease (via Business Today)","https://www.businesstoday.in/jobs/story/india-salary-hikes-to-stabilise-at-8-12-in-2026-which-skills-can-fetch-up-to-30-557265-2026-09-23","2026-09-23","India","consultancy research","Average increments ""8-12% in 2026""; premium skills hikes ""up to 30% when changing jobs"", and at Rs 50 lakh-plus ""hikes of 40-45%"". ""Commercial acumen is becoming increasingly important for senior leadership appointments in engineering and manufacturing."" Premium skills listed: AI/ML, semiconductors, renewable energy, automotive, battery technologies, cloud management, cybersecurity, data.","rising","now","Senior","opened-page","Pay data is behaviour-adjacent. The 40-45% premium at the Rs 50 lakh-plus band says the scarcity is at senior level. The commercial-acumen line supports finance-for-non-finance and P&L topics (T04.S01.P01, T04.S01.P05, T01.S02.P05) for technical seniors - a classic India exec-ed segment.","india_institutions"
"IN018","T01.S04.P03","NASSCOM AI Adoption Index 2.0 names 'leadership commitment to AI being inconsistent' as a top barrier across 500 Indian companies","NASSCOM AI Adoption Index 2.0 (via IndiaAI)","https://indiaai.gov.in/article/ai-s-presence-within-indian-organizations-has-witnessed-notable-growth-nasscom-ai-adoption-index-2-0","2024","India","industry body","Adoption score ""2.47 on a 4-point scale (compared to 2.45 in 2022)""; ""87% of companies are in the middle stages of Enthusiast and Expert AI adopters""; ""2X rise in the number of companies at the Expert stage in 2024 versus 2022"". Barriers: ""Leadership commitment to AI being inconsistent"" reflected in ad-hoc proof-of-concept strategies; use case selection difficulties; AI-led innovation ""very nascent and lagging"". 500 companies across seven sectors representing 75% of India's GDP.","rising","now","Senior","opened-page","India's own tech industry body puts leadership, not technology or engineering talent, first on the barrier list. The score barely moved 2022-2024 (2.45 to 2.47) despite the GenAI wave - adoption is stalling at the management layer. Supports T01.S04.P03, T03.S01.P05, T02.S03.P01.","india_institutions"
"IN019","T03.S01.P05","NASSCOM chief: India Inc has 5-10 years of AI implementation runway even if innovation stopped today; barrier is 'enterprise friction'","NASSCOM (Srikanth Velamakanni) via Business Today","https://www.businesstoday.in/technology/artificial-intelligence/story/india-inc-has-5-10-years-of-ai-implementation-runway-even-if-innovation-stops-today-nasscom-chief-557693-2026-09-24","2026-09-24","India","industry body","""Once, let's say all AI stopped today... we still have five to ten years to implement the best AI right now, if we even stop progress."" Main obstacle is ""enterprise friction"": budget constraints, data readiness, talent shortages, legal considerations, accuracy and reputational risk. ""For the first time, we have an opportunity to not face that problem, because today, AI is coming as an opex, rather than capex for most organisations.""","rising","2027-2029","Senior","opened-page","Reframes the 2027-2031 India demand: the scarce capability is implementation and change management, not frontier-model knowledge. Argues for T01.S05.P01, T03.S03.P01, T03.S01.P05 over T03.S01.P02. The opex-not-capex point is a genuine India-specific mechanism - it removes the capital barrier that historically slowed Indian IT adoption.","india_institutions"
"IN020","T12.S01.P01","India produces ~2,500 hospital management professionals a year against a current requirement of 21,000+ and ~45,000 needed by 2030","Study reported by Outlook India Healthcare Spotlight","https://www.outlookindia.com/healthcare-spotlight/doctors-can-treat-patients-but-who-will-run-the-hospital-study-flags-admin-gap","2026-08-12","India","news","""India currently produces approximately 2,500 hospital management professionals annually"" against a ""current requirement: over 21,000 professionals"" and a ""projected requirement by 2030: around 45,000 health management professionals"". Only ""74 postgraduate seats in hospital administration recognized by the National Medical Commission"", about ""0.15% of all postgraduate medical seats"". Survey of 574 healthcare professionals and students: ""46% of medical students reported little or no information about hospital administration"".","rising","2027-2029","Mid","opened-page","An order-of-magnitude supply shortfall in a topic the taxonomy already carries (T12.S01.P01) and a natural exec-ed rather than degree market, because the demand is clinicians already in post. Also supports T12.S02.P03 (clinical leadership for doctors). India-specific: the bottleneck is regulated PG seats, which exec ed sidesteps entirely.","india_institutions"
"IN021","T01.S02.P03","CONTRADICTION: foundit Insights Tracker reports Senior Management function hiring -13% YoY and 15+ years experience -11%, against Naukri's 16+ years more than doubling","foundit Insights Tracker, August 2026","https://www.foundit.in/career-advice/foundit-insights-tracker-august-2026/","2026-09-04","India","job postings","Overall index ""-10%"" YoY, ""+5%"" MoM, ""-18%"" over 6 months. By experience: ""7-10 years: +10%"" the only segment with annual growth; ""11-15 years: -2%""; ""15+ years: -11%""; ""0-3 years: -9%"". By function, Senior Management ""-13%"". ""firms are pulling back on volume hiring at the junior end and on leadership expansion at the top, while retaining appetite for the mid-career layer.""","declining","now","Senior","opened-page","Directly contradicts row IN013 (Naukri JobSpeak, same month, same market). Both are job-posting counts. Likely explanation: different employer mixes and index bases - Naukri skews IT/GCC white-collar, foundit broader. Net reading: senior demand is concentrated in GCC and AI-adjacent employers and weak elsewhere, which sharpens rather than weakens the GCC-leadership thesis. Do not cite either number alone.","india_institutions"
"IN022","T07.S02.P03","India Skills Report 2026: employability 56.35%; persistent employer concerns on communication, problem-solving, teamwork and critical thinking despite technical competence","India Skills Report 2026 (ETS, CII, AICTE, AIU, Taggd) via InsightsonIndia","https://www.insightsonindia.com/2025/11/14/the-india-skills-report-2026/","2025-11-14","India","industry body","Overall employability ""56.35% (from ~54.8%)"", ""almost a 10-percentage point jump in about 4 years"". ""AI, data analytics, automation, cloud, cybersecurity dominate roles"". ""persistent concerns around communication skills, problem-solving, teamwork and critical thinking"" despite technical competence. Companies plan to hire ""40% more people"" next year (up from 29%). ""Gig hiring grew ~38%"" with gigs ""around 16% of all jobs"".","stable","now","Entry","opened-page","Weak evidence for this study - the ISR measures entry-level employability, not managerial capability. Recorded for completeness and because the named gaps are communication and critical thinking, not AI. Supports T14.S01.P04, T14.S02.P02, T14.S01.P03 as durable India demand that AI does not displace.","india_institutions"
"IN023","T10.S01.P02","NITI Aayog MSME green transition roadmap: a dedicated national institute for energy and greening plus cluster capacity building, over a 10-year implementation","NITI Aayog, Roadmap for Green Transition of MSMEs","https://www.niti.gov.in/sites/default/files/2026-01/Roadmap_for_Green_Transition_of_MSMEs.pdf","2026-01","India","policy/regulation","""a dedicated 'MSME National-Level Institute for Energy and Greening' will be required to be established under the aegis of the Ministry of MSME""; the NPMA ""to also lead the demand aggregation efforts to maximise the uptake of green transition efforts in selected MSME clusters. This will involve capacity building on the three identified levers/solutions""; ""MSMEs are unaware of the technologies and performance guarantee models run by energy services companies"".","rising","2027-2029","Mid","opened-page","Government is explicitly funding owner-manager capability building for decarbonisation. Pairs with the BRSR value-chain obligation (IN009): listed firms push ESG data requirements down to MSME suppliers while NITI Aayog funds the MSMEs' capacity. Supports T10.S01.P02, T10.S01.P03, T09.S02.P05, T15.S01.P04.","india_institutions"
"IN024","T13.S02.P03","GCC India headcount projected to reach 4-4.5 million by 2030 from ~2.3 million, implying a managerial layer several times its current size","ORF, 'Capability in the Age of AI: India's GCCs'","https://www.orfonline.org/research/capability-in-the-age-of-ai-india-s-gccs-and-the-future-of-white-collar-work","2026-06-16","India","industry body","""Current (FY2024): 1,700+ GCCs generating $64.6 billion annually, employing ~1.9 million professionals""; ""Projected (FY2026): 2,100+ centers with 2.3 million employees and ~$100 billion revenue""; ""2030 Target: 4-4.5 million employees across the sector"".","rising","2027-2029","All","opened-page","At any plausible span of control, doubling GCC headcount by 2030 requires roughly 100,000-200,000 additional people managers and several thousand additional senior leaders in India in the study window. No Indian business school currently runs a GCC-leadership programme at that scale. This is the clearest unmet-supply argument in the scan.","india_institutions"
"WH01","T01.S04.P01","Agent boss / managing AI agents as a team","Microsoft Work Trend Index 2025 (WorkLab)","https://www.microsoft.com/en-us/worklab/work-trend-index/2025-the-year-the-frontier-firm-is-born","2025-04-23","Global","employer survey","'Agent Boss': a professional who builds, delegates to and manages AI agents to expand impact and scale faster. 81% of leaders expect moderate-to-extensive agent integration into their AI strategy within 12-18 months. 28% of leaders are considering hiring AI workforce managers. Survey of 31,000 knowledge workers across 31 countries.","rising","2027-2029","All","opened-page","Vendor-sponsored and definitionally self-serving, but it is the framing that has travelled furthest into leadership vocabulary. 'Human-agent ratio' and 'work chart' (outcome-based teams replacing function-based org charts) are the two concepts ISB could own as a course.","work_and_hbr"
"WH02","T01.S04.P02","Redesigning managerial work around AI / work chart replacing org chart","Microsoft Work Trend Index 2025 (WorkLab)","https://www.microsoft.com/en-us/worklab/work-trend-index/2025-the-year-the-frontier-firm-is-born","2025-04-23","Global","employer survey","'Work Chart': dynamic, outcome-driven organisational model replacing traditional function-based org charts, with teams forming around goals powered by AI agents. 82% of leaders say 2025 is a pivotal year to rethink strategy and operations. 51% of managers say AI training will be a core responsibility within five years.","rising","2027-2029","Senior","opened-page","51% of managers expecting AI training to become a core managerial responsibility is the single most course-relevant number here: it makes capability-building a line-manager job, not an L&D job.","work_and_hbr"
"WH03","T01.S04.P03","Building AI fluency and adoption in the workforce; manager modelling effect","Microsoft Work Trend Index 2026 (WorkLab)","https://www.microsoft.com/en-us/worklab/work-trend-index/agents-human-agency-and-the-opportunity-for-every-organization","2026-05-05","Global","employer survey","When managers actively model AI use there is a 17-point lift in reported AI value, a 22-point lift in critical thinking about AI, and a 30-point lift in trust in agentic AI. Where managers create psychological safety, employees are 1.4x more likely to be high-frequency agentic AI users. Organisational factors account for more than 2x the reported AI impact of individual factors (67% vs 32%). 20,000 knowledge workers, 10 countries, Feb-Apr 2026.","rising","now","Mid","opened-page","This is the strongest available argument that AI adoption is a *management* problem, not a tools problem — i.e. it belongs in leadership programmes, not technical ones. Note the organisational-vs-individual 67/32 split: it directly undercuts the 'train individuals in prompting' model of exec ed.","work_and_hbr"
"WH04","T01.S04.P04","Trust, accountability and human oversight of AI decisions","Harvard Business Review — Kropp Bedard Wiles Hsu Krayer (BCG)","https://hbr.org/2026/05/research-why-you-shouldnt-treat-ai-agents-like-employees","2026-05-06","Global","expert/HBR","Large-scale experiment found anthropomorphising AI agents reduced individual accountability among human workers, increased unnecessary escalation of decisions, lowered quality of work reviews, increased confusion about role definitions, and produced no improvement in AI adoption. Leaders should focus on 'redesigning workflows, roles, and governance so humans remain clearly accountable while effectively supervising increasingly capable systems.'","rising","now","Mid","opened-page","Rare HBR piece with an actual experiment behind it, so grade it above normal HBR opinion. Useful because it argues AGAINST the Microsoft 'agent boss' framing — teach accountability design, not agent-as-teammate.","work_and_hbr"
"WH05","T01.S04.P02","Managers' share of time spent directing AI rather than doing work","BCG AI at Work 2026 (fourth edition)","https://www.bcg.com/press/3june2026-ai-reshaping-jobs-faster-than-companies-reshaping-work","2026-06-03","Global","employer survey","47% of workers spend more time managing and directing AI than doing the work themselves. 72% report AI has considerably changed skill requirements. 30% have agents integrated into workflows, doubled from 13% a year earlier. 11,749 workers across 14 markets.","rising","now","All","opened-page","'Managing AI' becoming the majority of the job for nearly half the workforce is a behaviour-adjacent measure, stronger than intent. Supervision/delegation/quality-assurance is now a mass skill, not an elite one.","work_and_hbr"
"WH06","T01.S04.P05","Managers and leaders expect agents to absorb half their own role","BCG AI at Work 2026 (fourth edition)","https://www.bcg.com/press/3june2026-ai-reshaping-jobs-faster-than-companies-reshaping-work","2026-06-03","Global","employer survey","65% of managers and leaders expect AI agents to handle at least 50% of their role within three years. 61% of all respondents believe agents could handle at least half their job within three years. 52% have limited understanding of agent capabilities.","rising","2027-2029","Senior","opened-page","Self-reported expectation, so intent not behaviour — but the seniority cut is exactly the study's period and audience. The 65%-expect vs 52%-don't-understand gap is a straightforward programme hook.","work_and_hbr"
"WH07","T01.S04.P03","Frontline AI adoption highest in India","BCG AI at Work 2026 (fourth edition)","https://www.bcg.com/press/3june2026-ai-reshaping-jobs-faster-than-companies-reshaping-work","2026-06-03","India","employer survey","India, the Middle East, Brazil and South Africa lead adoption among frontline workers, exceeding the global average and most developed nations; the US, France and Italy lag. 74% of frontline employees are regular AI users, up 23 percentage points year-over-year. 66% receive limited or no guidance on redirecting saved time; over 50% don't redirect time into strategic work.","rising","now","All","opened-page","India-specific and important for ISB positioning: the Indian constraint is not tool adoption, it is managerial redesign of what to do with freed capacity. That is a general-management problem.","work_and_hbr"
"WH08","T01.S01.P03","Middle managers as the bottleneck in AI adoption — workload not headcount","Harvard Business Review — Julia Shin and Sandra J. Sucher","https://hbr.org/2026/06/ai-adoption-is-overloading-your-middle-managers","2026-06-26","Global","expert/HBR","18 semi-structured interviews at two major consulting firms. Senior leaders expand scope and junior consultants gain productivity, but middle managers absorb three new burdens — validating AI-generated outputs, identifying and correcting errors, and coaching teams on AI skills — under 'unchanged or even increased delivery pressure' and without formal support structures. The middle layer is 'a critical bottleneck'.","rising","now","Mid","opened-page","Directly relevant to the middle-management question and points the OPPOSITE way to the flattening story: the role is being loaded, not deleted. Small qualitative sample (n=18, two firms) so grade the generalisation cautiously. No taxonomy topic covers 'supervising and quality-assuring AI output as a managerial discipline' — closest is T01.S04.P04 but that is framed as governance, not as day-to-day workload.","work_and_hbr"
"WH09","T01.S04.P03","Middle managers determine whether AI adoption succeeds","Harvard Business Review — Gleb Tsipursky","https://hbr.org/2026/09/middle-managers-will-make-or-break-ai-adoption","2026-09-01","Global","expert/HBR","'The most common failure point in generative AI is not the boardroom, the vendor shortlist, or the training portal. It is the layer of managers who must turn executive ambition into everyday behavior.' Identifies five manager profiles: AI skeptics, wait-and-see traditionalists, cautious implementers, enthusiastic experimenters, AI catalysts.","rising","now","Mid","opened-page","Expert opinion, no data — grade low on evidence, high on audience salience. Consistent with WH03 (Microsoft's manager-modelling lift), which gives the assertion empirical backing from another source.","work_and_hbr"
"WH10","T01.S01.P03","AI is squeezing middle managers","Harvard Business Review — Gretchen Gavett (The Insider)","https://hbr.org/2026/06/ai-is-squeezing-middle-managers","2026-06-30","Global","expert/HBR","Headline and standfirst: 'AI Is Squeezing Middle Managers' — describing 'new research showing how AI adoption is overloading middle managers.'","rising","now","Mid","snippet-only","Could not open the body (newsletter page returned metadata only). Recorded because HBR chose to run the squeeze framing as a headline twice in one month — that is a signal about what the leadership audience is being told, even if the underlying research is WH08.","work_and_hbr"
"WH11","T01.S03.P07","Span of control roughly doubled in five years","Axios citing Gusto payroll analysis","https://www.axios.com/2025/07/08/ai-middle-managers-flattening-layoffs","2025-07-08","US","news","'There are now nearly six individual contributors per manager at the 8,500 small businesses analyzed' (September 2024), up 'from a little over three in 2019'. Chart: 3.15 (Jan 2019) to 5.76 (Sep 2024). 'People managers now oversee about twice as many workers as just five years ago.' Google 'cut vice president and manager roles by 10% last year'. Gusto economist Nich Tremper: 'It's happening broadly across the economy' — mostly via attrition, where 'an existing one will just see an expanded scope.'","declining","now","Mid","opened-page","The hardest behavioural evidence I found on the flattening side — payroll data, not a survey. Two caveats for ISB: it is US small business (8,500 firms on Gusto), and the mechanism is attrition with expanded scope, i.e. FEWER managers each doing a BIGGER job. That is a demand-reducing signal for volume and a demand-increasing signal for capability per manager. Gusto's own research also reportedly found 'industries with more managers had higher worker productivity.'","work_and_hbr"
"WH12","T07.S03.P02","Headcount change by seniority level under AI — India","PwC 29th Annual Global CEO Survey: India perspective","https://www.pwc.in/assets/pdfs/pwcs-29th-annual-global-ceo-survey-india-perspective.pdf","2026-01-19","India","employer survey","54% of India CEOs expect junior-level employment to decrease within three years due to AI adoption (vs 49% globally); 30% expect mid-level positions to remain stable; 19% anticipate senior-level increases. 66% of India CEOs are concerned about keeping pace with technology/AI (vs 42% globally). 41% believe current AI investments are insufficient to meet company goals. 43% successfully attract high-quality AI talent. 36% report unnecessary bureaucratic processes inhibiting performance.","stable","2027-2029","Mid","opened-page","This is the most direct answer to the middle-management question I found. CEOs expect the squeeze at the JUNIOR level, not the middle: mid-level stable, senior rising. It contradicts the flattening narrative for India specifically. Caveat: stated intent, and 'stable' was offered as an option so it may be the low-effort answer.","work_and_hbr"
"WH13","T02.S05.P01","CEO agenda 2026 — AI has not yet paid","PwC 29th Annual Global CEO Survey (global)","https://www.pwc.com/gx/en/news-room/press-releases/2026/pwc-2026-global-ceo-survey.html","2026-01-19","Global","employer survey","4,454 CEOs across 95 countries, surveyed 30 Sep - 10 Nov 2025. 'Only 12% of CEOs report AI has delivered both cost and revenue benefits'; 33% report gains in either; 56% have seen no significant financial benefit to date. Only 30% of CEOs are confident about revenue growth in the next 12 months, down from 38% in 2025. More than 42% of companies have begun competing in new sectors over the past five years.","stable","now","Senior","opened-page","Important corrective to the AI-skills-are-everything thesis: the majority of CEOs report NO financial benefit from AI so far. If ROI stays absent through 2027, demand tilts back toward classic value-creation content (strategy, capital allocation, execution) rather than more AI courses. The 42% competing in new sectors is a strategy/M&A demand signal (T02.S01.P02, T02.S05.P01).","work_and_hbr"
"WH14","T02.S01.P05","Reinvention and competing in new sectors — India","PwC 29th Annual Global CEO Survey: India perspective","https://www.pwc.in/assets/pdfs/pwcs-29th-annual-global-ceo-survey-india-perspective.pdf","2026-01-19","India","employer survey","57% of India CEOs report their companies have competed in new sectors over the last five years, up from 39% in 2025. 50% acknowledge innovation as vital to business strategy; 48% lack high risk tolerance for innovation projects; 43% don't collaborate with external partners on innovation (vs 31% globally).","rising","2027-2029","Senior","opened-page","An 18-point jump in one year on cross-sector competition is a strong demand signal for business-model reinvention and corporate strategy — and it is a general-management argument, not an AI one.","work_and_hbr"
"WH15","T01.S05.P01","Adaptability and change capacity as the binding constraint","Deloitte 2026 Global Human Capital Trends","https://www.deloitte.com/us/en/about/press-room/deloitte-report-winning-organizations-will-build-the-human-advantage.html","2026-03-04","Global","consultancy research","85% of leaders say adaptability is critical but only 7% say they are successfully helping their workforce adapt. Only 27% of leaders say their organisations manage change well. One-third of workers experienced 15 or more major changes annually. 7 in 10 business leaders prioritise speed and agility.","rising","now","All","opened-page","85%-vs-7% is the widest say-do gap in this whole dataset and it is about change leadership, a classic non-AI capability. Strong evidence for T01.S05.P01 and T07.S04.P01.","work_and_hbr"
"WH16","T03.S02.P01","AI governance gap — executives use AI in decisions but cannot govern it","Deloitte 2026 Global Human Capital Trends","https://www.deloitte.com/us/en/about/press-room/deloitte-report-winning-organizations-will-build-the-human-advantage.html","2026-03-04","Global","consultancy research","60% of executives use AI in decisions; only 5% say they manage AI well. 65% believe culture needs significant change because of AI; 34% say culture inhibits AI transformation goals. Only 6% are making progress on designing human-AI interaction. 56% design AI for business outcomes only, 40% for both business and human outcomes. 42% of workers say their organisations don't evaluate AI's impact on people.","rising","now","Senior","opened-page","The 60/5 split is the cleanest AI-governance demand number available. Note it is governance of DECISIONS, which is closer to T03.S04.P06 (AI-augmented decision-making and judgment) than to regulatory compliance — the taxonomy splits these and the market may not.","work_and_hbr"
"WH17","T02.S02.P04","Org design shifting from structure to flow; flattening delivering diminishing returns","McKinsey The State of Organizations 2026","https://www.mckinsey.com/~/media/mckinsey/business%20functions/people%20and%20organizational%20performance/our%20insights/the%20state%20of%20organizations/2026/the-state-of-organizations-2026.pdf","2026-01-01","Global","consultancy research","10,018 senior executives across 15 countries and 16 industries (survey Jun-Sep 2025). 'Two-thirds of leaders think their organizations are overly complex and inefficient, but traditional remedies relying on structural redesigns, cost cuts, and flatter hierarchies are achieving diminishing returns.' Where AI eliminated positions, '54 percent of leaders upskilled, reskilled, or redeployed the affected employees, and only one in ten eliminated the role entirely.' AI 'puts even greater emphasis on the human aspects of work and requires more of leaders.'","stable","2027-2029","Senior","opened-page","This is McKinsey explicitly saying flattening is hitting diminishing returns — a direct contradiction of the Great Flattening narrative, from a 10,000-executive base. Combined with 'only one in ten eliminated the role entirely', it is the strongest evidence that managerial demand is being redefined rather than destroyed.","work_and_hbr"
"WH18","T01.S02.P01","Reflective leadership capacity correlates with organisational adaptability","McKinsey The State of Organizations 2026","https://www.mckinsey.com/~/media/mckinsey/business%20functions/people%20and%20organizational%20performance/our%20insights/the%20state%20of%20organizations/2026/the-state-of-organizations-2026.pdf","2026-01-01","Global","consultancy research","'30% of reflective leaders believe their organizations can quickly adapt to change, versus only 17 percent of non-reflective leaders.'","rising","2027-2029","Senior","opened-page","Correlational and self-reported, so weak as causal evidence. Recorded because it is a large-n consultancy making a classic, non-AI leadership-development argument (reflection, self-awareness) in an AI report — supports T14.S02.P05.","work_and_hbr"
"WH19","T03.S01.P03","Agentic AI scaling concentrated in large enterprises","McKinsey The State of AI in 2026: On the road to ROI","https://www.mckinsey.com/~/media/mckinsey/business%20functions/quantumblack/our%20insights/the%20state%20of%20ai/the-state-of-ai-in-2026-on-the-road-to-roi.pdf","2026-08-01","Global","employer survey","1,719 participants across 97 nations. '40 percent of respondents from large organizations (>$1B revenue) report scaling AI agents', up from 27%, versus 22% at smaller organisations (flat). High performers (6% of respondents) 'fundamentally redesign workflows rather than layer AI onto existing ones' and are '3.3 times more likely than others to intend to use AI to fundamentally transform their business.' 'The limiting factor is increasingly the organization's ability to absorb change.'","rising","2027-2029","Senior","opened-page","'Ability to absorb change' being named the limiting factor is the same finding as Deloitte's 85/7 gap from an independent source. Two large-n consultancies converging on change capacity, not AI skill, as the binding constraint.","work_and_hbr"
"WH20","T01.S01.P03","AI strain falls disproportionately on middle managers","McKinsey The State of AI in 2026","https://www.mckinsey.com/~/media/mckinsey/business%20functions/quantumblack/our%20insights/the%20state%20of%20ai/the-state-of-ai-in-2026-on-the-road-to-roi.pdf","2026-08-01","Global","employer survey","Negative effects by role: executives and senior managers 31% report AI-related strain; midlevel managers and individual contributors 47%.","rising","now","Mid","opened-page","A 16-point seniority gap in reported strain. Corroborates the HBR Shin/Sucher bottleneck finding (WH08) with a much larger sample. Argues for middle-manager-specific programming rather than generic leadership content.","work_and_hbr"
"WH21","T01.S03.P05","Leadership alignment and psychological safety as AI prerequisites","Microsoft Work Trend Index 2026 (WorkLab)","https://www.microsoft.com/en-us/worklab/work-trend-index/agents-human-agency-and-the-opportunity-for-every-organization","2026-05-05","Global","employer survey","Only 26% of AI users say their leadership is 'clearly and consistently aligned on AI'. 81% of leaders report feeling safe suggesting new AI work approaches vs 67% of employees. 65% of AI users fear falling behind without AI adaptation, but 45% say it feels safer to focus on current goals than redesign work, and only 13% report being rewarded for work reinvention if results don't materialise.","rising","now","All","opened-page","The 65-fear / 45-play-safe / 13-rewarded chain is a classic incentive-design and psychological-safety problem dressed as an AI problem. Supports T01.S03.P05 and T07.S02.P02 (performance management) more than it supports any AI topic.","work_and_hbr"
"WH22","T01.S01.P05","Core skill ranking — leadership and social influence rising fastest in importance","WEF Future of Jobs Report 2025","https://www.weforum.org/publications/the-future-of-jobs-report-2025/in-full/3-skills-outlook/","2025-01-07","Global","industry body","'Leadership and social influence, resilience, flexibility and agility, and AI and big data have seen the most substantial increase in importance, with 22, 17, and 17 percentage-point rises, respectively' (since 2023). Core skills 2025 top five: analytical thinking (seven out of 10 companies consider it essential), resilience/flexibility/agility, leadership and social influence, creative thinking, motivation and self-awareness. Employers expect 39% of workers' core skills to change by 2030, down from 44% in 2023.","rising","2027-2029","All","opened-page","This is the single best evidenced answer to the second question. Leadership and social influence rose MORE than AI and big data (22pp vs 17pp) between the 2023 and 2025 waves, from the same employer sample. Also note the disruption estimate FELL from 44% to 39% — employers are becoming less apocalyptic, not more.","work_and_hbr"
"WH23","T07.S02.P04","CPO priorities — job redesign ahead of reskilling","WEF Chief People Officers' Outlook May 2026","https://reports.weforum.org/docs/WEF_Chief_People_Officers_Outlook_May_2026.pdf","2026-05-01","Global","industry body","140+ chief people officers from large global employers, surveyed 15 Jan - 2 Mar 2026. 74% prioritise reviewing organisational structure and job design; 70% prioritise expanding upskilling and reskilling programmes. 'AI only scales when it is grounded in how people actually work, requiring a strategic look at workflows across the company.' Focus shifting from individual upskilling toward 'redesigning roles, workflows and talent systems'.","rising","2027-2029","Senior","opened-page","Job and org redesign now out-ranks reskilling on the CHRO agenda. That is a demand signal for organisation design (T02.S02.P04) and workforce planning (T07.S02.P04) — both general-management topics — rather than for AI-tool training.","work_and_hbr"
"WH24","T07.S01.P02","CHRO 2026 agenda","Gartner 2026 CHRO priorities survey","https://www.gartner.com/en/newsroom/press-releases/2025-10-02-gartner-says-chros-top-priorities-for-2026-center-around-realizing-ai-value-and-driving-performance-amid-uncertainty","2025-10-02","Global","consultancy research","222 CHROs surveyed July 2025. Four 2026 priorities: harness AI to revolutionize HR; shape work in the human-machine era; mobilize leaders for growth in an uncertain world; address culture atrophy to power performance. Only 47% of surveyed CHROs said their culture currently drives employee performance. 'HR must equip managers to have actionable productivity discussions with employees.'","rising","2027-2029","Senior","opened-page","Note the shift: in the 2024 survey Gartner reported leader and manager development as the #1 HR priority for the third consecutive year; for 2026 it has been reframed as 'mobilize leaders for growth' and AI value has moved to the top. Manager development has not disappeared, it has been re-labelled — worth checking the full report before quoting the ranking as a decline.","work_and_hbr"
"WH25","T03.S01.P02","Job postings shift — routine roles down, analytical and creative up","Harvard Business Review / HBS Working Knowledge (Ana Elena Azpurua; research assoc. with Suraj Srinivasan)","https://hbr.org/2026/03/research-how-ai-is-changing-the-labor-market","2026-03-04","US","job postings","'Openings for routine, automation-prone roles fell 13% after ChatGPT's debut' while 'demand for more analytical, technical, and creative jobs grew 20%.' Analysis examined nearly all U.S. job postings from 2019 through March 2025. 'Generative AI is reshaping, not uniformly erasing, white-collar work.'","rising","now","All","opened-page","Behavioural evidence (postings), not stated intent — the strongest grade in this file. Caveat: the HBR write-up does not break the 20% out by seniority or separate judgment-intensive from technical roles, so do NOT cite this as 'demand for judgment grew 20%'. It is analytical + technical + creative combined.","work_and_hbr"
"WH26","T14.S02.P01","Judgment under uncertainty and sense-making as the remaining human edge","MIT Sloan Management Review — 'What's Your Edge? Rethinking Expertise in the Age of AI'","https://sloanreview.mit.edu/article/whats-your-edge-rethinking-expertise-in-the-age-of-ai/","2026-01-01","Global","expert/HBR","Four domains where humans retain value: framing and question-asking ('the most valuable human expertise increasingly lies in identifying unasked questions and recognizing that there are unknown unknowns'); judgment under uncertainty ('Leaders aren't paid because they can access information; they're paid to make decisions when the stakes are real and the outcomes are uncertain'); accountability; and sense-making across domains — 'synthesize information across domains, and make creative connections that algorithms can't.'","rising","2027-2029","Senior","opened-page","Expert argument, not data — grade accordingly. But it gives ISB precise language for repositioning existing decision-making, critical-thinking and strategic-thinking courses as AI-era courses without changing the content. Could not confirm author names or exact issue date from the page.","work_and_hbr"
"WH27","T14.S02.P02","AI erodes the judgment and expertise it substitutes for","Harvard Business Review — Graham Kenny and Ganna Pogrebna","https://hbr.org/2026/04/dont-let-ai-destroy-the-skills-that-make-your-company-competitive","2026-04-01","Global","expert/HBR","Organisations risk becoming 'more automated, yet less adaptive; more data-driven, yet less wise.' Three risks: skill degradation as employees rely on AI rather than developing judgment and expertise; decision-making opacity as decisions become buried in opaque systems; weakened collaboration as trust-building social interaction deteriorates. Recommends protecting critical human skills, preserving transparent decision-making structures, and deliberately rebuilding collaborative spaces.","rising","2027-2029","All","opened-page","No quantitative evidence — conceptual only. Recorded because the deskilling argument is the mechanism by which classic capabilities become SCARCER and therefore more valuable. This is the thesis ISB needs but it is not yet evidenced; treat as a hypothesis to test, not a claim to sell.","work_and_hbr"
"WH28","T01.S04.P04","Trust as the precondition for AI value","Accenture Technology Vision 2025","https://newsroom.accenture.com/news/2025/accenture-technology-vision-2025-new-age-of-ai-to-bring-unprecedented-autonomy-to-business","2025-01-07","Global","consultancy research","4,000+ executives across 21 industries and 28 countries (Oct-Dec 2024). '77% of executives believe the true benefits of AI will only be possible when built on a foundation of trust.' '81% agree that trust strategy must evolve in parallel with any technology strategy.' 80% identify ensuring positive people-AI relationships as a key priority for leaders.","rising","2027-2029","Senior","opened-page","Vendor research with a consulting sale attached — discount accordingly. Useful only as corroboration that 'trust strategy' has entered the C-suite vocabulary as a named leadership responsibility.","work_and_hbr"
"WH29","T01.S01.P05","India GCC leadership pipeline gap","Business of GCC — GCC Talent Strategy 2026","https://www.businessofgcc.com/insights/analysis/gcc-talent-strategy-2026","2026-01-01","India","news","'Senior leadership roles in GCCs are disproportionately filled through external hiring rather than internal promotion, which signals that the pipeline is not being built.' 'Mid-level managers often lack experience in global communication, executive presence, and navigating matrix organisations.' 'India's GCC ecosystem has built world-class technical depth... What it has not yet produced at scale is a pipeline of leaders who can manage global stakeholders.'","rising","2027-2029","Mid","opened-page","Qualitative trade analysis, no numbers — weak evidence, but it names exactly the ISB portfolio: executive presence (T14.S01.P01), cross-cultural communication (T14.S01.P06), matrix influence (T07.S04.P05), general management (T15.S01.P01). Worth commissioning a harder India GCC data source before using.","work_and_hbr"
"WH30","T15.S01.P02","Skill stacking over specialisation — India","LinkedIn Skills on the Rise 2026 (via Storyboard18)","https://www.storyboard18.com/brand-makers/linkedins-skills-on-the-rise-2026-identifies-top-skill-stacks-reshaping-indias-workforce-90556.htm","2026-02-24","India","learner platform","Top rising skills in India: prompt engineering, workflow automation, LLMOps, AutoML, API integration. 38% of Indian job seekers feel unprepared for technology-driven skill changes; 74% of Indian recruiters report difficulty finding qualified talent; 46% of recruiters globally rely on skills data for hiring. LinkedIn career expert Nirajita Banerjee: 'The candidates getting noticed today aren't just specialists, they're skill stackers.' People and leadership capabilities — collaboration, team management, stakeholder management — are expanding across nearly all organisational functions.","rising","now","All","opened-page","CONTRADICTS the human-skills thesis for India at the individual level: India's top five rising skills are all technical. The leadership-skills claim in the same report is qualitative and unranked. Honest reading: in India, AI tooling skills are what get you HIRED; leadership skills are what the employers say they can't find. Different buyers, different products.","work_and_hbr"
"WH31","T15.S01.P01","Human/leadership skills as the AI-resistant half of the résumé","Inc. reporting on LinkedIn Skills on the Rise 2026","https://www.inc.com/soren-kaplan/linkedins-2026-skills-report-reveals-the-half-of-your-resume-ai-cant-touch/91365799","2026-06-26","US","learner platform","Fastest-growing human-centred skills identified: executive communications, leadership influence, cross-functional collaboration, relationship-building, navigating complex situations, and translating strategy into action across teams and markets. 'Companies are searching specifically for the skills AI lacks, including relationship-building, navigating complex situations, and translating strategy into action.'","rising","2027-2029","Mid","opened-page","Secondary reporting on a primary source I could not open — no percentages or ranking available, so treat as directional. 'Translating strategy into action' and 'executive communications' map cleanly to T02.S02.P01 and T14.S01.P03/P05.","work_and_hbr"
