"School Name","Programme Name","Programme Fee","Duration","Learning Mode","Faculty Touch Point","Start Date","End Date","Alumni Status","Total Modules","Campus Immersion","Capstone Projects","Target Audience","Industry Visit","Eligibility Criteria","Source Link","sheet_version"
"ISB","Chief Strategy Officer Programme","₹. 8,25,000","26 Weeks","Hybrid","High","","","Yes","3","Yes","Yes","CXOs/ Senior Leaders","No","No","https://execed.isb.edu/for-individuals/c-suite-programmes/chief-strategy-officer-programme?utm_source=Website&utm_medium=Program_category","v3"
"ISB","Chief Growth and Marketing Officer Programme","₹. 6,00,000","43 Weeks","Hybrid","High","2026-03-15","2027-01-13","Yes","7","Yes","No","CXOs/ Senior Leaders","No","No","https://execed.isb.edu/for-individuals/c-suite-programmes/chief-growth-and-marketing-officer-programme?utm_source=Website&utm_medium=Program_category","v3"
"ISB","ISB-NUS Global Advanced Management Programme","Rs. 12,75,000","18 Weeks","Hybrid","High","2026-02-22","2026-06-28","Yes","3","Yes","No","CXOs/ Senior Leaders","No","No","https://execed.isb.edu/for-individuals/c-suite-programmes/isb-nus-global-advanced-management-programme?utm_source=Website&utm_medium=Program_category","v3"
"ISB","General Management Programme","Rs. 8,00,000","43 Weeks","Hybrid","High","2026-03-22","2027-01-19","Yes","5","Yes","No","Senior Executives","No","20 + Years","https://execed.isb.edu/for-individuals/c-suite-programmes/general-management-programme?utm_source=Website&utm_medium=Program_category","v3"
"ISB","Senior Management Programme","Rs.9,00,000","52 Weeks","Hybrid","High","2026-02-21","","Yes","5","Yes","Yes","CXOs/ Senior Leaders","No","12 + Years","https://execed.isb.edu/for-individuals/c-suite-programmes/senior-management-programme?utm_source=Website&utm_medium=Program_category","v3"
"ISB","Chief Human Resource Officer Programme","Rs. 6,00,000","44 Weeks","Hybrid","High","2026-05-15","2027-03-14","Yes","10","Yes","No","Senior Leaders","No","15 + Years","https://execed.isb.edu/for-individuals/c-suite-programmes/chief-human-resources-officer-programme?utm_source=Website&utm_medium=Program_category","v3"
"ISB","Strategic Digital Leadership Programme","Rs. 3,00,000","13 Weeks","Hybrid","High","","","Yes","3","Yes","No","CXOs/ Senior Leaders","No","No","https://execed.isb.edu/for-individuals/executive-programmes/strategic-digital-leadership-programme?utm_source=Website&utm_medium=Program_category","v3"
"ISB","Women's Leadership Programme","Rs. 3,00,000","18 Weeks","Hybrid","High","2026-03-29","2026-08-03","Yes","9","Yes","No","Senior- Mid Level Leaders","No","No","https://execed.isb.edu/for-individuals/executive-programmes/womens-leadership-programme?utm_source=Website&utm_medium=Program_category","v3"
"ISB","Emerging Leaders Programme","Rs. 3,75,000","35 Weeks","Hybrid","High","2026-03-22","2026-11-23","Yes","5","Yes","No","Senior Leaders","No","10 + Years","https://execed.isb.edu/for-individuals/executive-programmes/emerging-leaders-programme?utm_source=Website&utm_medium=Program_category","v3"
"ISB","Executive Programme in Business Management","Rs.2,95,000","32 Weeks","Blended","Moderate","2026-03-22","","Yes","6","Yes","Yes","Mid-Career and Senior Professionals","No","5 + Years","https://execed.isb.edu/for-individuals/executive-programmes/executive-programme-in-business-management?utm_source=Website&utm_medium=Program_category","v3"
"ISB","Essentials of Leadership","Rs. 2,25,000","5 Days","Classroom","High","","","No","5","Yes","No","Senior- Mid Level Leaders","No","No","https://execed.isb.edu/for-individuals/certificate-programmes/essentials-of-leadership-programme?utm_source=Website&utm_medium=Program_category","v3"
"ISB","Powering High-Performance Boards","Rs. 2,00,000","3 Days","Classroom","High","2026-02-27","2026-03-01","No","7","Yes","No","CXOs/ Senior Leaders","No","No","https://execed.isb.edu/for-individuals/certificate-programmes/powering-high-performance-boards-programme?utm_source=Website&utm_medium=Program_category","v3"
"ISB","Leadership Essentials","Rs. 1,60,000","20 Weeks","Blended","Moderate","2026-03-22","","Yes","21","No","No","Aspiring Managers/Entrepreneurs","No","No","https://execed.isb.edu/for-individuals/certificate-programmes/leadership-essentials?utm_source=Website&utm_medium=Program_category","v3"
"ISB","Business Storytelling and Executive Presence","Rs. 1,10,000","3 Days","Classroom","High","2026-02-22","2026-02-24","No","5","Yes","No","Senior Leaders","No","No","https://execed.isb.edu/for-individuals/certificate-programmes/business-storytelling-and-executive-presence?utm_source=Website&utm_medium=Program_category","v3"
"ISB","Mastering Negotiation and Influence","Rs. 1,10,000","3 Days","Classroom","High","2026-03-13","2026-03-15","No","4","Yes","No","Senior- Mid Level Leaders","No","No","https://execed.isb.edu/for-individuals/certificate-programmes/mastering-negotiation-and-influence?utm_source=Website&utm_medium=Program_category","v3"
"ISB","Building High-Performance Teams","Rs.1,10,000","3 Days","Classroom","High","","","No","6","Yes","No","Mid-Senior Level Managers","No","No","https://execed.isb.edu/for-individuals/certificate-programmes/building-high-performance-teams-programme?utm_source=Website&utm_medium=Program_category","v3"
"ISB","Creating and Scaling Excellence","Rs. 1,10,000","2 Days","Classroom","High","2026-03-14","2026-03-15","No","9","Yes","No","CXOs/ Senior Leaders","No","No","https://execed.isb.edu/for-individuals/certificate-programmes/creating-and-scaling-excellence-programme?utm_source=Website&utm_medium=Program_category","v3"
"ISB","Mastering Executive Presence","Rs. 75,000","15 Weeks","Blended","Moderate","2025-07-20","","Yes","12","No","No","Senior Executives/Business Owners","No","No","https://execed.isb.edu/for-individuals/certificate-programmes/mastering-executive-presence?utm_source=Website&utm_medium=Program_category","v3"
"ISB","Strategy Formulation and Execution","Rs. 1,10,000","3 Days","Classroom","High","2026-02-19","2026-02-21","No","6","Yes","No","Senior Executives","No","No","https://execed.isb.edu/for-individuals/certificate-programmes/strategy-formulation-and-execution-programme?utm_source=Website&utm_medium=Program_category","v3"
"ISB","Business Strategy","Rs. 1,70,000","22 Weeks","Blended","Moderate","2026-03-22","","Yes","17","No","No","Mid-Senior Leaders/Entrepreneurs","No","No","https://online.isb.edu/business-strategy?utm_source=ISBExED&utm_medium=Top_Nav&utm_campaign=undefined&utm_term=undefined&utm_content=undefined&utm_device=undefined&gclid=undefined&utm_matchtype=undefined","v3"
"ISB","Project Management","Rs.1,35,000","24 Weeks","HYbrid","High","2026-03-22","","Yes","65","No","No","Senior Professionals","No","No","https://execed.isb.edu/for-individuals/certificate-programmes/project-management?utm_source=Website&utm_medium=Program_category","v3"
"ISB","Operational Excellence for Leaders","Rs. 95,000","2 Days","Classroom","High","2026-02-21","2026-02-22","No","8","Yes","No","Senior- Mid Level Leaders","No","No","https://execed.isb.edu/for-individuals/certificate-programmes/operational-excellence-for-leaders-programme?utm_source=Website&utm_medium=Program_category","v3"
"ISB","AI in Business: Fundamentals to Applications","Rs. 1,25,000","20 Weeks","Blended","Moderate","2025-08-17","","Yes","18","No","No","Early - Mid Senior Professionals","No","No","https://execed.isb.edu/for-individuals/certificate-programmes/ai-in-business-fundamentals-to-applications?utm_source=Website&utm_medium=Program_category","v3"
"ISB","Digital Business Transformation with AI","Rs. 1,95,000","25 Weeks","Blended","Moderate","2026-03-22","","Yes","29","No","No","Tech-Professionals/Entrepreneurs","No","No","https://execed.isb.edu/for-individuals/certificate-programmes/digital-business-transformation-with-ai?utm_source=Website&utm_medium=Program_category","v3"
"ISB","Managing Sales Teams and Distribution Channels","Rs. 1,20,000","3 Days","Classroom","High","2025-09-26","2025-09-28","No","3","Yes","No","Senior- Mid Level Leaders","No","No","https://execed.isb.edu/for-individuals/certificate-programmes/managing-sales-teams-and-distribution-channels-programme?utm_source=Website&utm_medium=Program_category","v3"
"ISB","EY-ISB Executive Program on Board Effectiveness for Women","Rs.2,50,000","","Classroom","High","2025-07-03","2025-08-03","Yes","10","Yes","No","Women Leaders","No","No","https://www.ey.com/content/dam/ey-unified-site/ey-com/en-in/campaigns/women-fast-forward/documents/ey-isb-executive-program-on-board-effectiveness-v3.pdf","v3"
"ISB","Chief Financial Officer Programme","Rs.5,00,000","8 Months","Hybrid","High","","","Yes","9","Yes","Yes","Senior finance executives transitioning into CFO role","No","10 years +","https://imarticus.org/chief-financial-officer-programme-isb/?utm_source=Website&utm_medium=Upcoming_programs","v3"
"ISB","Venture Capital and Private Equity Programme","Rs. 4,61,000","22 Weeks","Blended","Moderate","2025-12-30","","Yes","3","Yes","Yes","Senior Managers","No","5+ Years","https://isbexecedu.isb.edu/venture-capital-and-private-equity?utm_source=Website&utm_medium=Upcoming_programs","v3"
"ISB","Executive Programme in Business Management","Rs.2,95,000","32 Weeks","Blended","Moderate","2026-03-22","","Yes","6","Yes","Yes","Mid-Career and Senior Professionals","No","5 + Years","https://execed.isb.edu/for-individuals/executive-programmes/executive-programme-in-business-management?utm_source=Website&utm_medium=Program_category","v3"
"ISB","Transforming HR with Analytics and AI","Rs. 1,49,900","16 Weeks","Blended","Moderate","2025-09-30","","Yes","16","No","Yes","Mid-Senior Managers","No","No","https://online-em.isb.edu/transforming-hr-with-analytics-and-ai?utm_source=Website&utm_medium=Upcoming_programs","v3"
"ISB","Professional Certificate in Product Management","Rs.2,59,900","28 Weeks","Blended","Moderate","2026-03-31","","Yes","28","No","Yes","Business Heads, Early to Mid- Level Professionals","No","Any Graduate/Diploma Holder","https://online-em.isb.edu/professional-certificate-in-product-management?utm_source=Website&utm_medium=Upcoming_programs","v3"
"ISB","Leadership AI","Rs.2,29,900","20 Weeks","Hybrid","High","2026-02-26","","Yes","27","No","Yes","Senior Leaders, Functional Leaders","No","10 + Years","https://online-em.isb.edu/leadership-with-ai?utm_source=Website&utm_medium=Upcoming_programs","v3"
"ISB","Professional Certificate in Digital Marketing","Rs.1,99,900","25 Weeks","Hybrid","High","2026-03-31","","Yes","24","No","Yes","Early to Mid-Level Career Professionals","Yes","Any Graduate/ Diploma Holder","https://online-em.isb.edu/pcp-digital-marketing?utm_source=Website&utm_medium=Upcoming_programs","v3"
"ISB","Product Management","Rs.1,59,900","16 Weeks","Hybrid","High","2026-03-31","","Yes","16","No","Yes","Mid-Senior Level Managers, Business Heads, Entrepreneurs","No","Any Graduate/ Diploma holder","https://online-em.isb.edu/product-management?utm_source=Website&utm_medium=Upcoming_programs","v3"
"ISB","Cybersecurity for Leaders","Rs.1,49,00","16 Weeks","Hybrid","High","2026-03-31","","Yes","16","No","Yes","Senior Leaders, Aspiring Cybersecurity Leaders,","No","10 + Years","https://online-em.isb.edu/cybersecurity-for-leaders?utm_source=Website&utm_medium=Upcoming_programs","v3"
"ISB","Certificate Programme in IT Project Management","Rs.1,29,900","12 Weeks","Hybrid","High","2026-03-31","","Yes","11","No","Yes","Early-Career Professionals and Mid-Level Professionals","No","Any Graduate/Diploma Holder","https://online-em.isb.edu/certificate-programme-in-it-project-management?utm_source=Website&utm_medium=Upcoming_programs","v3"
"ISB","Certificate Programme in Healthcare Management","Rs.1,23,000","12 Weeks","Hybrid","High","2026-03-31","","Yes","12","No","Yes","Healthcare Professionals, Mid-Level Healthcare Administrative Professionals, Medical Professionals","No","Any Graduate/ Diploma Holder","https://online-em.isb.edu/certificate-programme-in-healthcare-management?utm_source=Website&utm_medium=Upcoming_programs","v3"
"ISB","Applied Business Analytics","Rs.1,15,000","14 Weeks","Hybrid","High","2026-03-31","","Yes","14","No","Yes","Consultants, Analytics Team","No","Any Graduate/ Diploma holder","https://execed.isb.edu/partner-programmes","v3"
"ISB","Digital Marketing and Analytics","Rs.1,15,000","13 Weeks","Hybrid","High","2026-03-31","","Yes","13","No","Yes","Mid-Level Managers, Entrepreneurs looking to expand","No","Any Graduate/ Diploma Holder","https://online-em.isb.edu/digital-marketing-and-analytics?utm_source=Website&utm_medium=Upcoming_programs","v3"
"ISB","Trading Strategies in Emerging Markets Specialization","Free (Coursera)","2 Months","Online","Low","2026-02-17","","No","5","No","No","","No","No","https://www.coursera.org/specializations/trading-strategy","v3"
"ISB","Basic Financial Literacy","Free (Coursera)","3 Weeks","Online","Low","2026-02-17","","No","4","No","No","","No","No","https://www.coursera.org/learn/basic-financial-literacy-isb","v3"
"ISB","A Beginner's Guide to Investing","Free (Coursera)","3 Weeks","Online","Low","2026-02-17","","No","4","No","No","","No","No","https://www.coursera.org/learn/beginners-guide-to-investing-isb","v3"
"ISB","Creating a Portfolio","Free (Coursera)","3 Weeks","Online","Low","2026-02-17","","No","4","No","No","","No","No","https://www.coursera.org/learn/investment-portfolio","v3"
"ISB","Trading Algorithms","Free (Coursera)","12 Hours","Online","Low","2026-02-17","","No","4","No","No","","No","No","https://www.coursera.org/learn/trading-algorithm","v3"
"ISB","Financial Planning","Free (Coursera)","3 Weeks","Online","Low","2026-02-17","","No","7","No","No","","No","No","https://www.coursera.org/learn/financial-planning-course-isb","v3"
"ISB","Trading Basics","Free (Coursera)","8 Hours","Online","Low","2026-02-17","","No","4","No","No","","No","No","https://www.coursera.org/learn/trading-basics","v3"
"ISB","Advanced Trading Algorithms","Free (Coursera)","3 Weeks","Online","Low","2026-02-17","","No","4","No","No","","No","No","https://www.coursera.org/learn/advanced-trading-algorithms","v3"
"ISB","Design your own trading strategy – Culminating Project","Free (Coursera)","3 Weeks","Online","Low","2026-02-17","","No","6","No","No","","No","No","https://www.coursera.org/learn/design-trading-strategy-culminating-project","v3"
"IIM Calcutta","Leveraging New Growth Strategies for Marketing","Rs. 1,00,000 + GST","4 Days","Classroom","High","2025-07-14","2025-07-17","No","","Yes","No","Mid-Senior Managers","No","","https://www.iimcal.ac.in/mdp/leveraging-new-growth-strategies-for-marketing","v3"
"IIM Calcutta","Innovation by Design : The playbook for new age Leadership","Rs. 1,60,000 + GST","5 Days","Classroom","High","2025-07-14","2025-07-18","No","","Yes","No","Senior Mangers","No","","https://www.iimcal.ac.in/mdp/innovation-by-design-the-playbook-for-new-age-leadership","v3"
"IIM Calcutta","Winning with customer - Centric Retailing Strategies","Rs. 1,00,000 + GST","4 Days","Classroom","High","2025-07-21","2025-07-24","No","","Yes","No","Mid-Senior Managers","No","","https://www.iimcal.ac.in/mdp/winning-with-customer-centric-retailing-strategies","v3"
"IIM Calcutta","Communication and Presentation Skills","Rs. 1,60,000 + GST","5 Days","Classroom","High","2025-07-21","2025-07-25","No","","Yes","No","Mid-Senior Managers","No","","https://www.iimcal.ac.in/mdp/communication-and-presentation-skills","v3"
"IIM Calcutta","Leadership and Team Building","Rs. 1,45,000 + GST","5 Days","Classroom","High","2025-07-28","2025-08-01","No","2","Yes","No","Mid-Senior Managers","No","7 + Years","https://www.iimcal.ac.in/mdp/leadership-and-team-building","v3"
"IIM Calcutta","AIM - Artificial Intelligence for Managers","Rs. 1,30,000 + GST","5 Days","Classroom","High","2025-08-04","2025-08-08","No","","Yes","No","CXOs/Senior Leaders","No","","https://www.iimcal.ac.in/mdp/aim-artificial-intelligence-for-managers","v3"
"IIM Calcutta","Being More Creative","Rs. 1,35,000 + GST","5 Days","Classroom","High","2025-08-04","2025-08-08","No","","Yes","No","Mid-Senior Managers","No","","https://www.iimcal.ac.in/mdp/being-more-creative#programme-content","v3"
"IIM Calcutta","Strategic Brand Management for Business Excellence","Rs. 1,35,000 + GST","5 Days","Classroom","High","2025-08-04","2025-08-08","No","","Yes","No","Senior Mangers","No","","https://www.iimcal.ac.in/mdp/strategic-brand-management-for-business-excellence","v3"
"IIM Calcutta","The Power of Generative AI : How to Transform Your Business for the Future","Rs. 1,10,000 + GST","4 Days","Classroom","High","2025-08-18","2025-08-21","No","","Yes","No","CXOs/Senior Leaders","No","","https://www.iimcal.ac.in/mdp/the-power-of-generative-ai-how-to-transform-your-business-for-the-future","v3"
"IIM Calcutta","Interpersonal Effective and Leadership Excellence","Rs. 1,45,000 + GST","5 Days","Classroom","High","2025-08-18","2025-08-22","No","2","Yes","No","Mid-Senior Managers","No","","https://www.iimcal.ac.in/mdp/interpersonal-effectiveness-and-leadership-excellence","v3"
"IIM Calcutta","Business Leadership Programme - Module I, II, III","Rs. 4,15,000 + GST","18 Days","Classroom","High","2025-08-18","2026-02-07","No","3","Yes","No","Mid-Senior Leaders","No","10+ Years","https://www.iimcal.ac.in/mdp/business-leadership-programme-module-I-II-III","v3"
"IIM Calcutta","Selling in the Digital Age","Rs. 1,00,000 + GST","4 Days","Classroom","High","2025-09-01","2025-09-04","No","","Yes","No","Sales&Marketing Managers","No","","https://www.iimcal.ac.in/mdp/selling-in-the-digital-age","v3"
"IIM Calcutta","Impact Investing, Climate Risk and Sustainable Finance","Rs. 1,30,000 + GST","5 Days","Classroom","High","2025-09-01","2025-09-05","No","","Yes","No","Senior Executives","No","","https://www.iimcal.ac.in/mdp/impact-investing-climate-risk-and-sustainable-finance","v3"
"IIM Calcutta","Finance For Non - Finance Executives","Rs. 1,45,000 + GST","5 Days","Classroom","High","2025-09-08","2025-09-12","No","","Yes","No","Mid-Senior Leaders","No","","https://www.iimcal.ac.in/mdp/finance-for-non-finance-executives","v3"
"IIM Calcutta","Managerial Leadership and Conflict Resolution","Rs. 1,45,000 + GST","5 Days","Classroom","High","2025-09-08","2025-09-12","No","3","Yes","No","Senior Executives","No","Age group of 30- 50","https://www.iimcal.ac.in/mdp/managerial-leadership-and-conflict-resolution","v3"
"IIM Calcutta","Supply Chain Analytics: Insights for Competitive Advantage","Rs. 1,30,000 + GST","5 Days","Classroom","High","2025-09-08","2025-09-12","No","","Yes","No","Mid-Senior Managers","No","","https://www.iimcal.ac.in/mdp/supply-chain-analytics-insights-for-competitive-advantage","v3"
"IIM Calcutta","Analytical Communication and Data Presentattion","Rs. 1,30,000 + GST","5 Days","Classroom","High","2025-09-15","2025-09-19","No","","Yes","No","Middle Level Executives","No","","https://www.iimcal.ac.in/mdp/analytical-communication-and-data-presentation","v3"
"IIM Calcutta","Embracing ESG through Responsible Leadership","Rs. 1,35,000 + GST","5 Days","Classroom","High","2025-09-15","2025-09-19","No","","Yes","No","Mid-Senior Managers","No","","https://www.iimcal.ac.in/mdp/embracing-esg-through-responsible-leadership","v3"
"IIM Calcutta","HR Analytics for Effective Management of Human Resources","Rs. 1,30,000 + GST","5 Days","Classroom","High","2025-09-15","2025-09-19","No","","Yes","No","Mid-Senior Managers-HR","No","5 + Years","https://www.iimcal.ac.in/mdp/hr-analytics-for-effective-management-of-human-resources","v3"
"IIM Calcutta","Business-to-Business (B2B) Marketing","Rs. 1,45,000 + GST","5 Days","Classroom","High","2025-09-22","2025-09-26","No","","Yes","No","Mid-Senior Managers","No","","https://www.iimcal.ac.in/mdp/business-to-business-b2b-marketing","v3"
"IIM Calcutta","Managerial Leadership and Team Effectiveness","Rs. 1,60,000 +GST","5 Days","Classroom","High","2025-09-22","2025-09-26","No","","Yes","No","Mid-Senior Managers","No","","https://www.iimcal.ac.in/mdp/managerial-leadership-and-team-effectiveness","v3"
"IIM Calcutta","Leading with Strategic Insights : The India Way","Rs. 1,20,000 + GST","4 Days","Classroom","High","2025-10-09","2025-10-12","No","","Yes","No","Mid-Senior Leaders","No","Curious about Arthasastra","https://www.iimcal.ac.in/mdp/leading-with-strategic-insights-the-india-way","v3"
"IIM Calcutta","Fintech Disruption in Banking & Digital lending","Rs. 1,00,000 + GST","4 Days","Classroom","High","2025-10-27","2025-10-30","No","","Yes","No","Mid-Senior Executives","No","","https://www.iimcal.ac.in/mdp/fintech-disruption-in-Banking-digital-lending","v3"
"IIM Calcutta","Marketing Excellence through Pricing","Rs. 1,45,000 + GST","5 Days","Classroom","High","2025-10-27","2025-10-31","No","","Yes","No","Mid-Senior Managers","No","","https://www.iimcal.ac.in/mdp/marketing-excellence-through-pricing","v3"
"IIM Calcutta","Advanced Marketing Analytics for Decision Making","Rs. 1,50,000 + GST","5 Days","Classroom","High","2025-11-04","2025-11-08","No","","Yes","No","Mid-Senior Managers","No","","https://www.iimcal.ac.in/mdp/advanced-marketing-analytics-for-decision-making","v3"
"IIM Calcutta","Digital and Social Media Marketing","Rs. 1,35,000 + GST","5 Days","Classroom","High","2025-11-10","2025-11-14","No","","Yes","No","Mid-Senior Executives","No","","https://www.iimcal.ac.in/mdp/digital-and-social-media-marketing","v3"
"IIM Calcutta","Strategic Human Resource Management","Rs. 1,30,000 + GST","5 Days","Classroom","High","2025-11-10","2025-11-14","No","","Yes","No","Mid-Senior Managers","No","","https://www.iimcal.ac.in/mdp/strategic-human-resource-management","v3"
"IIM Calcutta","Advanced Strategy and Leadership hacks for Family Business","Rs. 1,10,000 + GST","4 Days","Classroom","High","2025-11-12","2025-11-15","No","","Yes","No","Business Owners","No","","https://www.iimcal.ac.in/mdp/advanced-strategy-and-leadership-hacks-for-family-business","v3"
"IIM Calcutta","Developing Leadership Potential","Rs.1,60,000 + GST","5 Days","Classroom","High","2025-11-17","2025-11-21","No","","Yes","No","Mid-Senior Managers","No","","https://www.iimcal.ac.in/mdp/developing-leadership-potential","v3"
"IIM Calcutta","Data Science for Business - Enabling Objective and Superior Managerial Decisions","Rs. 1,60,000 + GST","5 Days","Classroom","High","2025-11-18","2025-11-22","No","","Yes","No","Mid-Senior Managers","No","","https://www.iimcal.ac.in/mdp/data-science-for-business-enabling-objective-and-superior-managerial-decisions","v3"
"IIM Calcutta","Industry 4.0 and Internet (IoT) - What Every Manager Needs to Know about them","Rs. 1,28,000 + GST","4 Days","Classroom","High","2025-11-24","2025-11-27","No","","Yes","No","Mid-Senior Managers","No","","https://www.iimcal.ac.in/mdp/industry-4.0-and-internet-of-things-what-every-manager-needs-to-know-about-them","v3"
"IIM Calcutta","Gen AI: Implementing Enterprise Level Applications","Rs. 1,35,000 + GST","5 Days","Classroom","High","2025-11-24","2025-11-28","No","","Yes","No","CXOs/Senior Leaders","No","","https://www.iimcal.ac.in/mdp/gen-ai-implementing-enterprise-level-applications","v3"
"IIM Calcutta","General Management Programme for Senior and Middle - Level Executives","Rs. 1,50,000 + GST","5 Days","Classroom","High","2025-11-24","2025-11-28","No","","Yes","No","Mid-Senior Executives","No","","https://www.iimcal.ac.in/mdp/general-management-programme-for-senior-and-middle-level-executives","v3"
"IIM Calcutta","Becoming a CXO: Developing A Strategic Mindset","Rs. 1,60,000 + GST","5 Days","Classroom","High","2025-12-01","2025-12-05","No","","Yes","No","CXOs/Senior Leaders","No","","https://www.iimcal.ac.in/mdp/becoming-a-cxo-developing-a-strategic-mindset","v3"
"IIM Calcutta","Corporate Social Innovation","Rs. 1,50,000 + GST","5 Days","Classroom","High","2025-12-01","2025-12-05","No","","Yes","No","Senior Leaders","No","","https://www.iimcal.ac.in/mdp/corporate-social-innovation","v3"
"IIM Calcutta","Mergers and Acquisitions – Legal, Financial and Strategic Perspectives","Rs. 1,30,000 + GST","5 Days","Classroom","High","2025-12-01","2025-12-05","No","","Yes","No","Mid-Senior Executives","No","","https://www.iimcal.ac.in/mdp/mergers-and-acquisitions-legal-financial-and-strategic-perspectives","v3"
"IIM Calcutta","Supply Chain Management Excellence","Rs.1,40,000 +GST","5 Days","Classroom","High","2025-12-08","2025-12-12","No","","Yes","No","Mid-Senior Managers","No","","https://www.iimcal.ac.in/mdp/supply-chain-management-excellence","v3"
"IIM Calcutta","ESG Analytics: Valuation & Integration","Rs. 1,25,000 +GST","5 Days","Classroom","High","2025-12-11","2025-12-15","No","","Yes","No","Mid-Senior Managers","No","","https://www.iimcal.ac.in/mdp/esg-analytics-valuation-integration","v3"
"IIM Calcutta","Business Analytics for Strategic and Tactical Level Decision Making","Rs. 1,45,000 + GST","5 Days","Classroom","High","2025-12-15","2025-12-19","No","","Yes","No","Mid-Senior Managers","No","","https://www.iimcal.ac.in/mdp/business-analytics-for-strategic-and-tactical-level-decision-making","v3"
"IIM Calcutta","Interpersonal Effective and Leadership Excellence","Rs. 1,45,000 + GST","5 Days","Classroom","High","2025-08-18","2025-08-22","No","2","Yes","No","Managers/Executives/Administrators","No","","https://www.iimcal.ac.in/mdp/interpersonal-effectiveness-and-leadership-excellence-1","v3"
"IIM Calcutta","Strategic Storytelling and Communication","Rs. 1,30,000 + GST","5 Days","Classroom","High","2026-01-05","2026-01-09","No","","Yes","No","","No","","Strategic Storytelling and Communication | IIM Calcutta","v3"
"IIM Calcutta","Explainable Artificial Intelligence (xAI) for Financial Decision Makers","Rs. 1,00,000 + GST","4 Days","Classroom","High","2026-01-12","2026-01-15","No","","Yes","No","Mid-Senior Executives","No","","https://www.iimcal.ac.in/mdp/explainable-artificial-intelligence-xai-for-financial-decision-makers","v3"
"IIM Calcutta","Project Management","Rs. 1,50,000 + GST","5 Days","Classroom","High","2026-01-12","2026-01-16","No","","Yes","No","Mid-Senior Executives","No","","https://www.iimcal.ac.in/mdp/project-management","v3"
"IIM Calcutta","AIML Applications in Marketing","Rs.1,35,000 + GST","5 Days","Classroom","High","2026-01-19","2026-01-23","No","","Yes","No","Business Leaders/Marketing Professionals","No","","https://www.iimcal.ac.in/mdp/aiml-applications-in-marketing","v3"
"IIM Calcutta","Innovation Strategies for Operational Excellence","Rs. 1,40,000 + GST","5 Days","Classroom","High","2026-01-19","2026-01-23","No","","Yes","No","Mid-Senior Executives","No","","https://www.iimcal.ac.in/mdp/innovation-strategies-for-operational-excellence","v3"
"IIM Calcutta","Managerial Leadership and Team Effectiveness","Rs. 1,60,000 + GST","5 Days","Classroom","High","2026-01-19","2026-01-23","No","","Yes","No","Mid-Senior Managers","No","","https://www.iimcal.ac.in/mdp/managerial-leadership-and-team-effectiveness-1","v3"
"IIM Calcutta","Financial Leadership and Management Excellence","Rs. 1,55,000 + GST","5 Days","Classroom","High","2026-02-09","2026-02-13","No","","Yes","No","","No","","Financial Leadership and Management Excellence | IIM Calcutta","v3"
"IIM Calcutta","Managerial Leadership and Conflict Resolution","Rs. 1,45,000 + GST","5 Days","Classroom","High","2026-02-09","2026-02-13","No","3","Yes","No","Mid-Senior Executives","No","","https://www.iimcal.ac.in/mdp/managerial-leadership-and-conflict-resolution-1","v3"
"IIM Calcutta","Cyber Leadership for Successful Business Operations","Rs. 1,00,000 + GST","4 Days","Classroom","High","2026-02-16","2026-02-19","No","","Yes","No","Mid-Senior Executives","No","","https://www.iimcal.ac.in/mdp/cyber-leadership-for-successful-business-operations","v3"
"IIM Calcutta","Customer-Centric Leadership","Rs. 1,35,000 + GST","5 Days","Classroom","High","2026-02-16","2026-02-20","No","","Yes","No","CXOs/Senior Leaders","No","","https://www.iimcal.ac.in/mdp/customer-centric-leadership","v3"
"IIM Calcutta","Digital Technology Management for Business Execellence","Rs. 1,28,000 + GST","4 Days","Classroom","High","2026-02-23","2026-02-26","Yes","","Yes","No","CXOs/Senior Leaders","No","","https://www.iimcal.ac.in/mdp/digital-technology-management-for-business-excellence","v3"
"IIM Calcutta","Personal Growth and Team Building","Rs. 1,45,000 + GST","5 Days","Classroom","High","2026-02-23","2026-02-27","Yes","","Yes","No","","No","","Personal Growth and Team Building | IIM Calcutta","v3"
"IIM Calcutta","The Power of Generative AI : How to Transform Your Business for the Future","Rs. 1,10,000 + GST","4 Days","Classroom","High","2026-03-09","2026-03-13","Yes","","Yes","No","CXOs/Senior Leaders","No","","https://www.iimcal.ac.in/mdp/the-power-of-generative-ai-how-to-transform-your-business-for-the-future-1","v3"
"IIM Calcutta","Executive Programme in Growth Strategies for Business Leaders","Rs. 5,35,000","1 Year","Hybrid","High","March,2026","","Yes","","Yes","No","Mid-Senior Managers","No","15 + Years","https://www.iimcal.ac.in/ldp/executive-programme-growth-strategies-for-business-leaders-epgsbl#programme-overview","v3"
"IIM Calcutta","Start-up Readiness , Growth and Execution (SURGE) : An Entrepreneurship Programme","Rs . 2,71,600","9 months","Hybrid","High","July, 2025","","Yes","8","Yes","No","Ready to Become Entrepreneurs","No","1 Year","https://www.iimcal.ac.in/ldp/start-readiness-growth-and-execution-surge-entrepreneurship-programme","v3"
"IIM Calcutta","Advanced Programme in Strategic Management for Corporate Leaders (APSMCL)","Rs 4,38,000","8 months","Hybrid","High","September, 2025","","Yes","","Yes","No","Mid-Senior Managers","No","7 + Years After Graduation","https://www.iimcal.ac.in/ldp/advanced-programme-strategic-management-for-corporate-leaders-apsmcl","v3"
"IIM Calcutta","Executive Programme in Healthcare Managemnt (EPHM)","Rs. 6,20,000","1 year","Hybrid","High","November, 2025","","Yes","3","Yes","Yes","Health Care Professionals","No","5 + years in HealthCare Service","https://www.iimcal.ac.in/ldp/executive-programme-healthcare-management-ephm","v3"
"IIM Calcutta","EdLEAP : Education Leaders Program","Rs. 3,50,000","9 months","Hybrid","High","July, 2025","","Yes","8","Yes","No","Top Level Educators","No","10 + years","https://www.iimcal.ac.in/ldp/edleap-education-leaders-programme","v3"
"IIM Calcutta","LEAD : Senior Leadership Programme for CXOs","Rs. 9,42,000","1 Year","Hybrid","High","September, 2025","","Yes","4","Yes","No","CXOs/Senior Leaders","No","15 + Years","https://www.iimcal.ac.in/ldp/lead-senior-leadership-programme-for-cxos","v3"
"IIM Calcutta","Executive Programme in Communication Strategies for Corporate Leaders","Rs. 3,30,000","6 months","Hybrid","High","","","Yes","11","Yes","No","Senior Managers","No","8 + Years","https://www.iimcal.ac.in/ldp/executive-programme-communication-strategies-for-corporate-leaders-epcscl","v3"
"IIM Calcutta","Chief Financial Officer Programme","Rs 6,70,000","9 months","Hybrid","High","November, 2025","","Yes","2","Yes","No","Mid-Senior Professionals","No","10 + Years","https://www.iimcal.ac.in/ldp/chief-financial-officer-programme-cfo","v3"
"IIM Calcutta","Executive Programme in Leadership and Management","Rs. 6,70,000","1 year","Hybrid","High","July, 2025","","Yes","8","Yes","No","Senior Managers","No","10 + Years","https://www.iimcal.ac.in/ldp/executive-programme-leadership-and-management-eplm","v3"
"IIM Calcutta","Executive Programme in Corporate Sustainability","Rs 4,80,000","1 year","Hybrid","High","May,2026","","Yes","3","Yes","No","Mid-Senior Executives","No","3 + Years","https://www.iimcal.ac.in/ldp/executive-programme-corporate-sustainability-epcs","v3"
"IIM Calcutta","Advanced Programme in Digital Businesss Leadership","Rs. 6,40,000","1 year","Hybrid","High","September, 2025","","Yes","4","Yes","No","Business Heads","No","12 + Years","https://www.iimcal.ac.in/ldp/advanced-programme-digital-business-leadership-apdbl","v3"
"IIM Calcutta","Executive Programme in Business Management","Rs. 7,02,000","1 year","Hybrid","High","February, 2026","","Yes","3","Yes","No","Working Professionals","No","5 + years","https://www.iimcal.ac.in/ldp/executive-programme-business-management-epbm","v3"
"IIM Calcutta","Executive Programme in General Management","Rs. 4,50,000","1 year","Hybrid","HIgh","March,2026","","Yes","2","Yes","No","Mid-Senior Professionals","No","1 + Years","https://www.iimcal.ac.in/ldp/executive-programme-general-management-epgm","v3"
"IIM Calcutta","Executive Programme in Business Management International","USD 15,900","1 year","Hybrid","High","November, 2025","","Yes","10","Yes","No","Mid-Senior Professionals","No","5 + years","https://www.iimcal.ac.in/ldp/executive-programme-business-management-international-epbmi","v3"
"IIM Calcutta","Senior Management Programme","Rs. 8,45,000","1 year","Hybrid","High","March,2026","","Yes","3","Yes","No","Mid-Senior Managers","No","10 + Years","https://www.iimcal.ac.in/ldp/senior-management-programme-smp","v3"
"IIM Calcutta","Transitioning into Leadership : A Programme for Women Executives","Rs. 4,38,000","1 year","Hybrid","High","September, 2025","","Yes","9","Yes","No","Mid-Senior Managers- Women","No","5 + Years","https://www.iimcal.ac.in/ldp/transitioning-leadership-programme-for-women-executives-tlpwe","v3"
"IIM Calcutta","Executive Programmes in Global Business Management","Rs. 4,80,000","1 year","Hybrid","High","September, 2025","","Yes","9","Yes","No","Working Professionals","No","50% in Garduation","https://www.iimcal.ac.in/ldp/executive-programme-global-business-management-epgbm","v3"
"IIM Calcutta","Post Graduate Certificates in family Business Management","Rs. 4,56,000","1 year","HYbrid","High","January, 2026","","Yes","8","Yes","Yes","Owner of family Business","No","Must be Owner Of Family Business - 10 + Years","https://www.iimcal.ac.in/ldp/post-graduate-certificate-family-business-management-pgcfbm","v3"
"IIM Calcutta","Executive Programme in Operations Management","Rs. 4,30,000","1 year","Hybrid","High","October, 2025","","Yes","4","Yes","Yes","Working Professionals","No","3 + Years","https://www.iimcal.ac.in/ldp/executive-programme-operations-management-epom","v3"
"IIM Calcutta","Executtive Programme in Applied Finance","Rs. 4,00,000","9 months","Hybrid","High","December, 2025","","Yes","2","Yes","No","Finance Professionals","No","","https://www.iimcal.ac.in/ldp/executive-programme-applied-finance-epaf","v3"
"IIM Calcutta","Advanced Programmes for Marketing Professionals","Rs. 4,05,000","1 year","Hybrid","High","January, 2025","","Yes","10","Yes","No","Mid-Senior Executives","No","50% in Garduation","https://www.iimcal.ac.in/ldp/advanced-programme-for-marketing-professionals-apmp","v3"
"IIM Calcutta","Executive Programme in Strategic Human Resource Management","Rs. 4,66,000","1 year","Hybrid","High","February, 2025","","Yes","6","Yes","No","Mid-Senior Managers","No","7 + Years","https://www.iimcal.ac.in/ldp/executive-programme-strategic-human-resource-management-epshrm","v3"
"IIM Calcutta","Executive Programme in Sales and Marketing","Rs 4,30,000","1 year","Hybrid","High","February,2026","","Yes","14","Yes","No","Juior& Middle Level Executives","No","2 + Years of Work Experience","https://www.iimcal.ac.in/ldp/executive-programme-sales-and-marketing-epsm","v3"
"IIM Calcutta","Advanced Programme in Strategic Project Management","Rs. 3,87,000","9 months","Hybrid","High","July, 2025","","Yes","9","Yes","Yes","Mid-Senior Managers","No","9 + Years","https://www.iimcal.ac.in/ldp/advanced-programme-strategic-project-management-apspm","v3"
"IIM Calcutta","Executive Programme in Public Policy and Management","Rs. 3,35,000","1 year","Hybrid","High","July, 2025","","Yes","10","Yes","Yes","Mid-Senior Level Professionals","No","3 + Years","https://www.iimcal.ac.in/ldp/executive-programme-public-policy-and-management-epppm","v3"
"IIM Calcutta","Executive Programme in Human Resources Management","3,60,000","1 year","Hybrid","High","February,2026","","Yes","6","Yes","No","Working Professionals","No","2 + Years of Work Experience","https://www.iimcal.ac.in/ldp/executive-programme-strategic-human-resource-management-epshrm","v3"
"IIM Calcutta","Advanced Programme in AI for Leaders","Rs. 4,80,000","1 year","Hybrid","High","March,2026","","Yes","11","Yes","Yes","Working Professionals","No","10 + Years","https://www.iimcal.ac.in/ldp/advanced-programme-ai-for-leaders-apal","v3"
"IIM Calcutta","Advacned Programme in Supply Chain Management","Rs.4,60,000","1 year","Hybrid","High","July, 2025","","Yes","13","Yes","No","Mid-Senior Managers","No","3 + Years","https://www.iimcal.ac.in/ldp/advanced-programme-supply-chain-management-apscm","v3"
"IIM Calcutta","Digital and AI - Driven Marketing - formally Known as EPDSMMS","Rs. 2,90,000","6 months","Hybrid","High","January,2026","","Yes","6","Yes","Yes","Mid-Senior Managers","No","2 + Years of Work Experience","https://www.iimcal.ac.in/ldp/digital-and-ai-driven-marketing-digiaim","v3"
"IIM Calcutta","Private Equity and Venture Capital","Rs. 4,25,000","7 months","Hybrid","High","July,2026","","Yes","6","Yes","No","Professionals Across Various Sectors","No","2 +","https://www.iimcal.ac.in/ldp/private-equity-and-venture-capital-pevc","v3"
"IIM Calcutta","Executive Programme in Business and Corporate Laws","Rs. 2,75,000","9 Months","Hybrid","High","November, 2025","","Yes","6","Yes","No","Mid-Senior Managers","No","2 + Years of Work Experience","https://www.iimcal.ac.in/ldp/executive-programme-business-and-corporate-laws-epbcl","v3"
"IIM Calcutta","Senior Management Programme in Business Analytics","INR 6,00,000","8 months","Hybrid","Moderate","December, 2025","","No","7","Yes","No","Mid-Senior Executives","No","10 + Years","https://www.iimcal.ac.in/ldp/senior-management-programme-business-analytics-smpba","v3"
"IIM Calcutta","Executive Programme on Business Analytics","Rs. 5,64,000","1 year","Hybrid","Moderate","March, 2025","","Yes","15","Yes","Yes","Any One who is intrested in Analytics","No","2 + Years of Work Experience","https://www.iimcal.ac.in/ldp/executive-programme-business-analytics-epba","v3"
"IIM Calcutta","Advanced Programme in Strategic Leadership Communication","Rs.2,80,000","6 Months","Hybrid","High","Februray,2026","","Yes","11","Yes","No","Senior Managers","No","5 + Years","https://www.iimcal.ac.in/ldp/advanced-programme-in-strategic-leadership-communication-apslc","v3"
"IIM Calcutta","Chief Operating Officer Programme","Rs.4,80,000","8 Months","Hybrid","High","August,2026","2025-10-15","No","5","Yes","Yes","Senior Leaders","No","10 + Years","https://www.iimcal.ac.in/ldp/chief-operating-officer-programme-coo","v3"
"IIM Calcutta","Executive Programme in Investment Banking and Capital Markets","Rs. 4,66,450","1 Year","HYbrid","High","May,2026","2025-04-30","No","2","Yes","No","Finance Professionals","No","2 + Years of Work Experience","https://www.iimcal.ac.in/ldp/executive-programme-investment-banking-and-capital-markets-epibcm","v3"
"IIM Calcutta","Advanced Management Programme in Fintech and AI Applications","Rs.3,86,000","9 Months","Hybrid","High","April,2026","2025-05-07","No","4","Yes","Yes","Mid-Senior Management Level","No","5 + Years","https://www.iimcal.ac.in/ldp/advanced-management-programme-fintech-and-ai-applications-ampfai","v3"
"IIM Calcutta","Advanced Programme in Smart Manufacturing Leadership","Rs.3,50,000","8 Months","Hybrid","High","February,2026","2025-05-23","No","11","Yes","Yes","Working Professionals","No","8 + Years","https://www.iimcal.ac.in/ldp/advanced-programme-smart-manufacturing-leadership-apsml","v3"
"IIM Calcutta","Executive Programme in Integrated Retail Management","Rs.3,60,000","9 Months","Hybrid","High","February,2026","2025-05-30","No","11","Yes","NO","Working Professionals","No","2 + Years of Work Experience","https://www.iimcal.ac.in/ldp/executive-programme-integrated-retail-management-epirm","v3"
"IIM Calcutta","Advanced Programme for Marketing and Sales Professionals: Transformative Journey to c-Suite Roles","Rs.5,25,000","1 Year","Hybrid","High","February,2026","2025-09-03","No","9","Yes","Yes","Mid-Senior Level Executives in Sales and Maketing","No","8 + Years","https://www.iimcal.ac.in/ldp/advanced-programme-for-marketing-and-sales-professionals-apmp-transformative-journey-c-suite","v3"
"IIM Calcutta","Advanced Programme in Data Sciences","Rs. 4,80,000","1 year","Hybrid","Moderate","August, 2025","","Yes","13","No","Yes","Young Managers","No","3 + Years","https://www.iimcal.ac.in/ldp/advanced-programme-data-sciences-apds","v3"
"IIM Ahmedabad","Creative and Cultural Businesses Programme (CCBP)","Rs.560000+GST","6 Months","Classroom","High","2026-04-13","2026-10-07","No","5 Modules","Yes","","Entrepreneurs","","No","https://exed.iima.ac.in/programme-details.php?id=MTI0OQ==","v3"
"IIM Ahmedabad","Managing Internal Talent and Leadership Pipeline","Rs.120000+GST","3 Days","Classroom","High","2026-04-27","2026-04-29","No","","Yes","","Senior & Middle Level Managers","","No","https://exed.iima.ac.in/programme-details.php?id=MTI1MA==","v3"
"IIM Ahmedabad","Port Design and Management","Rs.1,02,000","3 Days","Classroom","High","2026-04-30","2026-05-02","No","","Yes","","Senior & Middle Level Managers","","No","https://exed.iima.ac.in/programme-details.php?id=MTUwNw==","v3"
"IIM Ahmedabad","Strategic Leadership for Schools in a Changing Environment","Rs.80000+GST","5 Days","Classroom","High","2026-05-18","2026-05-22","No","","Yes","","Principals of Senior Secondary Schools","","No","https://exed.iima.ac.in/programme-details.php?id=MTI2OQ==","v3"
"IIM Ahmedabad","Leadership and Change Management","Rs.200000+GST","5 Days","Classroom","High","2026-06-29","2026-07-03","No","","Yes","","CXOs/Senior Leaders","","No","https://exed.iima.ac.in/programme-details.php?id=MTI3MA==","v3"
"IIM Ahmedabad","Nudges, Choices and Managing Human Behavior","Rs.120000+GST","3 Days","Classroom","High","2025-09-01","2025-09-03","No","","Yes","","Mid-Senior Executives","","No","https://exed.iima.ac.in/programme-details.php?id=MTI2Nw==","v3"
"IIM Ahmedabad","Strategies for Growth","Rs.200000+GST","5 Days","Classroom","High","2026-06-15","2026-06-19","No","","Yes","","CXOs/Senior Leaders","","No","https://exed.iima.ac.in/programme-details.php?id=MTI3MA==","v3"
"IIM Ahmedabad","Leading Digital Transformation","Rs.170000+GST","5 Days","Classroom","High","2025-06-03","2025-06-07","No","","Yes","No","Mid-Senior Managers","No","No","https://exed.iima.ac.in/programme-details.php?id=MTI1Mw==","v3"
"IIM Ahmedabad","Sports and Entertainment: Marketing and Management","Rs.120000+GST","3 Days","Classroom","High","2026-05-18","2026-05-20","No","","Yes","No","Mid-Senior Managers - Sports","No","No","https://exed.iima.ac.in/programme-details.php?id=MTI0OA==","v3"
"IIM Ahmedabad","Marketing Tools For Digital Media And Platforms","Rs.170000+GST","5 Days","Classroom","High","2025-11-16","2025-11-20","No","","Yes","No","Mid-Senior Managers","No","No","https://exed.iima.ac.in/programme-details.php?id=MTI1NA==","v3"
"IIM Ahmedabad","Hospital Management","Rs.191250+GST","6 Days","Classroom","High","2025-06-09","2025-06-14","No","","Yes","No","Mid-Senior Managers","No","No","https://exed.iima.ac.in/programme-details.php?id=MTI1NQ==","v3"
"IIM Ahmedabad","Enhancing Leadership Capacities and Potential among Professional Women","Rs.160000+GST","4 Days","Classroom","High","2025-11-10","2025-11-13","No","","Yes","No","Women Leaders","No","No","https://exed.iima.ac.in/programme-details.php?id=MTI1Ng==","v3"
"IIM Ahmedabad","B2B Marketing","Rs.191250+GST","6 Days","Classroom","High","2026-06-22","2026-06-27","No","","Yes","No","Mid-Senior Managers","No","No","https://exed.iima.ac.in/programme-details.php?id=MTI1Nw==","v3"
"IIM Ahmedabad","Agri-Food Business Programme for Global Competitiveness","RS.225000+GST","6 Days","Classroom","High","2026-02-02","2026-02-07","No","","Yes","No","Mid-Senior Managers","No","No","https://exed.iima.ac.in/programme-details.php?id=MTI1OA==","v3"
"IIM Ahmedabad","Restaurant Design and Management","Rs.170000+GST","5 Days","Classroom","High","2025-06-30","2025-07-04","No","","Yes","No","Mid-Senior Managers","No","No","https://exed.iima.ac.in/programme-details.php?id=MTI2Mw==","v3"
"IIM Ahmedabad","Managing Global Value Chains in a Changing Business Environment","Rs.120000+GST","3 Days","Classroom","High","2025-11-24","2025-11-26","No","","Yes","No","Mid-Senior Managers","No","No","https://exed.iima.ac.in/programme-details.php?id=MTI3MQ==","v3"
"IIM Ahmedabad","Strategies For Winning In International Markets (SWIM)","Rs.170000+GST","5 Days","Classroom","High","2026-01-12","2026-01-16","No","","Yes","No","Mid-Senior Managers","No","No","https://exed.iima.ac.in/programme-details.php?id=MTI3Mw==","v3"
"IIM Ahmedabad","Becoming an Effective CIO","Rs.191250+GST","6 Days","Classroom","High","2025-07-07","2025-07-12","No","","Yes","No","CXOs/Senior Leaders","No","No","exed.iima.ac.in/programme-details.php?id=MTI3NA==","v3"
"IIM Ahmedabad","Supply Chain Management","Rs.191250+GST","6 Days","Classroom","High","2025-07-07","2025-07-12","No","","Yes","No","Mid-Senior Managers","No","No","https://exed.iima.ac.in/programme-details.php?id=MTI3NQ==","v3"
"IIM Ahmedabad","3TP: Emerging Leaders' Programme","Rs. 500000+GST","4 Weeks","Classroom","High","2025-07-13","2025-08-09","No","","Yes","No","Middle Level Managers","No","5+ Years","https://exed.iima.ac.in/programme-details.php?id=MTI3Ng==","v3"
"IIM Ahmedabad","Strategic Human Resource Management","Rs.191250+GST","6 Days","Classroom","High","2025-07-21","2025-07-26","No","","Yes","No","CXOs/Senior Leaders","No","No","https://exed.iima.ac.in/programme-details.php?id=MTI3OA==","v3"
"IIM Ahmedabad","HEAL: Mindful Leadership for Self and Organisational Transformation","Rs.136000+GST","4 Days","Classroom","High","2025-07-23","2025-07-26","No","","Yes","No","Mid-Senior Leaders","No","No","https://exed.iima.ac.in/programme-details.php?id=MTI3OQ==","v3"
"IIM Ahmedabad","PPP Frameworks For Infrastructure Development","Rs.200000+GST","5 Days","Classroom","High","2025-07-28","2025-08-01","No","","Yes","No","Mid-Senior Managers","No","No","https://exed.iima.ac.in/programme-details.php?id=MTI4MQ==","v3"
"IIM Ahmedabad","Leadership Development Program for Chief Legal Officers","Rs.170000+GST","5 Days","Classroom","High","2025-08-04","2025-08-08","No","","Yes","No","CXOs/Senior Leaders","No","No","https://exed.iima.ac.in/programme-details.php?id=MTI0NQ==","v3"
"IIM Ahmedabad","Strategy Implementation","Rs.120000+GST","3 Days","Classroom","High","2025-08-11","2025-08-13","No","","Yes","No","Mid-Senior Managers/Entrepreneurs","No","No","https://exed.iima.ac.in/programme-details.php?id=MTI4NQ==","v3"
"IIM Ahmedabad","Manufacturing Strategy","Rs.120000+GST","3 Days","Classroom","High","2025-08-11","2025-08-13","No","","Yes","No","Mid-Senior Managers","No","No","https://exed.iima.ac.in/programme-details.php?id=MTI4NA==","v3"
"IIM Ahmedabad","Managing IT Projects","Rs.191250+GST","6 Days","Classroom","High","2025-08-18","2025-08-23","No","","Yes","No","Mid-Senior Managers","No","No","https://exed.iima.ac.in/programme-details.php?id=MTI4Ng==","v3"
"IIM Ahmedabad","Wealth Management","Rs.120000+GST","3 Days","Classroom","High","2026-01-23","2026-01-25","No","","Yes","No","Mid-Senior Leaders","No","No","https://exed.iima.ac.in/programme-details.php?id=MTI4Nw==","v3"
"IIM Ahmedabad","Leadership Development Programme in Banking and Financial Services","Rs.170000+GST","5 Days","Classroom","High","2025-09-01","2025-09-05","No","","Yes","No","Mid-Senior Managers","No","No","https://exed.iima.ac.in/programme-details.php?id=MTI4OQ==","v3"
"IIM Ahmedabad","Administrative Leadership and Good Governance","Rs.120000+GST","3 Days","Classroom","High","2025-12-16","2025-12-18","No","","Yes","No","Senior Managers","No","No","https://exed.iima.ac.in/programme-details.php?id=MTI4OA==","v3"
"IIM Ahmedabad","Effective Management of Service Sector Firms","Rs.136000+GST","4 Days","Classroom","High","2025-09-02","2025-09-05","No","","Yes","No","Mid-Senior Executives","No","No","https://exed.iima.ac.in/programme-details.php?id=MTI5MA==","v3"
"IIM Ahmedabad","Young Entrepreneurs Programme","Rs.297500+GST","12 Days","Classroom","High","2025-09-07","2026-01-17","No","2 Modules","Yes","No","Young Entrepreneurs","No","No","https://exed.iima.ac.in/programme-details.php?id=MTI5MQ==","v3"
"IIM Ahmedabad","Organisational Leadership for 21st Century","Rs.160000+GST","4 Days","Classroom","High","2025-09-08","2025-09-11","No","","Yes","No","Mid-Senior Leaders","No","No","https://exed.iima.ac.in/programme-details.php?id=MTI5Mg==","v3"
"IIM Ahmedabad","Executive Programme in Financial Planning and Investment Advisory Services","Rs.750000+GST","8 Months","Hybrid","High","2025-09-29","2026-09-23","Yes","3 Modules","Yes","No","Mid-Senior Managers","No","No","https://exed.iima.ac.in/programme-details.php?id=MTI5Mw==","v3"
"IIM Ahmedabad","Contract Management","Rs.200000+GST","5 Days","Classroom","High","2025-09-15","2025-09-19","No","","Yes","No","Mid-Senior Managers","No","No","https://exed.iima.ac.in/programme-details.php?id=MTI5Ng==","v3"
"IIM Ahmedabad","Strategic Communication","RS.160000 +GST","5 Days","Classroom","High","2025-09-15","2025-09-18","No","","Yes","No","CXOs/Senior Leaders","No","No","https://exed.iima.ac.in/programme-details.php?id=MTI5NA==","v3"
"IIM Ahmedabad","Artificial Intelligence And Machine Learning For Business","Rs. 191250+GST","6 Days","Classroom","High","2025-09-15","2025-09-20","No","","Yes","No","Mid-Senior Managers","No","No","https://exed.iima.ac.in/programme-details.php?id=MTI5Nw==","v3"
"IIM Ahmedabad","Developing Commercial And Financial Skills For Strategic Business Decisions","Rs.170000+GST","5 Days","Classroom","High","2025-09-15","2025-09-19","No","","Yes","No","Mid level Manager","No","No","https://exed.iima.ac.in/programme-details.php?id=MTI5NQ==","v3"
"IIM Ahmedabad","Taking People Along: Managing by Persuasion","Rs.200000+GST","5 Days","Classroom","High","2025-09-22","2025-09-26","No","","Yes","No","Mid-Senior Managers","No","No","https://exed.iima.ac.in/programme-details.php?id=MTI5OA==","v3"
"IIM Ahmedabad","Elephants and Cheetahs: Systems, Strategy and Bottlenecks","Rs.120000+GST","3 Days","Classroom","High","2025-09-25","2025-09-27","No","","Yes","No","Mid-Senior Executives","No","No","https://exed.iima.ac.in/programme-details.php?id=MTMwMA==","v3"
"IIM Ahmedabad","CLIMB: Building Capability For Leadership Transitions","Rs.120000+GST","3 Days","Classroom","High","2025-09-25","2025-09-27","No","12 Modules","Yes","No","Mid-Senior Leaders","No","No","https://exed.iima.ac.in/programme-details.php?id=MTI5OQ==","v3"
"IIM Ahmedabad","Strategic Cost Management","Rs.170000+GST","5 Days","Classroom","High","2025-10-06","2025-10-10","No","","Yes","No","Senior Heads","No","No","https://exed.iima.ac.in/programme-details.php?id=MTMwMg==","v3"
"IIM Ahmedabad","Design Thinking","Rs.160000+GST","4 Days","Classroom","High","2025-10-06","2025-10-09","No","","Yes","No","Mid-Senior Managers","No","No","https://exed.iima.ac.in/programme-details.php?id=MTMwMQ==","v3"
"IIM Ahmedabad","Managing the ""Self"" in Organisations: Towards Personal Transformation and Growth","Rs.160000+GST","4 Days","Classroom","High","2025-10-15","2025-10-18","No","","Yes","No","Leaders/Entrepreneurs","No","No","https://exed.iima.ac.in/programme-details.php?id=MTMwMw==","v3"
"IIM Ahmedabad","Creating Entrepreneurial Organisations","Rs.160000+GST","4 Days","Classroom","High","2025-11-05","2025-11-08","No","","Yes","No","Mid-Senior Executives","No","No","https://exed.iima.ac.in/programme-details.php?id=MTMyOQ==","v3"
"IIM Ahmedabad","The Winning Edge: Communication Strategies For Leaders","Rs.225000+GST","6 Days","Classroom","High","2025-11-10","2025-11-15","No","","Yes","No","Mid-Senior Managers","No","No","https://exed.iima.ac.in/programme-details.php?id=MTMwNQ==","v3"
"IIM Ahmedabad","Transformational Leadership","Rs.191250+GST","6 Days","Classroom","High","2025-11-10","2025-11-15","No","","Yes","No","Mid-Senior Managers","No","No","https://exed.iima.ac.in/programme-details.php?id=MTMwNg==","v3"
"IIM Ahmedabad","Innovation, Corporate Strategy And Competitive Performance","Rs.225000+GST","6 Days","Classroom","High","2025-11-24","2025-11-29","No","","Yes","No","Senior Executives","No","No","https://exed.iima.ac.in/programme-details.php?id=MTMwOA==","v3"
"IIM Ahmedabad","HR Analytics","Rs.200000+GST","5 Days","Classroom","High","2026-02-11","2026-02-15","No","","Yes","No","Mid-Senior Managers","No","No","https://exed.iima.ac.in/programme-details.php?id=MTMwNw==","v3"
"IIM Ahmedabad","Understanding Bhagavad Gita: A Journey Towards Leadership Excellence","Rs.170000+GST","5 Days","Classroom","High","2025-12-01","2025-12-05","No","","Yes","No","Mid-Senior Managers","No","No","https://exed.iima.ac.in/programme-details.php?id=MTMxMA==","v3"
"IIM Ahmedabad","Logistics Management","Rs.120000+GST","3 Days","Classroom","High","2025-12-01","2025-12-03","No","","Yes","No","Mid-Senior Executives","No","No","https://exed.iima.ac.in/programme-details.php?id=MTMwOQ==","v3"
"IIM Ahmedabad","Advanced Human Resource Management","Rs.191250+GST","6 Days","Classroom","High","2025-12-01","2025-12-06","No","","Yes","No","Mid-Senior Managers","No","No","https://exed.iima.ac.in/programme-details.php?id=MTMxMg==","v3"
"IIM Ahmedabad","Digital Transformation: Strategies And Business Models","RS.225000+GST","6 Days","Classroom","High","2025-12-01","2025-12-06","No","","Yes","No","CXOs/Senior Leaders","No","No","https://exed.iima.ac.in/programme-details.php?id=MTMxMQ==","v3"
"IIM Ahmedabad","Effective Data Visualization for the Data-Driven Organization","Rs.160000+GST","4 Days","Classroom","High","2025-12-08","2025-12-11","No","","Yes","No","Mid-Senior Managers","No","No","https://exed.iima.ac.in/programme-details.php?id=MTMxMw==","v3"
"IIM Ahmedabad","Project Management","RS.225000+GST","6 days","Classroom","High","2025-12-15","2025-12-20","No","","Yes","No","Mid-Senior Executives","No","No","https://exed.iima.ac.in/programme-details.php?id=MTMxNA==","v3"
"IIM Ahmedabad","3TP: Senior Leaders' Programme","Rs.600000+GST","24 Days","Classroom","High","2026-01-05","2026-01-28","No","","Yes","No","Senior Manager","No","35 Years of age","https://exed.iima.ac.in/programme-details.php?id=MTI3Nw==","v3"
"IIM Ahmedabad","Strategic Legacy Management: Using History to Create Business Value","Rs.102000+GST","3 Days","Classroom","High","2026-03-16","2026-03-18","No","","Yes","No","Mid-Senior Managers","No","No","https://exed.iima.ac.in/programme-details.php?id=MTMzMw==","v3"
"IIM Ahmedabad","Interpersonal Effectiveness And Team Building","Rs.160000+GST","4 Days","Classroom","High","2026-01-19","2026-01-22","No","","Yes","No","Mid-Senior Managers","No","No","https://exed.iima.ac.in/programme-details.php?id=MTMxNQ==","v3"
"IIM Ahmedabad","Building And Managing Brands In The Present Era","Rs.200000+GST","5 Days","Classroom","High","2026-01-19","2026-01-23","No","","Yes","No","Mid-Senior Managers/Entrepreneurs","No","No","https://exed.iima.ac.in/programme-details.php?id=MTMxNg==","v3"
"IIM Ahmedabad","Financial Analysis of Business","Rs.120000+GST","3 Days","Classroom","High","2026-01-29","2026-01-31","No","","Yes","No","Mid-Senior Managers","No","No","https://exed.iima.ac.in/programme-details.php?id=MTMxOQ==","v3"
"IIM Ahmedabad","Unpacking the Storytelling Toolkit for Leaders","Rs.102000+GST","3 Days","Classroom","High","2026-01-29","2026-01-31","No","","Yes","No","Senior Executives","No","No","https://exed.iima.ac.in/programme-details.php?id=MTMxOA==","v3"
"IIM Ahmedabad","HR Auditing-Preparing the Ground for Strategic HRM","RS.120000+GST","3 Days","Classroom","High","2026-03-16","2026-03-19","No","","Yes","No","Mid-Senior Managers","No","No","https://exed.iima.ac.in/programme-details.php?id=MTMyMQ==","v3"
"IIM Ahmedabad","Psychology of Strategic Leadership: Young Women Programme","Rs.160000+GST","4 Days","Classroom","High","2026-02-11","2026-02-14","No","","Yes","No","Mid-Senior Managers","No","No","https://exed.iima.ac.in/programme-details.php?id=MTMyMw==","v3"
"IIM Ahmedabad","Leading Professional Service Firm","Rs.120000+GST","3 Days","Classroom","High","2026-02-11","2026-02-13","No","","Yes","No","CXOs/Senior Leaders","No","No","https://exed.iima.ac.in/programme-details.php?id=MTMyMg==","v3"
"IIM Ahmedabad","Enhancing Sales Force Performance","RS.200000+GST","5 Days","Classroom","High","2026-02-16","2026-02-20","No","","Yes","No","Mid-Senior Managers","No","No","https://exed.iima.ac.in/programme-details.php?id=MTMyNA==","v3"
"IIM Ahmedabad","Managerial Effectiveness","Rs.191250+GST","6 Days","Classroom","High","2026-02-16","2026-02-21","No","","Yes","No","Mid-Senior Managers","No","No","https://exed.iima.ac.in/programme-details.php?id=MTMyNg==","v3"
"IIM Ahmedabad","Mergers, Acquisitions and Restructuring","Rs.191250+GST","6 Days","Classroom","High","2026-02-16","2026-02-21","No","","Yes","No","Senior Manager","No","No","https://exed.iima.ac.in/programme-details.php?id=MTMyNQ==","v3"
"IIM Ahmedabad","Warehouse Design and Management","Rs.170000+GST","5 Days","Classroom","High","2026-02-17","2026-02-21","No","","Yes","No","Mid-Senior Managers","No","No","https://exed.iima.ac.in/programme-details.php?id=MTMyNw==","v3"
"IIM Ahmedabad","Strategic Decision Making For Leaders Through AI And Analytics","Rs.200000+GST","5 Days","Classroom","High","2026-02-23","2026-02-27","No","","Yes","No","Mid-Senior Managers","No","No","https://exed.iima.ac.in/programme-details.php?id=MTMyOA==","v3"
"IIM Ahmedabad","Accelerated General Management Programme-Blended Learning-Batch 16 (AGMP-BL17)","Rs. 8,00,000","12 Months","Hybrid","High","2026-11-27","","Yes","","Yes","Yes","Mid-Senior Executives","No","No","https://exed.iima.ac.in/programme-details.php?id=MTUwMw==","v3"
"IIM Ahmedabad","Senior Management Programme-Blended Learning-Batch 16 (SMP-BL15)","Rs. 9,00,000","12 Months","Hybrid","High","2026-11-30","","Yes","","Yes","Yes","Senior Manager","No","10+ Years","https://exed.iima.ac.in/programme-details.php?id=MTI2NQ==","v3"
"IIM Ahmedabad","Financial Reporting and Corporate Governance (FRCG) Batch 05","Rs. 2,08,000","4 Months","Hybrid","High","2026-09-06","","Yes","3","Yes","No","Mid-Senior Executives","No","3 + Years","https://exed.iima.ac.in/programme-details.php?id=MTMzMQ==","v3"
"IIM Ahmedabad","Strategic Management (Blended Learning) - Batch 08","Rs. 3,06,000","7 Months","Hybrid","High","2026-11-22","","Yes","3","Yes","No","Working Executives","No","5+ Years after Graduation","https://exed.iima.ac.in/programme-details.php?id=MTUxOQ==","v3"
"IIM Ahmedabad","Digital Marketing: Business Models, Processes and Technologies - Batch 03 (DMBPT-BL02)","RS. 3,50,000","5 Months","Hybrid","High","2025-08-31","","Yes","","Yes","No","Mid-Senior Executives","No","No","https://exed.iima.ac.in/programme-details.php?id=MTUxNg==","v3"
"IIM Ahmedabad","Executive Programme in Supply Chain and Logistics Management Batch-4","Rs. 4,00,000","6 Months","Hybrid","High","2026-07-31","","No","24(Topics)","Yes","No","Mid-Senior Level in Operational Level","No","2 + Years","https://exed.iima.ac.in/programme-details.php?id=MTUxNQ==","v3"
"IIM Ahmedabad","Achieving Excellence in Marketing: Programme for Marketing Leadership Batch-1","Rs. 4,32,000","7 Months","Hybrid","High","2026-07-01","","Yes","24(Topics)","Yes","No","Mid-Senior Level","No","No","https://exed.iima.ac.in/programme-details.php?id=MTUwNA==","v3"
"IIM Ahmedabad","Advanced Programme in Quantitative Finance and Risk Management","Rs. 4,00,000","5 Months","Hybrid","High","2026-03-31","","Yes","4","Yes","No","Mid-Senior Level Management","No","","https://exed.iima.ac.in/programme-details.php?id=MTMzMA==","v3"
"IIM Ahmedabad","Strategic Leadership Programme for Women Executives","Rs. 3,00,000","7 Months","Hybrid","High","2026-04-30","","Yes","3","Yes","No","Women Executives in Middle and Senior Levels","No","","https://exed.iima.ac.in/programme-details.php?id=MTQ5OA==","v3"
"IIM Ahmedabad","Executive Programme in AI for Business - Batch 01","Rs. 3,20,000","7 Months","HYbrid","High","2026-05-31","","Yes","3","Yes","Yes","Mid-Senior Level Managers in all Sectors","No","","https://exed.iima.ac.in/programme-details.php?id=MTUwMQ==","v3"
"IIM Bangalore","Executive Programme in Business Finance (EPBF-BL07)","Rs. 3,43,000","7 Months","Hybrid","High","2026-07-19","High","","No","P&L and Finance Executives","No","CXOs/Senior Leaders","No","10+ Years of Managerial Experience","https://eep.iimb.ac.in/course/entrepreneurial-leadership-in-organizations-batch-1/?utm_campaign=S02450&utm_content=ELO","v3"
"IIM Bangalore","Artificial Intelligence Strategy (Batch-1)","Rs.1,42,500","5 Days","Classroom","High","2025-05-26","2025-05-30","No","","Yes","No","Senior Leaders","No","","https://eep.iimb.ac.in/course/artificial-intelligence-strategy/?utm_campaign=S02330&utm_content=AIS","v3"
"IIM Bangalore","Generative AI and Agentic AI with Business Applications (Batch-1)","Rs.1,45,500","5 Days","Classroom","High","2025-06-09","2025-06-13","No","","Yes","No","Mid-Senior","No","","https://eep.iimb.ac.in/course/generative-ai-and-agentic-ai-with-business-applications-batch-1/?utm_campaign=S02470&utm_content=AI","v3"
"IIM Bangalore","Strategic Management of Innovation (Batch-1)","","","","","","","","","","","","","","https://eep.iimb.ac.in/view-all-programs/","v3"
"IIM Bangalore","Influencing Your Stakeholders Toward Collective Growth","Rs.1,06,500","3 Days","Classroom","High","2025-06-18","2025-06-20","No","","YEs","No","Mid-Senior","No","","https://eep.iimb.ac.in/course/influencing-your-stakeholders-toward-collective-growth/?utm_campaign=S02300&utm_content=ISG","v3"
"IIM Bangalore","Advanced Business Negotiation Programme","Rs.1,06,500","3 Days","Classroom","High","2025-06-23","2025-06-25","No","","Yes","No","Senior Executives","No","","https://eep.iimb.ac.in/course/advanced-business-negotiation-programme/?utm_campaign=S00220&utm_content=advanced-business-negotiation","v3"
"IIM Bangalore","Artificial Intelligence for Leaders (Batch-1)","Rs.1,11,500","3 Days","Classroom","High","2025-06-25","2025-06-27","No","","Yes","No","Senior Leaders","No","10+ years in the field of AI","https://eep.iimb.ac.in/course/artificial-intelligence-for-senior-leaders/?utm_campaign=S01710&utm_content=artificial-intelligence","v3"
"IIM Bangalore","Risks and Challenges in Global Banking Regulations","","5 Days","Classroom","High","2025-07-14","TBH","No","","Yes","","","","","https://eep.iimb.ac.in/view-all-programs/","v3"
"IIM Bangalore","Design Thinking for Leaders","Rs.1,06,500","3 Days","Classroom","High","2025-07-28","2025-07-30","No","","Yes","No","CXOs/Senior Leaders","No","","https://eep.iimb.ac.in/course/design-thinking-for-leaders/?utm_campaign=S01980&utm_content=design-thinking-for-leaders","v3"
"IIM Bangalore","Business Analytics - The Science of Data Driven Decision Making","Rs. 1,45,500","5 Days","Classroom","High","2025-07-28","2025-08-01","No","","Yes","No","Mid-Level Leaders","No","","https://eep.iimb.ac.in/course/business-analytics-science-of-data-driven-decision-making/?utm_campaign=S00150&utm_content=business-analytics-science-of-data","v3"
"IIM Bangalore","Executive Presence for impactful leadership (Batch 1)","Rs.1,06,500","3 Days","Classroom","High","2025-07-23","2025-07-25","No","","Yes","No","Mid-Senior","No","","https://eep.iimb.ac.in/course/executive-presence-for-impactful-leadership-batch-1/?utm_campaign=S02460&utm_content=executive-presence","v3"
"IIM Bangalore","Organizational Excellence Through Leadership (Batch-1)","Rs.145500","5 Days","Classroom","High","2025-08-04","2025-08-08","No","","Yes","","CXOs/Senior Leaders","No","","https://eep.iimb.ac.in/course/organizational-excellence-through-leadership-batch-1-2/?utm_campaign=S01650&utm_content=organizational-excellence","v3"
"IIM Bangalore","Data Visualization and Storytelling Through Data","Rs.106500","3 Days","Classroom","High","2025-08-06","2025-08-08","No","","Yes","","Mid-Senior","No","","https://eep.iimb.ac.in/course/data-visualization-and-storytelling-through-data/?utm_campaign=S02050&utm_content=data-visualization","v3"
"IIM Bangalore","Mergers & Acquisitions, Corporate Restructuring, Buyouts and Divestitures","Rs.1,42,500","5 Days","Classroom","High","2025-08-18","2025-08-22","No","","Yes","","Mid-Senior","No","","https://eep.iimb.ac.in/course/corporate-restructuring-mergers-acquisitions-buyouts-and-divestitures/?utm_campaign=S00140&utm_content=corporate-restructuring","v3"
"IIM Bangalore","Creating High Performance Organisations (Batch-1)","Rs.1,45,500","5 Days","Classroom","High","2025-09-01","2025-09-05","No","","Yes","","Mid-Senior Leaders","No","","https://eep.iimb.ac.in/course/creating-high-performance-organisations-batch-1/?utm_campaign=S00240&utm_content=CHP","v3"
"IIM Bangalore","Digital and Social Media Marketing Strategy: Driving Business Growth (Batch-1)","Rs.1,06,500","3 Days","Classroom","High","2025-09-01","2025-09-03","No","","Yes","","CXOs/Senior Leaders","No","","https://eep.iimb.ac.in/course/digital-and-social-media-marketing-strategy-driving-business-growth/?utm_campaign=S00640&utm_content=dsm","v3"
"IIM Bangalore","Artificial Intelligence Strategy (Batch-2)","Rs.1,42,500","5 Days","Classroom","High","2025-09-08","2025-09-12","No","","Yes","","Senior Manager","No","15+ Years of experience","https://eep.iimb.ac.in/program-brochures/S02331.pdf","v3"
"IIM Bangalore","Decision Making and Conflict Management in Family Firms","Rs.1,06,500","3 Days","Classroom","High","2025-09-15","2025-09-17","No","","Yes","","CXOs/Senior Leaders","No","","https://eep.iimb.ac.in/course/decision-making-and-conflict-management-in-family-firms/?utm_campaign=S02540&utm_content=conflict-management","v3"
"IIM Bangalore","Mindfulness for Effective Leadership (Batch-1)","Rs. 1,06,500","3 Days","Classroom","High","2025-09-17","2025-09-19","No","","Yes","","Mid-Career","No","","https://eep.iimb.ac.in/course/mindfulness-for-effective-leadership/?utm_campaign=S02240&utm_content=mindfulness","v3"
"IIM Bangalore","Organizational Excellence Through Leadership (Batch-2)","Rs. 1,45,500","5 Days","Classroom","High","2025-09-22","2025-09-26","No","","Yes","","CXOs/Senior Leaders","No","","https://eep.iimb.ac.in/course/organizational-excellence-through-leadership-batch-2/?utm_campaign=S01651&utm_content=OEL","v3"
"IIM Bangalore","Navigating the Alternative Investments Industry","Rs.1,03,50","5 Days","Classroom","High","2025-09-22","2025-09-26","No","","Yes","","Mid-Senior","No","","https://eep.iimb.ac.in/course/navigating-the-alternative-investments-industry/?utm_campaign=S02340&utm_content=NAI","v3"
"IIM Bangalore","Workplace Conflict : An Opportunity for Growth","Rs. 1,06,500","3 Days","Classroom","High","2025-09-23","2025-09-25","No","","Yes","","Mid-Senior","No","","https://eep.iimb.ac.in/course/workplace-conflict-an-opportunity-for-growth/?utm_campaign=%20S02070&utm_content=workplace-conflict","v3"
"IIM Bangalore","Executive Presence for impactful leadership (Batch 2)","Rs.1,06,500","3 Days","Classroom","High","2025-10-06","2025-10-08","No","","Yes","","Mid-Senior","No","","https://eep.iimb.ac.in/course/executive-presence-for-impactful-leadership-batch-2/?utm_campaign=S02461&utm_content=EPLB","v3"
"IIM Bangalore","Ecosystem Strategy for Business Leaders","Rs. 142500","5 Days","Classroom","High","2025-10-06","2025-10-10","No","","Yes","","","No","","https://eep.iimb.ac.in/course/ecosystem-strategy-for-business-leaders/?utm_campaign=S02350&utm_content=ESBL","v3"
"IIM Bangalore","Digital Supply Chains: From Strategy to Execution","Rs.1,42,500","5 Days","Classroom","High","2025-10-06","2025-10-10","No","","Yes","","Senior Leaders","No","5+ Years of Experience","https://eep.iimb.ac.in/course/digital-supply-chains-from-strategy-to-execution/?utm_campaign=S02440&utm_content=DSC","v3"
"IIM Bangalore","Artificial Intelligence for Leaders (Batch-2)","Rs. 111500","3 Days","Classroom","High","2025-10-06","2025-10-08","No","","Yes","","Senior Leaders","No","","https://eep.iimb.ac.in/course/artificial-intelligence-for-senior-leaders-batch-2/?utm_campaign=S01711&utm_content=AI","v3"
"IIM Bangalore","Leadership in Extreme Environments","Rs.1,06,500","3 Days","Classroom","High","2025-10-09","2025-10-11","No","","Yes","","Mid-Senior","","","https://eep.iimb.ac.in/course/leadership-in-extreme-environments/?utm_campaign=S02480&utm_content=LEE","v3"
"IIM Bangalore","Learning From Corporate Failures","Rs.1,06,500","3 Days","Classroom","High","2025-10-23","2025-10-25","No","","Yes","","Senior Leaders","","","https://eep.iimb.ac.in/course/learning-from-corporate-failures-2/?utm_campaign=S00880&utm_content=LCF","v3"
"IIM Bangalore","Personal Growth & Team Building","","3 Days","Classroom","High","2025-10-27","TBH","No","","Yes","","","","","https://eep.iimb.ac.in/view-all-programs/","v3"
"IIM Bangalore","Corporate Diplomacy","Rs.1,50,000","2 Days","Classroom","High","2025-10-27","2025-10-28","No","","Yes","","","","","https://eep.iimb.ac.in/course/corporate-diplomacy-leading-in-a-turbulent-world/?utm_campaign=S02200&utm_content=corporate-diplomacy","v3"
"IIM Bangalore","Decision Making for Managerial Effectiveness (Batch-1)","Rs. 106500","3 Days","Classroom","High","2025-10-27","2025-10-29","No","","Yes","","Mid-Senior","","","https://eep.iimb.ac.in/course/decision-making-for-managerial-effectiveness/?utm_campaign=S00020&utm_content=DMME","v3"
"IIM Bangalore","Generative AI and Agentic AI (Batch-2)","Rs.1,45,500","5 Days","Classroom","High","2025-11-03","2025-11-07","No","","Yes","","Mid-Senior","","","https://eep.iimb.ac.in/course/generative-ai-and-agentic-ai-with-business-applications/?utm_campaign=S02471&utm_content=GenAI","v3"
"IIM Bangalore","Project, Program & Portfolio Management (Batch-1)","Rs. 132000","4 Days","Classroom","High","2025-11-19","2025-11-22","No","","Yes","","Mid-Senior","","","https://eep.iimb.ac.in/course/project-program-portfolio-management-batch-2/?utm_campaign=S00461&utm_content=P3M","v3"
"IIM Bangalore","Organizational Excellence Through Leadership (Batch-3)","Rs. 1,45,500","5 Days","Classroom","High","2025-11-10","2025-11-14","No","","Yes","","Mid-Senior","","","https://eep.iimb.ac.in/course/organizational-excellence-through-leadership-batch-3/?utm_campaign=S01652&utm_content=OETL","v3"
"IIM Bangalore","ESG, Climate Change, and Building Future Ready Organizations","Rs. 122000","4 Days","Classroom","High","2025-11-12","2025-11-15","No","","Yes","","","","","https://eep.iimb.ac.in/course/esg_climate_change_and_building_future_ready_organizations/?utm_campaign=S02210&utm_content=ESG","v3"
"IIM Bangalore","Strategic Sourcing and Supplier Management Nov 12,","","3 Days","Classroom","High","2025-11-12","TBH","No","","Yes","","","","","https://eep.iimb.ac.in/view-all-programs/","v3"
"IIM Bangalore","Artificial Intelligence (AI) and Analytics Based Business Strategy; Creating Business Value","","3 Days","Classroom","High","2025-11-17","TBH","No","","Yes","","","","","https://eep.iimb.ac.in/view-all-programs/","v3"
"IIM Bangalore","Project, Program & Portfolio Management (Batch-2)","","4 Days","Classroom","High","2025-11-19","TBH","No","","Yes","","","","","https://eep.iimb.ac.in/view-all-programs/","v3"
"IIM Bangalore","Creating High Performance Organisations (Batch-2)","","5 Days","Classroom","High","2025-11-24","TBH","No","","Yes","","","","","https://eep.iimb.ac.in/view-all-programs/","v3"
"IIM Bangalore","From Data to Decisions","","5 Days","Classroom","High","2024-11-24","TBH","No","","Yes","","","","","https://eep.iimb.ac.in/view-all-programs/","v3"
"IIM Bangalore","Mid-Career Transitions for Success","","3 Days","Classroom","High","2025-11-26","TBH","No","","Yes","","","","","https://eep.iimb.ac.in/view-all-programs/","v3"
"IIM Bangalore","Stepping up: Preparing for Leadership","","3 Days","Classroom","High","2025-11-27","TBH","No","","Yes","","","","","https://eep.iimb.ac.in/view-all-programs/","v3"
"IIM Bangalore","Leadership for Net-Zero Economy","","5 Days","Classroom","High","2025-12-01","TBH","No","","Yes","","","","","https://eep.iimb.ac.in/view-all-programs/","v3"
"IIM Bangalore","Strategic Analysis for Competitive Advantage","","4 Days","Classroom","High","2025-12-02","TBH","No","","Yes","","","","","https://eep.iimb.ac.in/view-all-programs/","v3"
"IIM Bangalore","Competitive Marketing Strategy","","3 Days","Classroom","High","2025-12-04","TBH","No","","Yes","","","","","https://eep.iimb.ac.in/view-all-programs/","v3"
"IIM Bangalore","Strategic Leadership and Innovation in the Digital Era","","3 Days","Classroom","High","2025-12-08","TBH","No","","Yes","","","","","https://eep.iimb.ac.in/view-all-programs/","v3"
"IIM Bangalore","Company Director’s Programme: Board Best Practices","","3 Days","Classroom","High","2025-12-08","TBH","No","","Yes","","","","","https://eep.iimb.ac.in/view-all-programs/","v3"
"IIM Bangalore","Building a Strong Employer Brand","","3 Days","Classroom","High","2025-12-10","TBH","No","","Yes","","","","","https://eep.iimb.ac.in/view-all-programs/","v3"
"IIM Bangalore","Strategic Leadership Programme For IT Companies","","3 Days","Classroom","High","2025-12-11","TBH","No","","Yes","","","","","https://eep.iimb.ac.in/view-all-programs/","v3"
"IIM Bangalore","Organizational Excellence Through Leadership (Batch-4)","145500","5 Days","Classroom","High","2025-12-15","2025-12-19","No","","Yes","","","","","https://eep.iimb.ac.in/course/organizational-excellence-through-leadership-batch-4/?utm_campaign=S01653&utm_content=OETL-4","v3"
"IIM Bangalore","Leadership Skills for Engineers","","3 Days","Classroom","High","2025-01-05","TBH","No","","Yes","","","","","https://eep.iimb.ac.in/view-all-programs/","v3"
"IIM Bangalore","Analytics for Market Research","","5 Days","Classroom","High","2025-01-05","TBH","No","","Yes","","","","","https://eep.iimb.ac.in/view-all-programs/","v3"
"IIM Bangalore","Digital Business Models and Strategy","","3 Days","Classroom","High","2026-01-05","TBH","No","","Yes","","","","","https://eep.iimb.ac.in/view-all-programs/","v3"
"IIM Bangalore","Entrepreneurial Leadership in Organizations (Batch-2)","","3 Days","Classroom","High","2026-01-07","TBH","No","","Yes","","","","","https://eep.iimb.ac.in/view-all-programs/","v3"
"IIM Bangalore","Decision Making for Managerial Effectiveness (Batch-2)","","3 Days","Classroom","High","2026-01-08","TBH","No","","Yes","","","","","https://eep.iimb.ac.in/view-all-programs/","v3"
"IIM Bangalore","Private Equity and Capital Market Financing","","4 Days","Classroom","High","2026-01-19","TBH","No","","Yes","","","","","https://eep.iimb.ac.in/view-all-programs/","v3"
"IIM Bangalore","Strategy and Leadership in VUCA World","","4 Days","Classroom","High","2026-01-19","TBH","No","","Yes","","","","","https://eep.iimb.ac.in/view-all-programs/","v3"
"IIM Bangalore","Finance for Decision Making (for non-finance managers)","","5 Days","Classroom","High","2026-01-19","TBH","No","","Yes","","","","","https://eep.iimb.ac.in/view-all-programs/","v3"
"IIM Bangalore","Finance Master Class for Business Leadership","","4 Days","Classroom","High","2026-02-09","TBH","No","","Yes","","","","","https://eep.iimb.ac.in/view-all-programs/","v3"
"IIM Bangalore","Sustainability 360: A Tool for Business Transformation","","3 Days","Classroom","High","2026-02-11","TBH","No","","Yes","","","","","https://eep.iimb.ac.in/view-all-programs/","v3"
"IIM Bangalore","Mindfulness for Effective Leadership (Batch-2)","","3 Days","Classroom","High","2026-02-11","TBH","No","","Yes","","","","","https://eep.iimb.ac.in/view-all-programs/","v3"
"IIM Bangalore","Machine Learning with Business Applications","","5 Days","Classroom","High","2026-02-16","TBH","No","","Yes","","","","","https://eep.iimb.ac.in/view-all-programs/","v3"
"IIM Bangalore","Accelerating Your Leadership Journey-Leader As a Coach","","4 Days","Classroom","High","2026-02-16","TBH","No","","Yes","","","","","https://eep.iimb.ac.in/view-all-programs/","v3"
"IIM Bangalore","Strategic Management of Innovation (Batch-2)","","3 Days","Classroom","High","2026-02-16","TBH","No","","Yes","","","","","https://eep.iimb.ac.in/view-all-programs/","v3"
"IIM Bangalore","Digital and Social Media Marketing Strategy: Driving Business Growth (Batch-2)","","3 Days","Classroom","High","2026-03-02","TBH","No","","Yes","","","","","https://eep.iimb.ac.in/view-all-programs/","v3"
"IIM Bangalore","Technology Leadership and Future of Work: Thriving Amidst Technological Change","","3 Days","Classroom","High","2026-03-05","TBH","No","","Yes","","","","","https://eep.iimb.ac.in/view-all-programs/","v3"
"IIM Bangalore","Post Merger Integration for M&A Success","","3 Days","Classroom","High","2026-03-12","TBH","No","","Yes","","","","","https://eep.iimb.ac.in/view-all-programs/","v3"
"IIM Bangalore","Tanmatra – Women in Leadership – Batch 9","Rs. 5,25,000","5 Months","Classroom","High","2025-06-16","2025-11-22","Yes","3","Yes","No","Women Senior Leaders","No","15+ Years","https://eep.iimb.ac.in/course/tanmatra-women-in-leadership/?utm_campaign=L25014&utm_content=Tanmatra","v3"
"IIM Bangalore","Executive General Management Programme (Batch 74)","Rs.7,50,000","10 Months","Classroom","High","2025-06-19","2026-04-25","Yes","4","Yes","No","Mid-Career","No","5+ Years","https://eep.iimb.ac.in/course/executive-general-management-programme-egmp-q1/?utm_campaign=L25017&utm_content=EGMP","v3"
"IIM Bangalore","Business Analytics & Artificial Intelligence (BAAI) – Batch 16","Rs.8,65,000","10 Months","Hybrid","High","2025-07-16","2026-03-14","Yes","12","Yes","No","Senior Leaders","No","","https://eep.iimb.ac.in/course/business-analytics-intelligence-bai/?utm_campaign=L25015&utm_content=BAI","v3"
"IIM Bangalore","Leadership Development Programme To Build Resilient GCCs","Rs. 4,55,000 + GST","4 Months","Classrom","High","2025-07-24","2025-10-11","No","3","Yes","No","Senior Leaders","No","15+ Years of Experience in GCCs","https://eep.iimb.ac.in/course/leadership-development-program-to-build-resilient-gccs/?utm_campaign=L25013&utm_content=GCC-26-1","v3"
"IIM Bangalore","Global Executive Master of Business Administration – Aerospace Management (GEMBA Batch 7)","Rs. 15,00,000","10 Months","Classroom","High","2025-08-22","2026-07-31","Yes","","Yes","No","Mid-Senior","No","","https://eep.iimb.ac.in/course/global-executive-master-of-business-administration-aerospace-management-gemba-batch-6/","v3"
"IIM Bangalore","Programme on Capital Markets and Risk Management (CMRM Batch 2)","Rs.4,90,000","7 Months","Hybrid","High","2025-08-22","2026-03-21","Yes","5","Yes","No","Mid-Senior/Career","No","2+ Years","https://eep.iimb.ac.in/course/programme-on-capital-markets-and-risk-management/?utm_campaign=L25012&utm_content=CMRM","v3"
"IIM Bangalore","Management Programme for Entrepreneurs & Family Businesses – Batch 16","Rs. 9,03,500 + GST","6 Months","Classroom","High","2025-09-08","2026-03-11","Yes","6","Yes","No","CXOs/Senior Leaders","No","","https://eep.iimb.ac.in/course/mpefb/?utm_campaign=L25016&utm_content=MPEFB","v3"
"IIM Bangalore","General Management Programme for Aerospace and Aviation Executives (Batch 11)","Rs. 8,60,000","10 Months","Hybrid","High","2025-09-22","2026-06-19","Yes","","Yes","No","Mid-Senior","No","","https://eep.iimb.ac.in/course/general-management-programme-for-aerospace-and-aviation-executives-gmae/?utm_campaign=L25008&utm_content=GMAE","v3"
"IIM Bangalore","Independent Directors Certificate Programme (Batch 6)","Rs. 4,50,000","5 Months","Hybrid","High","2025-08-30","2025-01-31","Yes","11","Yes","No","Senior Leaders","No","","https://eep.iimb.ac.in/course/independent-directors-certificate-programme-idcp/?utm_campaign=L25020&utm_content=IDCP","v3"
"IIM Bangalore","Leading Digital Transformation (Batch 7)","","5 Months","","","2025-12-01","2026-01-31","Yes","","","","","","","Leading Digital Transformation (LDT Batch 7) - Executive Education IIM Bangalore","v3"
"IIM Bangalore","Advanced Management Programme – Batch 20","","10 Months","","","2026-01-01","TBH","","","","","","","","https://eep.iimb.ac.in/view-all-programs/","v3"
"IIM Bangalore","Certificate Programme in Digital Operations & Supply Chain Management – Batch 4","Rs. 4,40,000","10 Months","Hybrid","High","2025-11-29","2026-09-19","Yes","5","Yes","No","Mid-Senior","No","3+ Years of Experience","https://eep.iimb.ac.in/course/certificate-programme-in-digital-operations-and-supply-chain-management/?utm_campaign=L25018&utm_content=CPDOSCM","v3"
"IIM Bangalore","Programme on Data Science & AI – Batch 4","","10 Months","","","2026-02-01","TBH","","","","","","","","https://eep.iimb.ac.in/view-all-programs/","v3"
"IIM Bangalore","General Management Programme for IT Executives – Batch 20","","10 Months","","","2026-02-01","TBH","","","","","","","","https://eep.iimb.ac.in/view-all-programs/","v3"
"IIM Indore","Persuasion and Negotiation","Rs. 57,000","3 Days","Classroom","High","2025-06-18","2025-06-20","","","Yes","No","CXOs/Senior Manager","No","","https://iimidr.ac.in/mdp-calendar/persuasion-and-negotiation-2/","v3"
"IIM Indore","Managerial Excellence","Rs. 54,000","3 Days","Classroom","High","2025-07-10","2025-07-12","","","Yes","No","Mid-Senior Managers","No","","https://iimidr.ac.in/mdp-calendar/managerial-excellence-4/","v3"
"IIM Indore","New Age Leadership","Rs. 54,000","3 Days","Classroom","High","2025-07-10","2025-07-12","","","Yes","No","Managers","No","","New Age Leadership – IIM Indore","v3"
"IIM Indore","Managing and Leading Teams","Rs. 57,000","3 Days","Classroom","High","2025-07-21","2025-07-23","","","Yes","No","Mid-Senior Managers","No","20 + Years","https://iimidr.ac.in/mdp-calendar/managing-and-leading-teams-4/","v3"
"IIM Indore","HR Skills for Line Managers","Rs. 54,000","3 Days","Classroom","High","2025-08-04","2025-08-06","","","Yes","No","Mid-Senior Managers","No","","https://iimidr.ac.in/mdp-calendar/hr-skills-for-line-managers-2/","v3"
"IIM Indore","Advanced Management Programme","Rs. 1,26,000","7 Days","Classroom","High","2025-08-05","2025-08-11","","","Yes","No","","No","","https://iimidr.ac.in/mdp-calendar/advanced-management-programme-4/","v3"
"IIM Indore","Knowing the Financial Numbers","Rs. 54,000","3 Days","Classroom","High","2025-08-08","2025-08-10","","","Yes","No","Senior Managers","No","","https://iimidr.ac.in/mdp-calendar/knowing-the-financial-numbers-2/","v3"
"IIM Indore","Competitive Strategy for Leading Change","Rs. 54,000","3 Days","Classroom","High","2025-08-15","2025-08-17","","","Yes","No","CXOs/Senior Manager","No","","https://iimidr.ac.in/mdp-calendar/competitive-strategy-for-leading-change/","v3"
"IIM Indore","Strategic Pricing","Rs. 54,000","3 Days","Classroom","High","2025-08-18","2025-08-20","","","Yes","No","Mid-Senior Managers","No","","https://iimidr.ac.in/mdp-calendar/strategic-pricing-2/","v3"
"IIM Indore","Winning the Game through Strategic Marketing","Rs. 72,000","3 Days","Classroom","High","2025-08-25","2025-08-28","","","Yes","No","Mid-Senior Managers","No","","https://iimidr.ac.in/mdp-calendar/winning-the-game-through-strategic-marketing-2/","v3"
"IIM Indore","Sports Management","Rs. 54,000","3 Days","Classroom","High","2025-09-01","2025-09-03","","","Yes","No","Professionals From Sports","No","","https://iimidr.ac.in/mdp-calendar/sports-management-2/","v3"
"IIM Indore","Leadership Development Program for First Time Managers","Rs. 54,000","3 Days","Classroom","High","2025-09-09","2025-09-11","","","Yes","No","Managers & Executives of Business","No","","https://iimidr.ac.in/mdp-calendar/leadership-development-program-for-first-time-managers-5/","v3"
"IIM Indore","Finance for Non-Finance Executives","Rs. 72,000","4 Days","Classroom","High","2025-09-09","2025-09-12","","","Yes","No","Mid-Level Executives","No","","https://iimidr.ac.in/mdp-calendar/finance-for-non-finance-executives-6/","v3"
"IIM Indore","Future-ready Chief Finance Officer Program","Rs. 72,000","3 Days","Classroom","High","2025-09-09","2025-09-12","","","Yes","No","","No","","https://iimidr.ac.in/mdp-calendar/future-ready-chief-finance-officer-program-3/","v3"
"IIM Indore","Train the Trainer","Rs. 54,000","3 Days","Classroom","High","2025-09-22","2025-09-24","","","Yes","No","Working Professionals","No","","https://iimidr.ac.in/mdp-calendar/train-the-trainer-2/","v3"
"IIM Indore","Strategic Thinking","Rs. 54,000","3 Days","Classroom","High","2025-10-14","2025-10-16","","","Yes","No","Mid-Level Managers","No","","Strategic Thinking – IIM Indore","v3"
"IIM Indore","Communication, Presentation on Report Writing skills","Rs. 54,000","3 Days","Classroom","High","2025-10-06","2025-10-08","","","Yes","No","Mid-Senior Leaders","No","","Communication, Presentation on Report Writing skills – IIM Indore","v3"
"IIM Indore","High Impact Leadership","Rs. 54,000","3 Days","Classroom","High","2025-10-08","2025-10-10","","","Yes","No","Executives","No","","High Impact Leadership – IIM Indore","v3"
"IIM Indore","Diversity and Inclusion in Organisations","Rs. 54,000","3 Days","Classroom","High","2025-10-29","2025-10-31","","","Yes","No","Mid-Senior Management","No","","https://iimidr.ac.in/mdp-calendar/diversity-and-inclusion-in-organisations-2/","v3"
"IIM Indore","Integrated Leadership and Team Management","Rs. 54,000","3 Days","Classroom","High","2025-11-03","2025-11-05","","","Yes","No","","No","","https://iimidr.ac.in/mdp-calendar/integrated-leadership-and-team-management/","v3"
"IIM Indore","Himalayan Explorations Decisions and Leadership","Rs. 90,000","5 Days","Classroom","High","2025-11-03","2025-11-07","","","Yes","No","","No","","https://iimidr.ac.in/mdp-calendar/himalayan-explorations-decisions-and-leadership-7/","v3"
"IIM Indore","Strategic Leaders Program: Creating and Capturing value in a Dynamic Environment","Rs. 54,000","3 Days","Classroom","High","2025-11-10","2025-11-12","","","Yes","No","Senior Executives","No","","https://iimidr.ac.in/mdp-calendar/strategic-leaders-program-creating-and-capturing-value-in-a-dynamic-environment-4/","v3"
"IIM Indore","Cybersecurity: A Critical Agenda for Boards and Management Teams","Rs. 54,000","3 Days","Classroom","High","2025-11-10","2025-11-12","","","Yes","No","CXOs/Senior Manager","No","","https://iimidr.ac.in/mdp-calendar/cybersecurity-a-critical-agenda-for-boards-and-management-teams/","v3"
"IIM Indore","Excellence in Operations Management","Rs. 90,000","5 Days","Classroom","High","2025-11-10","2025-11-14","","","Yes","No","Manufacturing & Service Managers","No","","https://iimidr.ac.in/mdp-calendar/excellence-in-operations-management-2/","v3"
"IIM Indore","Leadership Development Program for Women Managers","Rs. 54,000","3 Days","Classroom","High","2025-11-11","2025-11-13","","","Yes","No","Women Executives","No","","https://iimidr.ac.in/mdp-calendar/leadership-development-program-for-women-managers-3/","v3"
"IIM Indore","Communication Skills for Managerial Success","Rs. 54,000","3 Days","Classroom","High","2025-11-13","2025-11-15","","","Yes","No","Mid-Level Managers","No","","https://iimidr.ac.in/mdp-calendar/communication-skills-for-managerial-success-2/","v3"
"IIM Indore","Leadership Development Program for First Time Managers","Rs. 54,000","3 Days","Classroom","High","2025-11-18","2025-11-20","","","Yes","No","Managers& Executives of Business Organization","No","","https://iimidr.ac.in/mdp-calendar/leadership-development-program-for-first-time-managers-4/","v3"
"IIM Indore","Leadership and Mindfulness","Rs. 1,26,000","7 Days","Classroom","High","2025-11-24","2025-11-30","","","Yes","No","","No","","https://iimidr.ac.in/mdp-calendar/leadership-and-mindfulness/","v3"
"IIM Indore","Public Policy and Administration: Design and Implementation for Public Value Creation","Rs. 54,000","3 Days","Classroom","High","2025-11-26","2025-11-28","","","Yes","No","Policy Influencers","No","","https://iimidr.ac.in/mdp-calendar/public-policy-and-administration-design-and-implementation-for-public/","v3"
"IIM Indore","Mindfulness Based Leadership Programme","Rs. 54,000","3 Days","Classroom","High","2025-11-26","2025-11-28","","","Yes","No","Mid-Senior Leaders","No","","https://iimidr.ac.in/mdp-calendar/mindfulness-based-leadership-programme-4/","v3"
"IIM Indore","Digital Supply Chain Management","Rs. 72,000","4 Days","Classroom","High","2025-12-01","2025-12-04","","","Yes","No","Executives","No","","https://iimidr.ac.in/mdp-calendar/digital-supply-chain-management-3/","v3"
"IIM Indore","Leading for Excellence at Work","Rs. 54,000","3 Days","Classroom","High","2025-12-03","2025-12-05","","","Yes","No","Mid-Senior Leaders","No","","https://iimidr.ac.in/mdp-calendar/leading-for-excellence-at-work-5/","v3"
"IIM Indore","Excellence in Project Management","Rs. 1,26,000","5 Days","Classroom","High","2025-12-08","2025-12-12","","","Yes","No","Project Managers","No","","https://iimidr.ac.in/mdp-calendar/excellence-in-project-management/","v3"
"IIM Indore","Lean Six Sigma for Business Excellence","Rs. 90,000","5 Days","Classroom","High","2025-12-08","2025-12-12","","","Yes","No","","No","","https://iimidr.ac.in/mdp-calendar/lean-six-sigma-for-business-excellence/","v3"
"IIM Indore","Leadership Competencies in Complex Organization","Rs. 54,000","3 Days","Classroom","High","2025-12-09","2025-12-11","","","Yes","No","","No","","Leadership Competencies in Complex Organization – IIM Indore","v3"
"IIM Indore","Embracing AI in your Organisation: Challenges and Roadmap","Rs. 54,000","3 Days","Classroom","High","2025-12-15","2025-12-17","","","Yes","No","Mid-Level Managers","No","","Embracing AI in Your Organisation: Challenges and Roadmap – IIM Indore","v3"
"IIM Indore","Excellence in Supply Chain Management","Rs. 90,000","5 Days","Classroom","High","2026-01-05","2026-01-09","","","Yes","No","","No","","Excellence in Supply Chain Management – IIM Indore","v3"
"IIM Indore","Leadership Development Program for Women Managers","Rs. 54,000","3 Days","Classroom","High","2026-01-06","2026-01-08","","","Yes","No","","No","","Leadership Development Program for Women Managers – IIM Indore","v3"
"IIM Indore","Geo-Political Wicked Problems and Design Thinking Strategies","Rs. 54,000","3 Days","Classroom","High","2026-01-16","2026-01-18","","","Yes","No","Exective & Decision Maker","No","","https://iimidr.ac.in/mdp-calendar/geo-political-wicked-problems-and-design-thinking-strategies/","v3"
"IIM Indore","Motivation, Team Building and Leadership","Rs. 54,000","3 Days","Classroom","High","2026-01-19","2026-01-21","","","Yes","No","","No","","https://iimidr.ac.in/mdp-calendar/motivation-team-building-and-leadership-2/","v3"
"IIM Indore","Leader as a Communicator","Rs. 54,000","3 Days","Classroom","High","2026-01-19","2026-01-21","","","Yes","No","Mid-Level Mangers","No","","https://iimidr.ac.in/mdp-calendar/leader-as-a-communicator/","v3"
"IIM Indore","AI meets HRM","Rs. 54,000","3 Days","Classroom","High","2026-01-19","2026-01-21","","","Yes","No","Entrepreneurs & Business Managers","No","","https://iimidr.ac.in/mdp-calendar/ai-meets-hrm-2/","v3"
"IIM Indore","Building and Leading Teams","Rs. 54,000","3 Days","Classroom","High","2026-01-21","2026-01-23","","","Yes","No","Mid-Senior Managers","No","","https://iimidr.ac.in/mdp-calendar/building-and-leading-teams-2/","v3"
"IIM Indore","Organizational Ethics & Values","Rs. 54,000","4 Days","Classroom","High","2026-02-02","2026-02-05","","","Yes","No","Mid-Senior Managers","No","","https://iimidr.ac.in/mdp-calendar/organizational-ethics-values-3/","v3"
"IIM Indore","Leadership Development Program for First Time Managers","Rs. 54,000","3 Days","Classroom","High","2026-02-03","2026-02-05","","","Yes","No","Managers & Executives of Business","No","","https://iimidr.ac.in/mdp-calendar/leadership-development-program-for-first-time-managers-3/","v3"
"IIM Indore","Strategic Leaders Program: Creating and Capturing value in a dynamic environment","Rs. 54,000","3 Days","Classroom","High","2026-02-04","2026-02-06","","","Yes","No","","No","","https://iimidr.ac.in/mdp-calendar/strategic-leaders-program-creating-and-capturing-value-in-a-dynamic-environment-3/","v3"
"IIM Indore","Strategic Reward Management","Rs. 54,000","3 Days","Classroom","High","2026-02-10","2026-02-12","","","Yes","No","","No","","https://iimidr.ac.in/mdp-calendar/strategic-reward-management-2/","v3"
"IIM Indore","Business Models for Managers","Rs. 54,000","3 Days","Classroom","High","2026-02-17","2026-02-19","","","Yes","No","","No","","https://iimidr.ac.in/mdp-calendar/business-models-for-managers/","v3"
"IIM Indore","Workshop on Power BI & Tableau","Rs. 54,000","3 Days","Classroom","High","2025-12-10","2025-12-12","","","Yes","No","","No","","Workshop on Power BI & Tableau – IIM Indore","v3"
"IIM Indore","Learning to Read Behavioural Evidence - HR Analystics for Organisational Excellence","Rs. 54,000","3 Days","Classroom","High","2026-03-09","2026-03-11","","","Yes","No","Mid-Senior Managers","No","","Learning To Read Behavioural Evidence-Hr Analytics For Organizational Excellence – IIM Indore","v3"
"IIM Indore","Statistics for Business Executives","Rs. 54,000","3 Days","Classroom","High","2026-03-17","2026-03-19","","2","Yes","No","Executives","No","","Statistics for Business Executives – IIM Indore","v3"
"IIM Indore","Public Value Creation through Smart Technologies & Strategies: From Digital Transformation to Artificial Intelligence","Rs. 54,000","3 Days","Classroom","High","2026-01-07","2026-01-09","","","","","","","","Public Value Creation through Smart Technologies & Strategies: From Digital Transformation to Artificial Intelligence – IIM Indore","v3"
"IIM Indore","Advanced Certificate Programme in Business and Data Analytics (Batch - 02)","Rs. 2,06,000","3 Months","Hybrid","High","2025-05-01","2024-07-25","","","No","Yes","","No","2+ Years","Advanced Certificate Programme In Business and Data Analytics (Batch 02) – IIM Indore","v3"
"IIM Indore","Integrated Programme in Business Analytics (IPBA - 18)","Rs. 3,20,000","10 Months","Hybrid","High","2025-01-11","","Yes","14","Yes","No","","No","2+ Years","Integrated Programme in Business Analytics (IPBA-18) – IIM Indore","v3"
"IIM Indore","Chief Executive Officers Programme","Rs. 4,71,000","11 Months","Hybrid","High","","","Yes","","Yes","No","","No","8+ Years","Chief Executive Officers Programme – IIM Indore","v3"
"IIM Indore","Executive Post Graduate Certificate Programme in Management (EPGCPM) Batch 04","Rs. 4,03,000","12 Months","Hybrid","High","","","Yes","15","Yes","No","","No","5+ Years","Executive Post Graduate Certificate Programme in Management (EPGCPM) Batch 04 – IIM Indore","v3"
"IIM Indore","Senior Management Programme (SMP) Batch 05","Rs. 4,50,000","12 Months","Hybrid","High","","","Yes","22","Yes","Yes","","No","10+ Years","Senior Management Programme (SMP) Batch 05 – IIM Indore","v3"
"IIM Indore","Executive Programme in Healthcare Management (EPHM) Batch 04","Rs. 3,51,000","12 Months","Hybrid","High","","","Yes","","Yes","No","Medical Professionals and Administrators","No","3+ Years","Executive Programme in Healthcare Management (EPHM) Batch 04 – IIM Indore","v3"
"IIM Indore","Executive Programme in Business Management Batch 02","Rs. 2,35,000","10 Months","Hybrid","High","2025-07-12","","Yes","7","Yes","Yes","","No","2+ Years","Executive Programme in Business Management Batch 2 – IIM Indore","v3"
"IIM Indore","Accelerate General Management Programme for Aspiring Leaders (Batch 01)","Rs. 2,98,000","6 Months","Hybrid","High","2025-06-07","","Yes","10","Yes","No","","No","1+ Years","Accelerated General Management Programme for Aspiring Leaders (Batch-01) – IIM Indore","v3"
"IIM Indore","Young Leadership Programme Batch 01","Rs. 2,50,000","8 Months","Hybrid","High","2025-06-14","","Yes","7","Yes","No","","No","3+ Years","Young Leadership Programme (Batch-01) – IIM Indore","v3"
"IIM Indore","Advanced Human Resource Management Programme for HR Leaders Batch 05","Rs. 2,77,500","12 Months","Hybrid","High","","","Yes","17","Yes","No","","No","8+ Years","Advanced Human Resource Management Programme for HR Leaders (Batch 05) – IIM Indore","v3"
"IIM Indore","Certificate Programme in Leadership and Change Management (CPLCM 08)","Rs. 1,98,000","8 Months","Hybrid","High","","","Yes","24","Yes","No","","No","3+ Years","Certificate Programme in Leadership and Change Management (CPLCM 08) – IIM Indore","v3"
"IIM Indore","Post Graduate Certificate Programme for Emerging Chief Human Resource Officers (CHROs, Batch 01)","Rs. 3,85,000","12 Months","Hybrid","High","2025-09-29","","Yes","12","Yes","Yes","","No","5+ Years","Post Graduate Certificate Programme for Emerging Chief Human Resource Officers (CHROs, Batch 01) – IIM Indore","v3"
"IIM Indore","Post Graduate Certificate Programme for Emerging CFOs Batch 05","Rs. 4,30,000","12 Months","Hybrid","High","2025-10-04","","Yes","9","Yes","No","","No","","Post Graduate Certificate Programme for Emerging CFOs (Batch-05) – IIM Indore","v3"
"IIM Indore","Post Graduate Certificate Programme in Investment Banking (PGCPIB) Batch 07","Rs. 2,40,000","12 Months","Hybrid","High","","","Yes","12","Yes","Yes","Early to Mid-Stage Finance Professionals","No","2+ Years","Post Graduate Certificate Programme in Investment Banking (PGCPIB), Batch-07 – IIM Indore","v3"
"IIM Indore","Certificate Programme in Applied Financial Risk Management (CPAFRM Batch 03)","Rs. 2,40,000","11 Months","Hybrid","High","","","Yes","11","Yes","No","","No","2+ Years","Certificate Programme in Applied Financial Risk Management (CPAFRM Batch 03) – IIM Indore","v3"
"IIM Indore","Chief Digital Transformation Officer Programme (Batch 02)","Rs. 3,27,500","12 Months","Hybrid","High","2025-05-11","","Yes","10","Yes","No","","No","8+ Years","Chief Digital Transformation Officer Programme (Batch 02) – IIM Indore","v3"
"IIM Indore","Executive Programme in Artificial Intelligence and Cyber Security for Organizations (EPAI&CSO)","Rs. 2,00,000","10 Months","Hybrid","High","2025-07-19","","Yes","2","Yes","No","Early stage IT Professionals","No","2+ Years","Executive Programme in Artificial Intelligence and Cyber Security for Organizations [EPAI&CSO] – IIM Indore","v3"
"IIM Indore","Executive Programme in Digital Transformation (EPDT) Batch 07","Rs. 2,50,000","12 Months","Hybrid","High","","","Yes","9","Yes","No","","No","3+ Years","Executive Programme in Digital Transformation (EPDT) Batch 07 – IIM Indore","v3"
"IIM Indore","Chief Product Officer Programme (CPOP)","Rs. 4,50,000","8 Months","Hybrid","High","","","Yes","9","Yes","No","Mid-Senior Product Leaders","No","8+ Years","Chief Product Officer Programme (CPOP) – IIM Indore","v3"
"IIM Indore","Post Graduate Certificate Programme in Branding & Advertising (PGCPBA)","Rs. 2,40,000","12 Months","Hybrid","High","2025-02-14","","Yes","15","Yes","Yes","","No","2+ Years","Post Graduate Certificate Programme in Branding & Advertising (PGCPBA) – IIM Indore","v3"
"IIM Indore","Executive Programme in Marktech and AI Driven Marketing","Rs. 3,30,500","12 Months","Hybrid","High","","","Yes","9","Yes","No","Mid-Senior Level Managers","No","5+ Years","Executive Programme in Marktech and AI Driven Marketing – IIM Indore","v3"
"IIM Indore","Certificate Programme in Digital Marketing and Strategy (CPDMS) Batch 07","Rs. 1,70,000","12 Months","Hybrid","High","","","Yes","13","Yes","Yes","","No","2+ Years","Certificate Programme in Digital Marketing and Strategy (CPDMS) Batch 07 – IIM Indore","v3"
"IIM Indore","Executive Programme in Sales & Marketing (Batch 05)","Rs. 2,00,000","12 Months","Hybrid","High","","","Yes","17","Yes","No","","No","2+ Years","Executive Programme in Sales & Marketing (Batch 05) – IIM Indore","v3"
"IIM Indore","Post Graduate Certificate Programme for Emerging CBO","Rs. 3,85,000","12 Months","Hybrid","High","","","Yes","11","Yes","No","","No","5+ Years","Post Graduate Certificate Programme for Emerging CBO – IIM Indore","v3"
"IIM Indore","Post Graduate Certificate Programme for Emerging CMOs (Batch 02)","Rs. 3,73,000","12 Months","Hybrid","High","2025-08-02","","Yes","5","Yes","No","","No","5+ Years","Post Graduate Certificate Programme for Emerging CMOs (Batch 02) – IIM Indore","v3"
"IIM Indore","Postgraduate Certificate Programme in Product Management (Batch-12)","Rs. 3,50,000","6 Months","Hybrid","High","2024-10-13","","Yes","9","Yes","No","","No","2+ Years","Postgraduate Certificate Programme in Product Management (Batch-12) – IIM Indore","v3"
"IIM Indore","Chief Operating Officer Programme, Batch 02 (COO-02)","Rs. 4,50,000","11 Months","Hybrid","High","","","Yes","6","Yes","Yes","","No","","Chief Operating Officer Programme, Batch 02 (COO-02) – IIM Indore","v3"
"IIM Indore","Certificate Programme in Project Management (CPPM) (Batch 15)","Rs. 1,68,000","6 Months","Hybrid","High","","","Yes","17","Yes","No","","No","2+ Years","Certificate Programme in Project Management (CPPM) (Batch 15) – IIM Indore","v3"
"IIM Indore","Executive Programme in Operations and Supply Chain Management (EPO&SCM) Batch 07","Rs. 3,00,000","12 Months","Hybrid","High","","","Yes","14","Yes","No","","No","2+ Years","Executive Programme in Operations and Supply Chain Management (EPO&SCM) Batch 07 – IIM Indore","v3"
"IIM Indore","Certificate Programme in Design Thinking & Innovation for Business Excellence","Rs. 2,00,000","10 Months","Hybrid","High","","","Yes","11","Yes","No","","No","5+ Years","Certificate Programme in Design Thinking & Innovation for Business Excellence – IIM Indore","v3"
"IIM Indore","Post Graduate Certificate Programme in Family Business Management & Entrepreneurship (PGCP -FBM&E) Batch 03","Rs. 4,50,000","12 Months","Hybrid","High","","","Yes","3","Yes","Yes","","No","2+ Years","Post Graduate Certificate Programme in Family Business Management & Entrepreneurship (PGCP -FBM&E) Batch 03 – IIM Indore","v3"
"IIM Indore","Advanced Management Programme for Corporate Leaders (Batch 05)","Rs. 3,27,500","12 Months","Hybrid","High","2024-05-26","","Yes","3","Yes","No","","No","8+ Years","Advanced Management Programme for Corporate Leaders (Batch 05) – IIM Indore","v3"
"IIM Indore","Advanced Programme in Corporate Stategy & Business Leadership (Batch 03)","Rs. 1,88,000","8 Months","Hybrid","High","2025-06-01","","Yes","7","Yes","Yes","","No","5+ Years","Advance Programme in Corporate Strategy & Business Leadership (Batch 03) – IIM Indore","v3"
"IIM Indore","Executive Certificate Programme in Strategy and Leadership for Senior Professionals (Batch 09)","Rs. 3,15,000","12 Months","Hybrid","High","","","Yes","","Yes","No","Senior Professionals","No","10+ Years","Executive Certificate Programme in Strategy & Leadership for Senior Professionals (Batch 09) – IIM Indore","v3"
"IIM Indore","Corporate and Public Leadership in a VUCA World (Batch 02)","Rs. 1,42,500","8 Months","Hybrid","High","2025-03-10","","Yes","6","Yes","No","","No","3+ Years","Corporate and Public Leadership in a VUCA World (Batch 02) – IIM Indore","v3"
"IIM Indore","Advanced Programme in CSR and Sustainable Strategic Leadership (Batch 01)","Rs. 1,86,500","6 Months","Hybrid","High","","","Yes","9","Yes","Yes","","No","5+ Years","Advanced Programme in CSR and Sustainable Strategic Leadership (Batch 01) – IIM Indore","v3"
"IIM Indore","Executive Programme in Digital Marketing (Asynchronous) (Batch 15)","Rs. 1,05,000","18 Weeks","Online","Low","2025-09-25","","Yes","14","No","No","","No","Graduate or Diploma Holder","Executive Programme in Digital Marketing (Asynchronous) (Batch 15) – IIM Indore","v3"
"IIM Indore","Certificate Programme in Digital Transformation and AI for Leaders (Batch 08)","Rs. 1,25,000","22 Weeks","Blended","Moderate","2025-09-25","","Yes","17","No","Yes","","No","Graduate or Diploma Holder","Certificate Programme in Digital Transformation and AI for Leaders – Batch 8 – IIM Indore","v3"
"IIM Indore","Executive Programme in Business Strategy (EPBS) (Asynchronous) (Batch 01)","Rs. 1,00,000","20 Weeks","Online","Low","2023-03-29","","Yes","10","No","No","","No","Graduate or Diploma Holder","Executive Programme in Business Strategy (EPBS) (Batch 01) (Asynchronous) – IIM Indore","v3"
"IIM Indore","Executive Certificate Programme in General Management (Asynchronous) (Batch 07)","Rs. 2,22,500","6 Months","Hybrid","High","2025-11-15","2026-06-13","Yes","22","Yes","Yes","","No","2+ Years","Executive Certificate Programme in General Management (Asynchronous) (Batch-7) – IIM Indore","v3"
"IIM Indore","General Management Programme for Executives","Rs. 5,90,000","12 Months","Classroom","High","","","Yes","11","Yes","Yes","","No","2+ Years","General Management Programme for Executives (GMPE) – IIM Indore","v3"
"IIM Indore","Accelerated Leadership Programme","Rs. 3,25,000","8 Months","Blended","Moderate","","","Yes","9","No","No","","No","","Accelerated Leadership Programme – IIM Indore","v3"
"IIM Indore","Certificate Course in Business Management for Defence Officers","","24 Weeks","Classroom","High","","","Yes","","Yes","No","Armed Forces","No","Captains to Brigadiers","Certificate Course in Business Management for Defence Officers – IIM Indore","v3"
"IIM Indore","MSME Strategic Business Growth Accelerator Programme","Rs. 85,000","6 Weeks","Hybrid","High","2024-10-19","","Yes","","Yes","No","Enterprise Owners","No","Enterprise Owners/Founders/Managing Directors","MSME Strategic Business Growth Accelerator Programme – IIM Indore","v3"
"IIM Indore","MSME Digitalisation Accelerator Programme","Rs. 85,000","5 Weeks","Hybrid","High","2025-02-15","","Yes","","Yes","No","Enterprise Owners","No","Enterprises with turnover of 5+ Cr/Enterprise owners and founders","MSME Digitalization Accelerator Programme – IIM Indore","v3"
"IIM Indore","Public Health Policy and Administration in Government Healthcare Initiatives","Rs. 2,50,000","","Hybrid","High","","","Yes","8","Yes","No","Heathcare Professionals","No","","Public Health Policy and Administration in Government Healthcare initiatives – IIM Indore","v3"
"IIM Indore","Strategic Leadership in Public Sector Governance","Rs. 2,50,000","","Hybrid","High","","","Yes","14","Yes","No","Senior Professionals","No","","Strategic Leadership in Public Sector Governance – IIM Indore","v3"
"IIM Indore","Young Leaders Certificate Programme in Business Excellence","Rs. 90,000","2 Weeks","Classroom","High","2022-05-30","","","7","Yes","No","Undergraduate Students","No","","Young Leaders Certificate Programme in Business Excellence – IIM Indore","v3"
"IIM Indore","Certificate Programme in International Business Management (CPIBM) for Defence Officers","Rs. 2,50,002","24 Weeks","Classroom","High","2025-08-25","2026-02-06","Yes","","Yes","No","Armed Forces","No","Captains to Brigadiers","CPIBM-05-Brochure.pdf","v3"
"IIM Indore","Executive Certificate Programme in Strategy and Leadership for Senior Professionals (Batch 02)","Rs. 2,60,500","12 Months","Hybrid","High","","","Yes","6","Yes","No","","No","10+ Years","Executive Certificate Programme in Strategy & Leadership for Senior Professionals (Batch 2) – IIM Indore","v3"
"IIM Indore","Global Healthcare Professional Programme (GHPP) (In collaboration with the Arizona State University)","Rs. 6,00,000","9 Months","Hybrid","High","","","Yes","17","Yes","Yes","Healthcare professionals and executives","No","Graduate or Diploma Holder","Global Healthcare Professional Programme (GHPP) (In collaboration with Arizona State University, USA) – IIM Indore","v3"
"IIM Indore","Global Leadership Development Programme for Entrepreneurs (In collaboration with the University of Glasgow, Scotland)","Rs. 6,00,000","","","","","","Yes","","","No","","No","2+ Years","Global Leadership Development Programme For Entrepreneurs (In collaboration with University of Glasgow, Scotland, UK) – IIM Indore","v3"
"IIM Indore","Global Leadership Experience Programme (In collaboration with University of Denver, USA)","Rs. 6,00,000","","Hybrid","High","","","Yes","","Yes","Yes","Senior Executives","No","7+ Years","Global Leadership Experience Programme (In collaboration with University of Denver, Colorado, USA) – IIM Indore","v3"
"IIM Indore","Global Sports Business Management Programme (In collaboration with the University of Liverpool)","Rs. 6,00,000","9 Months","","","","","Yes","","Yes","Yes","Executives in the Sports Industry","No","2+ Years","Global Sports Business Management Programme (In collaboration with University of Liverpool, UK) – IIM Indore","v3"
"IIM Indore","Advanced Management Programme for Senior Leaders","Rs. 6,68,000","6 Months","Hybrid","High","","","Yes","9","Yes","No","Senior Management Professionals","No","15+ Years (5+ years as senior executive)","AMPe2-sep24-feb35-1.pdf","v3"
"IIM Indore","General Management Programme for Executives in Dubai","Rs. 8,59,000","9 Months","Hybrid","High","","","Yes","13","Yes","Yes","Mid-Senior Executives","No","","GMPe26-Brochure.pdf","v3"
"IIM Indore","General Management Programme for Executives in Other Middle East Countries","Rs. 7,28,000","10 Months","Hybrid","High","","","Yes","13","Yes","Yes","","No","","GMPe25-Brochure.pdf","v3"
"IIM Indore","Strategic Financial Management Programme for Executives","Rs. 2,86,000","6 Months","Hybrid","High","","","Yes","6","Yes","No","Mid-Senior Executives","No","","SFMe4-Sep24-to-Feb25.pdf","v3"
"IIM Indore","Strategic Marketing Management Programme for Executives in the Digital World","Rs. 8,80,000","5 Months","Online","Low","","","Yes","11","No","No","Executives and Senior Professionals","No","","FDDW 29Sept","v3"
"IIM Indore","Executive Management Programme (EMP) (Batch 02)","Rs. 14,00,000","2 Years","Hybrid","High","","","Yes","32","Yes","Yes","","No","2+ Years","Executive Management Programme (EMP)– Batch 02 – IIM Indore","v3"
"IIM Indore","Masters of Science in Data Management","","2 Years","Hybrid","High","2025-08-12","","","31","Yes","No","","No","60% in Undergrad + Test Scores","Master of Science in Data Science and Management – IIM Indore","v3"
"IIM Indore","Executive Management Programme - Government, Public Administration and Defence","Rs. 8,00,000","2 Years","Hybrid","High","2025-10-21","","","21","Yes","No","Group A Officers","No","10+ Years + Bachelors + Test Scores","Executive Management Programme – Government, Public Administration and Defence [EMP – (G&D)] – IIM Indore","v3"
"IIM Indore","Executive Post Graduate Diploma in Artificial Intelligence (04)","Rs. 7,60,000","15 Months","Hybrid","High","2025-11-23","","Yes","32","Yes","No","","No","3+ Years","Executive Post Graduate Diploma Programme in Management & Artificial Intelligence (EPGDPM&AI) (Batch 04) – IIM Indore","v3"
"IIM Indore","Certificate Programme in Digital Marketing & Strategy - Batch 07","₹ 1,70,000","12 Months","Hybrid","High","2025-08-17","2026-08-01","Yes","13","Yes","Yes","Senior Executives","No","2 Years","https://timespro.com/executive-education/iim-indore-certificate-programme-in-digital-marketing-and-strategy","v3"
"IIM Indore","Executive Programme In Operations & Supply Chain Management - Batch 07","₹ 3,00,000","12 Months","Hybrid","High","2025-10-12","2026-10-01","Yes","15","Yes","No","Mid-Senior Career","No","2 Years","https://timespro.com/executive-education/iim-indore-executive-programme-in-operations-and-supply-chain-management","v3"
"IIM Indore","Master Of Management Studies - Batch 02","₹ 14,00,000","2 Years","Hybrid","High","2025-03-23","","Yes","6","Yes","Yes","Mid-Senior Managers","No","2 Years","https://timespro.com/executive-education/iim-indore-master-of-management-studies","v3"
"IIM Lucknow","Marketing Reimagined with AI (Artificial Intelligence)","₹66500","3 Days","Classroom","High","2025-12-06","2025-06-14","","","","","","","","https://www.iiml.ac.in/admission/mdp/mdpCalendar","v3"
"IIM Lucknow","DEI by Design","₹77000","3 Days","Classroom","High","2025-06-20","2025-06-22","","","","","","","","https://www.iiml.ac.in/admission/mdp/mdpCalendar","v3"
"IIM Lucknow","Creativity for Organizational Problem Solving and Decision Making","₹96500","5 Days","Classroom","High","2025-06-23","2025-06-27","","","","","","","","https://www.iiml.ac.in/admission/mdp/mdpCalendar","v3"
"IIM Lucknow","Data-driven Leadership Marketing analytics for Seniors","₹66500","3 Days","Classroom","High","2025-06-26","2025-06-28","","","","","","","","https://www.iiml.ac.in/admission/mdp/mdpCalendar","v3"
"IIM Lucknow","Leadership Development","₹66500","3 Days","Classroom","High","2025-06-30","2025-07-02","","","","","","","","https://www.iiml.ac.in/admission/mdp/mdpCalendar","v3"
"IIM Lucknow","Service Operational Excellence in the Analytics Era","₹96500","5 Days","Classroom","High","2025-06-30","2025-07-04","","","","","","","","https://www.iiml.ac.in/admission/mdp/mdpCalendar","v3"
"IIM Lucknow","Leading Strategy for Managing Digital Disruption and Sustainability","₹66500","3 Days","Classroom","High","2025-07-07","2025-07-09","","","","","","","","https://www.iiml.ac.in/admission/mdp/mdpCalendar","v3"
"IIM Lucknow","Sales & Distribution Management Excellence in Indian Markets","₹96500","5 Days","Classroom","High","2025-07-07","2025-07-11","","","","","","","","https://www.iiml.ac.in/admission/mdp/mdpCalendar","v3"
"IIM Lucknow","Cybersecurity and Risk Management for Leaders","₹96500","5 Days","Classroom","High","2025-07-07","2025-07-11","","","","","","","","https://www.iiml.ac.in/admission/mdp/mdpCalendar","v3"
"IIM Lucknow","Digital Marketing: Strategy and Application (Online Mode)","₹84000","30 Hours","Blended ( Async+ Live Sync or Classroom Sync)","Moderate","2025-07-14","2025-07-18","","","","","","","","https://www.iiml.ac.in/admission/mdp/mdpCalendar","v3"
"IIM Lucknow","Warehousing and Logistics: Data-Driven Decision Making","₹66500","3 Days","Classroom","High","2025-07-21","2025-07-23","","","","","","","","https://www.iiml.ac.in/admission/mdp/mdpCalendar","v3"
"IIM Lucknow","AI for Managers","₹96500","5 Days","Classroom","High","2025-07-28","2025-08-01","","","","","","","","https://www.iiml.ac.in/admission/mdp/mdpCalendar","v3"
"IIM Lucknow","High Impact Leadership","₹66500","3 Days","Classroom","High","2025-08-04","2025-08-06","","","","","","","","https://www.iiml.ac.in/admission/mdp/mdpCalendar","v3"
"IIM Lucknow","Digital Transformation & Supply Chain Analytics","₹77000","3 Days","Classroom","High","2025-08-04","2025-08-06","","","","","","","","https://www.iiml.ac.in/admission/mdp/mdpCalendar","v3"
"IIM Lucknow","Game Theory for Strategic Thinking","₹66500","3 Days","Classroom","High","2025-08-08","2025-08-10","","","","","","","","https://www.iiml.ac.in/admission/mdp/mdpCalendar","v3"
"IIM Lucknow","Navigating Governance Challenges for Delivering Public Goods","₹66500","3 Days","Classroom","High","2025-08-11","2025-08-13","","","","","","","","https://www.iiml.ac.in/admission/mdp/mdpCalendar","v3"
"IIM Lucknow","B2B Marketing Bootcamp: From Basics to Brilliance","₹66500","3 Days","Classroom","High","2025-08-21","2025-08-23","","","","","","","","https://www.iiml.ac.in/admission/mdp/mdpCalendar","v3"
"IIM Lucknow","Understanding Self for Leadership Excellence","₹66500","3 Days","Classroom","High","2025-08-21","2025-08-23","","","","","","","","https://www.iiml.ac.in/admission/mdp/mdpCalendar","v3"
"IIM Lucknow","Digital Marketing: Strategy and Application","₹96500","5 Days","Classroom","High","2025-08-25","2025-08-29","","","","","","","","https://www.iiml.ac.in/admission/mdp/mdpCalendar","v3"
"IIM Lucknow","Customer Relationship Management - Emerging Concepts, Strategies, and Tools","₹77000","3 Days","Classroom","High","2025-08-28","2025-08-30","","","","","","","","https://www.iiml.ac.in/admission/mdp/mdpCalendar","v3"
"IIM Lucknow","Managing Digital Transformation: Thriving in the Artificial Intelligence era","₹96500","5 Days","Classroom","High","2025-09-03","2025-09-07","","","","","","","","https://www.iiml.ac.in/admission/mdp/mdpCalendar","v3"
"IIM Lucknow","Essential Labor Laws for Businesses MSMEs and Start Ups","₹66500","3 Days","Classroom","High","2025-09-08","2025-09-10","","","","","","","","https://www.iiml.ac.in/admission/mdp/mdpCalendar","v3"
"IIM Lucknow","Negotiation & Persuasion","₹66500","3 Days","Classroom","High","2025-09-08","2025-09-10","","","","","","","","https://www.iiml.ac.in/admission/mdp/mdpCalendar","v3"
"IIM Lucknow","Digital Transformation in Healthcare","₹77000","3 Days","Classroom","High","2025-09-08","2025-09-10","","","","","","","","https://www.iiml.ac.in/admission/mdp/mdpCalendar","v3"
"IIM Lucknow","Managing Channels of Distribution in India: Urban, Rural & Online","₹96500","5 Days","Classroom","High","2025-09-08","2025-09-12","","","","","","","","https://www.iiml.ac.in/admission/mdp/mdpCalendar","v3"
"IIM Lucknow","Change Leadership","₹66500","3 Days","Classroom","High","2025-09-11","2025-09-13","","","","","","","","https://www.iiml.ac.in/admission/mdp/mdpCalendar","v3"
"IIM Lucknow","Leading Family Enterprises: Managing Growth and Transformation","₹96500","5 Days","Classroom","High","2025-09-15","2025-09-19","","","","","","","","https://www.iiml.ac.in/admission/mdp/mdpCalendar","v3"
"IIM Lucknow","Agriculture Risk Management: Products, Mechanics, and Applications","₹66500","3 Days","Classroom","High","2025-09-22","2025-09-24","","","","","","","","https://www.iiml.ac.in/admission/mdp/mdpCalendar","v3"
"IIM Lucknow","Marketing Reimagined with AI (Artificial Intelligence)","₹59000","18 Hours","Blended ( Async+ Live Sync or Classroom Sync)","Moderate","2025-10-02","2025-10-04","","","","","","","","https://www.iiml.ac.in/admission/mdp/mdpCalendar","v3"
"IIM Lucknow","Agri-input Marketing","₹96500","5 Days","Classroom","High","2025-10-06","2025-10-10","","","","","","","","https://www.iiml.ac.in/admission/mdp/mdpCalendar","v3"
"IIM Lucknow","Data-driven Leadership Marketing analytics for Seniors","₹59000","18 Hours","Blended ( Async+ Live Sync or Classroom Sync)","Moderate","2025-10-16","2025-10-18","","","","","","","","https://www.iiml.ac.in/admission/mdp/mdpCalendar","v3"
"IIM Lucknow","Project Management","₹96500","5 Days","Classroom","High","2025-10-27","2025-10-31","","","","","","","","https://www.iiml.ac.in/admission/mdp/mdpCalendar","v3"
"IIM Lucknow","Analytics for Managers: Data Driven Decision Making","₹77000","3 Days","Classroom","High","2025-10-30","2025-11-01","","","","","","","","https://www.iiml.ac.in/admission/mdp/mdpCalendar","v3"
"IIM Lucknow","Crafting and Delivering Impactful Public Policies","₹66500","3 Days","Classroom","High","2025-11-05","2025-11-07","","","","","","","","https://www.iiml.ac.in/admission/mdp/mdpCalendar","v3"
"IIM Lucknow","Leadership Development","₹66500","3 Days","Classroom","High","2025-11-10","2025-11-12","","","","","","","","https://www.iiml.ac.in/admission/mdp/mdpCalendar","v3"
"IIM Lucknow","Strategic Human Resource Management","₹66500","3 Days","Classroom","High","2025-11-10","2025-11-12","","","","","","","","https://www.iiml.ac.in/admission/mdp/mdpCalendar","v3"
"IIM Lucknow","Analytics for Leadership","₹66500","3 Days","Classroom","High","2025-11-10","2025-11-12","","","","","","","","https://www.iiml.ac.in/admission/mdp/mdpCalendar","v3"
"IIM Lucknow","Marketing Mavericks: Redefining B2B Success","₹66500","3 Days","Classroom","High","2025-11-17","2025-11-19","","","","","","","","https://www.iiml.ac.in/admission/mdp/mdpCalendar","v3"
"IIM Lucknow","Strategic Leadership in Uncertain Environments","₹96500","5 Days","Classroom","High","2025-11-17","2025-11-21","","","","","","","","https://www.iiml.ac.in/admission/mdp/mdpCalendar","v3"
"IIM Lucknow","Finance for Non Finance Executives","₹96500","5 Days","Classroom","High","2025-11-17","2025-11-21","","","","","","","","https://www.iiml.ac.in/admission/mdp/mdpCalendar","v3"
"IIM Lucknow","Content Marketing","₹66500","3 Days","Classroom","High","2025-11-20","2025-11-22","","","","","","","","https://www.iiml.ac.in/admission/mdp/mdpCalendar","v3"
"IIM Lucknow","Strategic Thinking and Leadership","₹84000","4 Days","Classroom","High","2025-12-01","2025-12-04","","","","","","","","https://www.iiml.ac.in/admission/mdp/mdpCalendar","v3"
"IIM Lucknow","Managing Digital Transformation: Thriving in the Artificial Intelligence Era","₹96500","5 Days","Classroom","High","2025-12-03","2025-12-07","","","","","","","","https://www.iiml.ac.in/admission/mdp/mdpCalendar","v3"
"IIM Lucknow","Understanding Self for Leadership Excellence","₹66500","3 Days","Classroom","High","2025-12-04","2025-12-06","","","","","","","","https://www.iiml.ac.in/admission/mdp/mdpCalendar","v3"
"IIM Lucknow","Essential Labor Laws for Businesses","₹66500","3 Days","Classroom","High","2025-12-15","2025-12-17","","","","","","","","https://www.iiml.ac.in/admission/mdp/mdpCalendar","v3"
"IIM Lucknow","Marketing for Professional Service Firms","₹66500","3 Days","Classroom","High","2025-12-18","2025-12-20","","","","","","","","https://www.iiml.ac.in/admission/mdp/mdpCalendar","v3"
"IIM Lucknow","Design Thinking for Strategy and Innovation","₹84000","4 Days","Classroom","High","2026-01-19","2026-01-22","","","","","","","","https://www.iiml.ac.in/admission/mdp/mdpCalendar","v3"
"IIM Lucknow","Digital Marketing: Strategy and Application (Online Mode)","₹84000","30 Hours","Blended ( Async+ Live Sync or Classroom Sync)","Moderate","2026-01-27","2026-01-31","","","","","","","","https://www.iiml.ac.in/admission/mdp/mdpCalendar","v3"
"IIM Lucknow","HRM Strategies for the New Era","₹77000","3 Days","Classroom","High","2026-02-05","2026-02-07","","","","","","","","https://www.iiml.ac.in/admission/mdp/mdpCalendar","v3"
"IIM Lucknow","Content Marketing (Online)","₹59000","18 Hours","Blended ( Async+ Live Sync or Classroom Sync)","Moderate","2026-02-05","2026-02-07","","","","","","","","https://www.iiml.ac.in/admission/mdp/mdpCalendar","v3"
"IIM Lucknow","Change Leadership","₹66500","3 Days","Classroom","High","2026-02-12","2026-02-14","","","","","","","","https://www.iiml.ac.in/admission/mdp/mdpCalendar","v3"
"IIM Lucknow","Platform Business: Managing New Business Ventures","₹77000","3 Days","Classroom","High","2026-02-12","2026-02-14","","","","","","","","https://www.iiml.ac.in/admission/mdp/mdpCalendar","v3"
"IIM Lucknow","Coaching and Mentoring for Effective Leadership","₹66500","3 Days","Classroom","High","2026-02-12","2026-02-14","","","","","","","","https://www.iiml.ac.in/admission/mdp/mdpCalendar","v3"
"IIM Lucknow","Marketing for Professional Service Firms (Online)","₹59000","18 Hours","Blended ( Async+ Live Sync or Classroom Sync)","Moderate","2026-02-12","2026-02-14","","","","","","","","https://www.iiml.ac.in/admission/mdp/mdpCalendar","v3"
"IIM Lucknow","Enhancing Creativity and Problem Solving","₹96500","5 Days","Classroom","High","2026-02-16","2026-02-20","","","","","","","","https://www.iiml.ac.in/admission/mdp/mdpCalendar","v3"
"IIM Lucknow","Corporate Communication and Image Buliding","₹60000","3 Days","Classroom","High","2023-03-06","2023-07-05","","","","","","","","https://www.iiml.ac.in/admission/mdp/mdpCalendar","v3"
"IIM Lucknow","Marketing and Distribution Excellence for Public Sector","₹60000","3 Days","Classroom","High","2023-07-03","2023-07-05","","","","","","","","https://www.iiml.ac.in/admission/mdp/mdpCalendar","v3"
"IIM Lucknow","Strategic Management for Leadership Excellence","₹85000","5 Days","Classroom","High","2023-07-10","2023-07-14","","","","","","","","https://www.iiml.ac.in/admission/mdp/mdpCalendar","v3"
"IIM Lucknow","Leadership through Literature","₹85000","5 Days","Classroom","High","2023-08-07","2023-08-11","","","","","","","","https://www.iiml.ac.in/admission/mdp/mdpCalendar","v3"
"IIM Lucknow","Effective Risk Modelling","₹60000","3 Days","Classroom","High","2023-09-21","2023-09-23","","","","","","","","https://www.iiml.ac.in/admission/mdp/mdpCalendar","v3"
"IIM Lucknow","Digital Transformation in Healthcare","₹60000","3 Days","Classroom","High","2023-09-25","2023-09-27","","","","","","","","https://www.iiml.ac.in/admission/mdp/mdpCalendar","v3"
"IIM Lucknow","Corporate Governance and Board Effectiveness","₹60000","3 Days","Classroom","High","2023-11-06","2023-11-08","","","","","","","","https://www.iiml.ac.in/admission/mdp/mdpCalendar","v3"
"IIM Lucknow","Marketing and Sales Analytics","₹60000","3 Days","Classroom","High","2024-02-02","2024-02-04","","","","","","","","https://www.iiml.ac.in/admission/mdp/mdpCalendar","v3"
"IIM Lucknow","Understanding Startup Fundraising Valuation and Term Sheets","₹60000","3 Days","Classroom","High","2024-02-12","2024-02-14","","","","","","","","https://www.iiml.ac.in/admission/mdp/mdpCalendar","v3"
"IIM Lucknow","IIM Lucknow Chief Financial Officer Programme - Batch 08","₹4,37,500","10 Months","Hybrid","High","2025-11-09","","Yes","13","Yes","Yes","CXOs & Senior Leaders","No","10 + Years of Work Experience","https://timespro.com/executive-education/iim-lucknow-chief-financial-officer-programme","v3"
"IIM Lucknow","IIM Lucknow Chief Strategy Officer Programme -Batch-10","₹3,98,000","10 Months","Hybrid","High","2025-11-08","","Yes","3","Yes","Yes","CXOs & Senior Leaders","No","10 + Years of Work Experience","https://timespro.com/executive-education/iim-lucknow-chief-strategy-officer-programme","v3"
"IIM Lucknow","Senior Leadership Programme Batch 9","₹5,50,000","10 Months","Hybrid","High","2025-09-30","","Yes","7","Yes","Yes","CXOs & Senior Leaders","No","10 + Years of Work Experience","https://iiml.emeritus.org/iiml-senior-leadership-programme/index.php?utm_source=iiml&utm_campaign=school_website&utm_medium=website","v3"
"IIM Lucknow","IIM Lucknow Chief Operations Officer Programme","₹5,70,500","11 Months","Hybrid","High","","","Yes","9","Yes","Yes","CXOs & Senior Leaders","No","10 + Years of Work Experience","https://iimlucknow.emeritus.org/iiml-chief-operating-officer-programme?utm_source=iiml&utm_campaign=school_website&utm_medium=website","v3"
"IIM Lucknow","Chief Human Resources Officer Batch-3","₹4,52,000","9 Months","Hybrid","High","","","Yes","8","Yes","Yes","CXOs & Senior Leaders","No","10 + Years of Work Experience","https://iiml.emeritus.org/iiml-chief-human-resources-officer-programme?utm_source=iiml&utm_campaign=school_website&utm_medium=website","v3"
"IIM Lucknow","Global Senior Leadership Programme Batch-03","₹6,25,000","11 Months","Hybrid","High","2025-05-03","","Yes","16","Yes","Yes","CXOs & Senior Leaders","No","10 + Years of Work Experience","https://imarticus.org/global-senior-leadership-programme-iim-lucknow/","v3"
"IIM Lucknow","IIM Lucknow Chief Executive Programme Batch-03","₹6,00,000","10 Months","Hybrid","High","","","Yes","4","Yes","Yes","CXOs & Senior Leaders","No","10 + Years of Work Experience","https://iimlucknow.emeritus.org/iiml-chief-executive-officer-programme?utm_source=iiml&utm_campaign=school_website&utm_medium=website","v3"
"IIM Lucknow","IIM Lucknow Chief Technology Officer","₹5,10,000","10 Months","Hybrid","High","","","Yes","5","Yes","Yes","CXOs & Senior Leaders","No","10 + Years of Work Experience","https://iimlucknow.emeritus.org/iiml-chief-technology-officer-programme?utm_source=iiml&utm_campaign=school_website&utm_medium=website","v3"
"IIM Lucknow","Executive Programme in Artificial Intelligence for Business Batch","₹3,18,300","9 Months","Hybrid","High","2025-12-06","","Yes","9","Yes","Yes","Business Professionals","No","2 + Yers of Work Experience","https://imarticus.org/executive-programme-in-ai-for-business-iim-lucknow/","v3"
"IIM Lucknow","Advanced Certification Programme in Design Thinking and Innovation Management for Leaders","₹2,00,000","6 Months","","","","","","","","","","","","https://www.iiml.ac.in/executive-education","v3"
"IIM Lucknow","Executive Programme in Strategic Management - Batch -06","₹1,56,000","7 Months","Hybrid","High","","","No","7","Yes","Yes","Mid-Level & Senior Professionals","No","5 + Years of Work Experience","https://iimlucknow.emeritus.org/iiml-executive-programme-in-strategic-management?utm_source=iiml&utm_campaign=school_website&utm_medium=website","v3"
"IIM Lucknow","Advanced Program in Strategic Management for Business Excellence Batch-05","₹3,12,000","9 Months","","","","","","","","","","","","https://www.iiml.ac.in/executive-education","v3"
"IIM Lucknow","Executive Programme in strategic Operations Management & Supply Chain Analytics - Batch-07","₹2,50,000","10 Months","Hybrid","High","2025-09-30","","Yes","9","Yes","Yes","Early- Mid Professionals","No","","https://iimlucknow.emeritus.org/iiml-executive-programme-in-strategic-operations-management-supply-chain-analytics?utm_source=iiml&utm_campaign=school_website&utm_medium=website","v3"
"IIM Lucknow","Executive Programme in Project Management -Batch-06","₹2,15,000","9 Months","Hybrid","High","2025-01-18","","Yes","9","Yes","Yes","Mid-Career Professionals","No","3-25 + Years of Work Experience","https://iimlucknow.emeritus.org/iiml-executive-programme-in-project-management?utm_source=iiml&utm_campaign=school_website&utm_medium=website","v3"
"IIM Lucknow","Executive Programme in Supply Chain Management during Uncertain Times Batch-04","₹2,18,000","9 Months","","","","","","","","","","","","https://www.iiml.ac.in/executive-education","v3"
"IIM Lucknow","Executive Management Programme in Sales & Marketing Leadership - Batch-10","₹3,43,500","11 Months","Hybrid","High","2025-12-06","","Yes","7","Yes","No","Emerging Leaders","No","5 + Years of Work Experience","https://imarticus.org/executive-program-in-sales-and-marketing-leadership-iim-lucknow/","v3"
"IIM Lucknow","Executive Programme in Sales and Marketing Batch-05","₹3,00,000","10 Months","Hybrid","High","2024-12-14","","Yes","6","Yes","Yes","Mid-Senior Professionals","No","2 + Years of Work Experience","https://talentsprint.com/course/sales-and-marketing-iim-lucknow?utm_source=partner_referral&utm_medium=website_banner&utm_campaign=iiml-epsm-partner_referral-awareness-partner_website_visitors&utm_content=iiml-epsm-partner_referral-website_banner","v3"
"IIM Lucknow","Executive Programme in Data Driven Product Management -Batch-11","₹2,10,000","8 Months","Hybrid","High","2024-10-20","","Yes","9","Yes","Yes","Product Professionals","No","1 + Years of Work Experience","https://iiml.emeritus.org/iiml-executive-programme-in-data-driven-product-management/index.php","v3"
"IIM Lucknow","Advanced Programme for Senior Marketing Professionals Batch-2","₹2,59,000","11 Months","Hybrid","High","2024-06-09","","Yes","12","Yes","No","Mid-Senior Level Executives","No","3+ Years of Work Experience","https://timespro.com/executive-education/iim-lucknow-advanced-programme-for-senior-marketing-professionals?action=apply_now&programNo=P-00543","v3"
"IIM Lucknow","IIM Lucknow Executive Programme in Healthcare Management - Batch-03","₹3,19,000","11 Months","Hybrid","High","","","Yes","5","Yes","Yes","Healthcare Professionals","No","5 + Years of Work Experience","https://iiml.emeritus.org/iiml-executive-programme-in-healthcare-management/index.php?utm_source=iiml&utm_campaign=school_website&utm_medium=website","v3"
"IIM Lucknow","Senior Management Programme Batch-01","₹5,48,000","11 Months","Hybrid","High","2024-07-27","","Yes","12","Yes","No","Senior Leaders","No","5 + Years of Work Experience","https://imarticus.org/senior-management-programme-by-iim-lucknow/","v3"
"IIM Lucknow","Executive Programme in Business Management","₹2,99,500","8 Months","Blended ( Async+ Live Sync or Classroom Sync)","Moderate","2024-07-28","","Yes","9","Yes","Yes","Mid -Senior Management","No","8 + Years of Work Experience","https://verandahighered.com/executive-programme-in-business-management-iim-lucknow-lp?utm_source=IIML_web&utm_medium=website&utm_campaign=IIML-BM-012","v3"
"IIM Lucknow","Executive General Management Programme Batch-2","₹4,50,000","11 Months","Hybrid","High","","","Yes","6","Yes","No","Mid Level Managers","No","2 + Years of Work Experience","https://iiml.talentsprint.com/general-management-program/main.html?utm_source=partner_referral&utm_medium=website_banner&utm_campaign=iiml-egmp-partner_referral-awareness-partner_website_visitors&utm_content=iiml-egmp-partner_referral-website_banner","v3"
"IIM Lucknow","Advanced Program in Leadership in the Digital Era Batch -04","₹3,23,500","10 Months","Hybrid","High","2024-07-07","","No","3","Yes","No","CXO & Senior Leaders","NO","8 + Years of Work Experience","https://iimlucknow.verandahighered.com/advanced-leadership-program","v3"
"IIM Lucknow","Executive Programme in FinTech,Banking & Applied Risk Management Batch-11","₹2,50,000","10 Months","Hybrid","High","2025-09-30","","Yes","7","Yes","Yes","Mid-Senior Level Managers","No","1+ Years of Work Experience","https://iimlucknow.emeritus.org/iiml-executive-programme-in-fintech-banking-applied-risk-management?utm_source=xlri&utm_campaign=school_website&utm_medium=website","v3"
"IIM Lucknow","Executive Programme in Corporate and Investment Banking Batch-01","₹3,25,000","11 Months","Hybrid","High","","","Yes","12","Yes","Yes","Finanace Professionals","No","","https://imarticus.org/executive-programme-in-corporate-and-investment-banking-iim-lucknow/","v3"
"IIM Lucknow","Executive Program in Strategic Finance for CFO and FP&A Leaders -Batch-7","₹2,79,000","9 Months","","","","","","","","","","","","","v3"
"IIM Lucknow","Advanced Management Programme in Financial Services & Capital Markets Batch-6","₹2,98,000","11 Months","Hybrid","High","","","Yes","9","Yes","Yes","Finanace Professionals","No","","https://imarticus.org/financial-services-capital-markets-management-program-iim-lucknow/","v3"
"IIM Lucknow","Executive Programme in Applied Finance","₹2,98,000","11 Months","Hybrid","High","2025-07-26","","Yes","10","Yes","No","Finanace Professionals","No","2+ Years of Work Experience","https://imarticus.org/executive-programme-in-applied-finance-iim-lucknow/","v3"
"IIM Lucknow","Advanced Programme in Human Resources Management -Batch-11","₹2,40,000","11 Months","Hybrid","High","","","Yes","8","Yes","Yes","Mid-Senior Professionals","No","","https://iiml.emeritus.org/iiml-advanced-programme-in-human-resource-management/index.php?utm_source=iiml&utm_campaign=school_website&utm_medium=website","v3"
"IIM Lucknow","Executive Programme in Data Science and AI for Managers - Batch-9","₹2,45,000","9 Months","Hybrid","High","","","Yes","3","Yes","No","Mid-Senior Professionals","No","5- 20 Years of work Experience","https://iimlucknow.emeritus.org/iiml-executive-programme-in-data-science?utm_source=iiml&utm_campaign=school_website&utm_medium=website","v3"
"IIM Lucknow","Executive Programme in HR Analytics","₹ 1,72,000","6 Months","Hybrid","High","","","No","21","Yes","No","HR Professionals","No","","https://vcnow.in/IIML-hr-analytics-program-online/","v3"
"IIM Lucknow","Executive Management Programme People Leadership & Strategic HR Management Batch-03","₹298000","11 Months","Hybrid","High","","","Yes","9","Yes","No","Mid-Senior HR Professionals","No","","https://imarticus.org/people-leadership-and-strategic-hr-management-program-iim-lucknow/","v3"
"IIM Lucknow","Nurturing Future Leadership Program : Malaviya Mission Teacher Training Programme -Batch -7","Free","","","","2025-07-28","2025-08-01","No","5","Yes","No","Faculty","No","","https://www.iiml.ac.in/sites/default/files/2025-06/NFLP%20Batch%207%20July%2028%20-%20August%2001,%202025_compressed.pdf","v3"
"IIM Lucknow","Advanced Program for Public Human Resource Management","₹3,75,000","11 Months","Hybrid","High","2025-09-07","","Yes","8","Yes","No","","No","7+ Years of work Experience","https://iiml.ac.in/sites/default/files/2025-05/APPHRM%20Group%20A%20GoI%20September%207,%202025.pdf","v3"
"IIM Lucknow","Senior Leadership Programme for Group ""A"" Gol Officers","₹4,80,000","11 Months","Hybrid","High","2025-11-09","","Yes","7","Yes","No","CXOs & Senior Leaders","No","10 + Years of work Experience","https://iiml.ac.in/sites/default/files/2025-05/SLP%20For%20Group%20A%20GOI%20Final%20Brochure.pdf","v3"
"IIM Lucknow","IIML -Wiley Executive Programme on Business and Data Analytics","","","","","","","","","","","","","","Long Duration Blended Programs | Official Website of Indian Institute of Management,Lucknow","v3"
"IIM Lucknow","GMP for Defence Officers (DGMP)","","","","","","","","","","","","","","Long Duration Blended Programs | Official Website of Indian Institute of Management,Lucknow","v3"
"IIM Lucknow","Advanced Programme in Human Resource Management (APHRM)","","","","","","","","","","","","","","Long Duration Blended Programs | Official Website of Indian Institute of Management,Lucknow","v3"
"IIM Lucknow","Executive General Management Programme (EGMP)","","","","","","","","","","","","","","Long Duration Blended Programs | Official Website of Indian Institute of Management,Lucknow","v3"
"IIM Lucknow","Executive Programme in Data Science (EPDS)","","","","","","","","","","","","","","Long Duration Blended Programs | Official Website of Indian Institute of Management,Lucknow","v3"
"IIM Lucknow","Executive Management Programme in Sales and Marketing (EMPSM)","","","","","","","","","","","","","","Long Duration Blended Programs | Official Website of Indian Institute of Management,Lucknow","v3"
"IIM Lucknow","Executive Program in Business Management (EPBM)","","","","","","","","","","","","","","Long Duration Blended Programs | Official Website of Indian Institute of Management,Lucknow","v3"
"IIM Lucknow","Advanced Program in Integrated Marketing Strategy (APIMS)","","","","","","","","","","","","","","Long Duration Blended Programs | Official Website of Indian Institute of Management,Lucknow","v3"
"IIM Lucknow","Advanced Program in Leadership for Business Excellence (APLBE)","","","","","","","","","","","","","","Long Duration Blended Programs | Official Website of Indian Institute of Management,Lucknow","v3"
"IIM Lucknow","Executive Program in Marketing Analytics (EPMA)","","","","","","","","","","","","","","Long Duration Blended Programs | Official Website of Indian Institute of Management,Lucknow","v3"
"IIM Lucknow","Chief Technology Officer Programme","₹5,10,000","10 Months","HYbrid","High","","","Yes","5","Yes","Yes","CXOs/Senior Leaders","No","10","https://iimlucknow.emeritus.org/iiml-chief-technology-officer-programme?src_trk=em680a3aebd165d2.30287792886357090&utm_campaign=organic&utm_medium=EmWebsite&utm_source=google&_gl=1*82aflt*_gcl_au*MTA2NjM2MDUyNy4xNzQ1NTA3MDc5*_ga*NjQ2NjMxNzg4LjE3NDU1MDExMzM.*_ga_Q6TD6R55VD*czE3NTA2MTg2MjQkbzI5JGcwJHQxNzUwNjE4NzgwJGo2MCRsMCRoMTkyMzg5NzMxOA..","v3"
"IIM Lucknow","Chief Executive Officer programme","₹6,00,000","10 Months","HYbrid","High","","","Yes","4","Yes","Yes","CXOs/Senior Leaders","No","10","https://iimlucknow.emeritus.org/iiml-chief-executive-officer-programme?src_trk=em680a3aebd165d2.30287792886357090&utm_campaign=organic&utm_medium=EmWebsite&utm_source=google&_gl=1*8qkb17*_gcl_au*MTA2NjM2MDUyNy4xNzQ1NTA3MDc5*_ga*NjQ2NjMxNzg4LjE3NDU1MDExMzM.*_ga_Q6TD6R55VD*czE3NTA2MTg2MjQkbzI5JGcxJHQxNzUwNjE4OTk3JGo2MCRsMCRoMTkyMzg5NzMxOA..","v3"
"IIM Lucknow","Chief Human Resources Officer Programme","₹4,52,000","9 Months","Hybrid","High","2025-03-29","","Yes","9","Yes","Yes","CXOs/Senior Leaders","No","","https://iimlucknow.emeritus.org/iiml-chief-human-resources-officer-programme?src_trk=em680a3aebd165d2.302877921704543147&utm_campaign=organic&utm_medium=EmWebsite&utm_source=google&_gl=1*1vkq2t2*_gcl_au*MTA2NjM2MDUyNy4xNzQ1NTA3MDc5*_ga*NjQ2NjMxNzg4LjE3NDU1MDExMzM.*_ga_Q6TD6R55VD*czE3NTA2MTg2MjQkbzI5JGcxJHQxNzUwNjE5MDg5JGo1NSRsMCRoNjg1NjQ3NjQ2","v3"
"IIM Lucknow","Chief Operating Officer Programme","₹5,70,500","11 Months","Hybrid","High","2025-03-29","","Yes","9","Yes","Yes","CXOs/Senior Leaders","No","10 Years of Work Experience","https://iimlucknow.emeritus.org/iiml-chief-operating-officer-programme?src_trk=em680a3aebd165d2.302877921704543147&utm_campaign=organic&utm_medium=EmWebsite&utm_source=google&_gl=1*xcysrw*_gcl_au*MTA2NjM2MDUyNy4xNzQ1NTA3MDc5*_ga*NjQ2NjMxNzg4LjE3NDU1MDExMzM.*_ga_Q6TD6R55VD*czE3NTA2MTg2MjQkbzI5JGcxJHQxNzUwNjE5NDQ2JGo2MCRsMCRoNjg1NjQ3NjQ2","v3"
"IIM Lucknow","Global Executive Immersion: Silicon Valley","","6 Days","Hybrid","High","2025-10-12","45948","No","0","Yes","No","CXOs/Senior Leaders","No","","https://online.emeritus.org/global-executive-ai-immersion?src_trk=em680a3aebd165d2.302877921704543147&utm_campaign=organic&utm_medium=EmWebsite&utm_source=google&_gl=1*juyogx*_gcl_au*MTA2NjM2MDUyNy4xNzQ1NTA3MDc5*_ga*NjQ2NjMxNzg4LjE3NDU1MDExMzM.*_ga_Q6TD6R55VD*czE3NTA2MTg2MjQkbzI5JGcxJHQxNzUwNjIwNDk1JGo2MCRsMCRoNjg1NjQ3NjQ2","v3"
"IIM Lucknow","Digital Transformation and AI for Business Leaders","₹3,84,000","11 Months","Hybrid","HIgh","","","No","10","yes","Yes","CXOs/Senior Leaders","No","8","https://iimlucknow.emeritus.org/iiml-digital-transformation-and-ai-for-business-leaders?src_trk=em680a3aebd165d2.302877921704543147&utm_campaign=organic&utm_medium=EmWebsite&utm_source=google&_gl=1*eb6kr4*_gcl_au*MTA2NjM2MDUyNy4xNzQ1NTA3MDc5*_ga*NjQ2NjMxNzg4LjE3NDU1MDExMzM.*_ga_Q6TD6R55VD*czE3NTA2MTg2MjQkbzI5JGcxJHQxNzUwNjIwNzM2JGo2MCRsMCRoNjg1NjQ3NjQ2","v3"
"IIM Lucknow","Executive Programme in FinTech, Banking & Applied Risk Management","₹2,50,000","10 Months","Hybrid","High","2025-09-30","","No","7","Yes","Yes","Mid - Senior Leaders","No","1 Years of Work Experience","https://iimlucknow.emeritus.org/iiml-executive-programme-in-fintech-banking-applied-risk-management?src_trk=em680a3aebd165d2.302877921704543147&utm_campaign=organic&utm_medium=EmWebsite&utm_source=google&_gl=1*3xio1i*_gcl_au*MTA2NjM2MDUyNy4xNzQ1NTA3MDc5*_ga*NjQ2NjMxNzg4LjE3NDU1MDExMzM.*_ga_Q6TD6R55VD*czE3NTA2MTg2MjQkbzI5JGcxJHQxNzUwNjIwODk4JGo2MCRsMCRoNjg1NjQ3NjQ2","v3"
"IIM Kozhikode","Cyber Security","₹ 60000","3 Days","Classroom","High","2025-06-18","2025-06-20","No","3","Yes","No","Business Managers","No","No","https://iimk.ac.in/uploads/courseDetails/1800970161_2025-04-29_10-07-51.pdf","v3"
"IIM Kozhikode","Creative Thinking, Problem Solving & Decision Making","₹ 60000","3 Days","Classroom","High","2025-06-18","2025-06-20","No","","Yes","No","Mid-Senior Managers","No","No","https://iimk.ac.in/uploads/courseDetails/1767890213_2025-05-14_11-29-18.pdf","v3"
"IIM Kozhikode","Mastering Behaviour - Managing Self (Basic Lab)","₹ 60000","3 Days","Classroom","High","2025-06-23","2025-06-25","No","","Yes","No","Junior - Mid level Managers","No","6 + Years","https://iimk.ac.in/uploads/courseDetails/1706679768_2025-05-14_11-30-07.pdf","v3"
"IIM Kozhikode","Public Procurement","₹ 80000","4 Days","Classroom","High","2025-06-25","2025-06-28","No","5","Yes","No","Mid-Senior Managers","No","No","https://iimk.ac.in/uploads/courseDetails/575678343_2025-04-29_10-07-32.pdf","v3"
"IIM Kozhikode","Good Governance & Big Data","₹ 90000","5 Days","Classroom","High","2025-07-01","2025-07-05","No","20","Yes","No","Indian Administrative Service Officers/Data Scientists","No","No","1483494875_2025-05-24_05-56-22.pdf","v3"
"IIM Kozhikode","Managing Self & Others for High Performance","₹ 60000","3 Days","Classroom","High","2025-07-03","2025-07-05","No","","Yes","No","Working Professionals in public & Private Sectors","No","3+ Years","https://iimk.ac.in/uploads/courseDetails/327853604_2025-05-24_05-57-24.pdf","v3"
"IIM Kozhikode","Simulate to Strategize: Accelerate your Leadership Journey","₹ 90000","5 Days","Classroom","High","2025-07-07","2025-07-11","No","","Yes","No","Mid-Senior Executives","No","2+ Years","https://iimk.ac.in/uploads/courseDetails/649091992_2025-04-26_10-39-06.pdf","v3"
"IIM Kozhikode","Emotional Intelligence: Harnessing your Emotional Energy for Superior Performance","₹ 60000","3 Days","Classroom","High","2025-07-07","2025-07-09","No","12","Yes","No","Mid-Senior Leaders","No","No","https://iimk.ac.in/uploads/courseDetails/1190067966_2025-05-24_05-58-05.pdf","v3"
"IIM Kozhikode","Data Driven Decision Making using Data Analytics","₹ 90000","5 Days","Classroom","High","2025-07-14","2025-07-18","No","9","Yes","No","Mid-Senior Managers","No","No","1279448860_2025-06-26_10-24-53.pdf","v3"
"IIM Kozhikode","Infrastructure Finance","₹ 60000","3 Days","Classroom","High","2025-07-13","2025-07-15","No","","Yes","No","Worked in Infrastructure Space","No","2-10 Years","https://iimk.ac.in/uploads/courseDetails/1836039994_2025-05-24_05-58-49.pdf","v3"
"IIM Kozhikode","Applied Financial Risk Management","₹ 60000","3 Days","Classroom","High","2025-07-21","2025-07-23","No","5","Yes","No","Mangers in Financial Markets/Professionals in BFSI sector","No","No","https://iimk.ac.in/uploads/courseDetails/417245864_2025-05-24_06-00-35.pdf","v3"
"IIM Kozhikode","Creating value through Corporate Financial Decisions","","5 Days","Classroom","High","2025-07-21","2025-07-25","No","3","Yes","No","Mid-Level non-finance managers who wish to understand finance and accounting","No","No","1485189801_2025-06-26_10-24-34.pdf","v3"
"IIM Kozhikode","Communication Effectiveness Lab for Managers","₹ 60000","3 Days","Classroom","High","2025-07-24","2025-07-26","No","9","Yes","No","Mid-Senior Level Managers","No","No","https://iimk.ac.in/uploads/courseDetails/82343175_2025-05-24_06-02-26.pdf","v3"
"IIM Kozhikode","Strategies for Products & Marketing","₹ 60000","3 Days","Classroom","High","2025-09-23","2025-09-25","No","4","Yes","No","Senior Level Executives","No","No","Strategies For Products And Marketing..pdf","v3"
"IIM Kozhikode","Agent-based Modeling for Business Problem Solving","₹ 60000","3 Days","Classroom","High","2025-07-28","2025-07-30","No","12","Yes","No","Entrepreneurs & Operation Managers","No","No","https://iimk.ac.in/uploads/courseDetails/1728679981_2025-05-24_06-05-11.pdf","v3"
"IIM Kozhikode","Business Analytics","₹ 90000","5 Days","Classroom","High","2025-08-04","2025-08-08","No","4","Yes","No","Managers & Executives of Various Functional Areas","No","No","https://iimk.ac.in/uploads/courseDetails/396813916_2025-06-09_02-58-26.pdf","v3"
"IIM Kozhikode","Public Financial Management","₹ 90000","5 Days","Classroom","High","2025-08-04","2025-08-08","No","","Yes","No","Government Officers","No","No","676491950_2025-07-08_03-48-03.pdf","v3"
"IIM Kozhikode","Enhancing Organizational & Individual Performance","₹ 60000","3 Days","Classroom","High","2025-08-11","2025-08-13","No","6","Yes","No","Mid-Senior level Line Managers/HR Managers","No","No","173913298_2025-07-14_02-31-01.pdf","v3"
"IIM Kozhikode","Operational Excellence through Lean Six Sigma","₹ 60000","3 Days","Classroom","High","2025-08-11","2025-08-13","No","7","Yes","No","Senior Executives","No","No","1061762078_2025-05-24_06-05-56.pdf","v3"
"IIM Kozhikode","Strategic Decision Making & Leadership under Dynamic & Uncertain Environments","₹ 60000","3 Days","Classroom","High","2025-08-11","2025-08-13","No","6","Yes","No","Managers","No","No","https://iimk.ac.in/uploads/courseDetails/929423267_2025-05-24_06-06-16.pdf","v3"
"IIM Kozhikode","Financial Market Regulations","₹ 90000","5 Days","Classroom","High","2025-08-18","2025-08-22","No","","Yes","No","Senior State Government Officers engaged in Finance Department","No","No","160888689_2025-07-11_12-30-46.pdf","v3"
"IIM Kozhikode","Corporate Etiquette & Personality Development","₹ 60000","3 Days","Classroom","High","2025-08-28","2025-08-30","No","13","Yes","No","Junior, mid and senior level managers in public and private organisations","No","No","2114821487_2025-06-27_10-36-13.pdf","v3"
"IIM Kozhikode","Accelerating Sales Force Perfomance","₹ 60000","3 Days","Classroom","High","2025-08-28","2025-08-30","No","","Yes","No","","No","No","https://iimk.ac.in/academic-programmes/OPEN-MDP/course-calender","v3"
"IIM Kozhikode","Managing Employees With Humane Touch","₹ 125000","5 Days","Classroom","High","2025-09-01","2025-09-05","No","10","Yes","No","Line managers, HR managers, Team leaders, start-up managers","No","No","1956851804_2025-08-21_12-52-53.pdf","v3"
"IIM Kozhikode","General Management Programme : Management in the Era of Digital Disruption & AI","₹ 90000","5 Days","Classroom","High","2025-09-08","2025-09-12","No","10","Yes","No","Mid-Senior Level Executives","No","No","1295764970_2025-08-21_12-53-14.pdf","v3"
"IIM Kozhikode","Consumer Behaviour in the Digital Age","₹ 60000","3 Days","Classroom","High","2025-09-09","2025-09-11","No","6","Yes","No","Marketing Professionals & Product Managers","No","No","1175240590_2025-08-21_12-53-30.pdf","v3"
"IIM Kozhikode","Digital Operations & Supply Chain Transformation","₹ 60000","3 Days","Classroom","High","2025-09-10","2025-09-12","No","8","Yes","No","Executives in Planning & Managing Digital Transformation","No","5 + Years","1442461457_2025-08-21_12-54-12.pdf","v3"
"IIM Kozhikode","Story Telling Artistry at Work","₹ 60000","3 Days","Classroom","High","2025-09-10","2025-09-12","No","10","Yes","No","Mid-Senior Level Managers","No","No","1765799787_2025-08-21_12-53-53.pdf","v3"
"IIM Kozhikode","Managing Talent & Coaching for High-Performance Leadership","₹ 1,50,000","4 Days","Classroom","High","2025-09-10","2025-09-13","Yes","7","","No","CXOs/Senior Leaders","No","10 + Years","258137815_2025-08-21_12-54-33.pdf","v3"
"IIM Kozhikode","Healthcare Management: Strategy, Technology & Operations","₹ 90000","5 Days","Classroom","High","2025-09-15","2025-09-19","No","5","Yes","No","Healthcare professionals and administrators in leadership or administrative role","No","No","969159899_2025-08-21_12-55-11.pdf","v3"
"IIM Kozhikode","A Non-technical Introduction to Financial Derivatives","₹ 60000","3 Days","Classroom","High","2025-09-18","2025-09-20","No","","Yes","No","Managers in Finance/handling risk management","No","No","A Non-Technical Introduction To Financial Derivatives.pdf","v3"
"IIM Kozhikode","A Net-zero Future – Towards Business Sustainability","₹ 60000","3 Days","Classroom","High","2025-09-18","2025-09-20","No","12","Yes","No","Top and Middle management","No","No","463901605_2025-08-21_12-55-49.pdf","v3"
"IIM Kozhikode","Strategic Mindset for Sales Managers - A Lego Serious Play Approach","₹ 60000","3 Days","Classroom","High","2025-10-06","2025-10-08","No","","Yes","No","","No","No","https://iimk.ac.in/academic-programmes/OPEN-MDP/course-calender","v3"
"IIM Kozhikode","Understanding India through its Cultural Roots From Farms to Firms","₹ 125000","5 Days","Classroom","High","2025-10-06","2025-10-10","No","","Yes","No","","No","No","https://iimk.ac.in/academic-programmes/OPEN-MDP/course-calender","v3"
"IIM Kozhikode","Sales Mastery in the Insurance Sector","₹ 80000","4 Days","Classroom","High","2025-10-08","2025-10-11","No","4","Yes","No","Sales managers, business development professionals","No","No","Sales Mastery In The Insurance Sector..pdf","v3"
"IIM Kozhikode","Managing Global Operations","₹ 60000","3 Days","Classroom","High","2025-10-09","2025-10-11","No","","Yes","No","","No","No","https://iimk.ac.in/academic-programmes/OPEN-MDP/course-calender","v3"
"IIM Kozhikode","Mastering Behaviours - Managing Self (Advanced Lab)","₹ 75000","3 Days","Classroom","High","2025-10-09","2025-10-11","No","6","Yes","No","Mid-Senior Level Executives","No","1-6 Years","1706679768_2025-05-14_11-30-07.pdf","v3"
"IIM Kozhikode","Talent Management","₹ 60000","3 Days","Classroom","High","2025-11-06","2025-11-08","No","","Yes","No","Mid-Senior Level Managers","No","No","507938173_2025-08-21_12-57-32.pdf","v3"
"IIM Kozhikode","Soft Skills for Interpersonal Effectiveness: Attitude & Skill Enhancement Lab","₹ 90000","5 Days","Classroom","High","2025-12-15","2025-12-19","No","15","Yes","No","Junior, mid and senior level managers in public and private organisations","No","No","Soft Skills For Interpersonal Effectiveness..pdf","v3"
"IIM Kozhikode","Business Intelligence & Analytics","₹ 60000","3 Days","Classroom","High","2025-11-12","2025-11-14","No","12","Yes","No","Mid-Level Executives/Management Professionals/Business Analysts","No","No","220423515_2025-08-21_12-57-50.pdf","v3"
"IIM Kozhikode","Strategic Digital Marketing Programme","₹ 80000","4 Days","Classroom","High","2025-11-12","2025-11-15","No","9","Yes","No","Digital Marketing Professionals","No","3 + Years","Strategic Digital Marketing Programme..pdf","v3"
"IIM Kozhikode","Problem Solving & Decision Making","₹ 60000","3 Days","Classroom","High","2025-11-17","2025-11-19","No","","Yes","No","Mid-Senior Level Executives","No","No","2007060090_2025-08-21_12-58-45.pdf","v3"
"IIM Kozhikode","Advanced Financial Statement Analysis for Decision Making","₹ 60000","3 Days","Classroom","High","2025-11-20","2025-11-22","No","15","Yes","No","Accounting and Finance Executives","No","No","Advanced Financial Statement Analysis For Decision Making..pdf","v3"
"IIM Kozhikode","Service Excellence through Customer Orientation","₹ 60000","3 Days","Classroom","High","2025-11-27","2025-11-29","No","5","Yes","No","Senior Managers in Service Sector","No","No","1897608152_2025-08-21_12-59-34.pdf","v3"
"IIM Kozhikode","Public Systems Management","₹ 90000","5 Days","Classroom","High","2025-12-01","2025-12-05","No","","Yes","No","","No","No","https://iimk.ac.in/academic-programmes/OPEN-MDP/course-calender","v3"
"IIM Kozhikode","Executive Presence, Influence & Storytelling (EPIS)","₹ 60000","3 Days","Classroom","High","2025-12-08","2025-12-10","No","8","Yes","No","Professionals at various stages of their career","No","No","Executive Presence Influence And Storytelling (Epis)_.pdf","v3"
"IIM Kozhikode","Simulate to Strategize: Accelerate your Leadership Journey","₹ 90000","5 Days","Classroom","High","2025-12-08","2025-12-12","No","19","Yes","No","Mid-Senior Level Executives","No","2 + Years","https://iimk.ac.in/uploads/courseDetails/1075273086_2025-05-28_04-54-22.pdf","v3"
"IIM Kozhikode","Design Thinking for Business Problem Solving","₹ 60000","3 Days","Classroom","High","2025-12-18","2025-12-20","No","","Yes","No","","No","No","https://iimk.ac.in/academic-programmes/OPEN-MDP/course-calender","v3"
"IIM Kozhikode","Mindful Leadership","₹ 75000","3 Days","Classroom","High","2026-01-08","2026-01-10","No","","Yes","No","","No","No","https://iimk.ac.in/academic-programmes/OPEN-MDP/course-calender","v3"
"IIM Kozhikode","Supply Chain Management","₹ 80000","4 Days","Classroom","High","2026-01-14","2026-01-17","No","6","Yes","No","Executives in materials, planning, manufacturing, sourcing, supply chain, IT","No","3 + Years","https://iimk.ac.in/uploads/courseDetails/1701056535_2025-05-28_05-01-26.pdf","v3"
"IIM Kozhikode","Finance for Non-Finance Executives","₹ 60000","3 Days","Classroom","High","2026-01-15","2026-01-17","No","","Yes","No","","No","No","https://iimk.ac.in/academic-programmes/OPEN-MDP/course-calender","v3"
"IIM Kozhikode","Managing across Cultures (MaC)","₹ 60000","3 Days","Classroom","High","2026-01-19","2026-01-21","No","","Yes","No","","No","No","https://iimk.ac.in/academic-programmes/OPEN-MDP/course-calender","v3"
"IIM Kozhikode","Strategic Excellence in the Insurance Sector: Navigating Business Growth & Decision-Making","₹ 60000","3 Days","Classroom","High","2026-01-19","2026-01-21","No","","Yes","No","","No","No","https://iimk.ac.in/academic-programmes/OPEN-MDP/course-calender","v3"
"IIM Kozhikode","Methods of Digital Advertising","₹ 60000","3 Days","Classroom","High","2026-01-22","2026-01-24","No","","Yes","No","","No","No","https://iimk.ac.in/academic-programmes/OPEN-MDP/course-calender","v3"
"IIM Kozhikode","Contract Management & Dispute Resolution","₹ 60000","3 Days","Classroom","High","2026-02-02","2026-02-04","No","","Yes","No","","No","No","https://iimk.ac.in/academic-programmes/OPEN-MDP/course-calender","v3"
"IIM Kozhikode","Strategies for Patient-Centric Healthcare Operations","₹ 90000","5 Days","Classroom","High","2026-02-02","2026-02-06","No","","Yes","No","","No","No","https://iimk.ac.in/academic-programmes/OPEN-MDP/course-calender","v3"
"IIM Kozhikode","Chief Product Officer (CPO) Programme","₹ 6,09,000","12 months","Hybrid","High","2025-06-28","","Yes","7","Yes","Yes","CXOs/Senior Leaders","No","8 + Years","IIMK CPO_Brochure Batch 4","v3"
"IIM Kozhikode","Chief Operations Officer (COO) Programme","₹ 6,62,000","12 months","Blended ( Async+ Live Sync or Classroom Sync)","Moderate","2025-06-28","","Yes","4","Yes","Yes","CXOs/Senior Leaders","No","10 + Years","https://iimkozhikode.emeritus.org/iimk-chief-operations-officer-programme?src_trk=em680a3aebd165d2.302877921175964971&utm_campaign=organic&utm_medium=EmWebsite&utm_source=google&_gl=1*12zyhgi*_gcl_au*MTA2NjM2MDUyNy4xNzQ1NTA3MDc5*_ga*NjQ2NjMxNzg4LjE3NDU1MDExMzM.*_ga_Q6TD6R55VD*czE3NTAzMTcyNTEkbzIxJGcxJHQxNzUwMzE3NDQ4JGoxNyRsMCRoMjExNzcyODg5NA..","v3"
"IIM Kozhikode","Chief Operations Officer (COO) Programme","₹ 6,76,000","12 months","Blended ( Async+ Live Sync or Classroom Sync)","Moderate","2025-09-30","","Yes","4","Yes","Yes","CXOs/Senior Leaders","No","10 + Years","IIMK COO -Brochure - Batch 4 - FY26 Q1","v3"
"IIM Kozhikode","Chief Financial Officer Programme","₹ 6,58,000","12 months","Hybrid","High","2025-06-28","","Yes","14","Yes","Yes","CXOs/Senior Leaders","No","10 + Years","IIMK CFO Batch 2_FY25Q4","v3"
"IIM Kozhikode","Chief Executive Officer (CEO) Programme","₹ 6,82,000","12 months","Hybrid","High","2025-06-30","","Yes","4","Yes","Yes","CXOs/Senior Leaders","No","10 + Years","IIMK x Kellogg_CEO_Brochure_Batch_4","v3"
"IIM Kozhikode","AI Officer Programme","₹ 3,00,000","30 Weeks","Blended ( Async+ Live Sync or Classroom Sync)","Moderate","2025-09-30","","No","6","Yes","Yes","Technology Leaders & Managers","No","10 + Years","​IIM Kozhikode CEO Programme | Executive Leadership & AI","v3"
"IIM Kozhikode","AI Officer Programme","₹ 3,15,000","30 Weeks","Blended ( Async+ Live Sync or Classroom Sync)","Moderate","2025-06-30","","No","6","Yes","Yes","Technology Leaders & Managers","No","10 + Years","IIMK-AIO_Brochure","v3"
"IIM Kozhikode","Chief Technology Officer (CTO) Programme","₹6,78,000","12 Months","Hybrid","High","2025-09-27","","Yes","5","Yes","Yes","CXOs/Senior Leaders","No","10 + Years","IIMK-AIO_Brochure","v3"
"IIM Kozhikode","Chief Marketing and Growth Officer (CMO) Programme","₹5,00,000","10 Months","Hybrid","High","2025-09-30","","Yes","10","Yes","Yes","CXOs/Senior Leaders","No","10 + Years","https://iimkozhikode.emeritus.org/chief-technology-officer-programme?src_trk=em680a3aebd165d2.302877921175964971&utm_campaign=organic&utm_medium=EmWebsite&utm_source=google&_gl=1*1dus1zd*_gcl_au*MTA2NjM2MDUyNy4xNzQ1NTA3MDc5*_ga*NjQ2NjMxNzg4LjE3NDU1MDExMzM.*_ga_Q6TD6R55VD*czE3NTAzMTcyNTEkbzIxJGcxJHQxNzUwMzE4MjEwJGo2MCRsMCRoMjExNzcyODg5NA..","v3"
"IIM Kozhikode","Professional Certificate Programme in Product Management","₹1,95,000","39 Weeks","Blended ( Async+ Live Sync or Classroom Sync)","Moderate","","","No","32","No","Yes","Senior Level Managers/ Entrepreneurs","No","Graduate or Diploma Holder","https://iimkozhikode.emeritus.org/iimk-chief-marketing-and-growth-officer-programme?src_trk=em680a3aebd165d2.302877921175964971&utm_campaign=organic&utm_medium=EmWebsite&utm_source=google&_gl=1*1sx7mb*_gcl_au*MTA2NjM2MDUyNy4xNzQ1NTA3MDc5*_ga*NjQ2NjMxNzg4LjE3NDU1MDExMzM.*_ga_Q6TD6R55VD*czE3NTAzMTcyNTEkbzIxJGcxJHQxNzUwMzE4NDAyJGo2MCRsMCRoMjExNzcyODg5NA..","v3"
"IIM Kozhikode","Executive Presence, Influence, and Storytelling","₹1,10,000","12 Weeks","Blended ( Async+ Live Sync or Classroom Sync)","Moderate","2025-06-26","","No","12","Yes","No","CXOs/Senior Leaders","No","Graduate or Diploma Holder","https://iimkozhikode.emeritus.org/iimk-professional-certificate-programme-in-product-management?src_trk=em680a3aebd165d2.302877921138128596&utm_campaign=organic&utm_medium=EmWebsite&utm_source=google&_gl=1*1lzvvp1*_gcl_au*MTA2NjM2MDUyNy4xNzQ1NTA3MDc5*_ga*NjQ2NjMxNzg4LjE3NDU1MDExMzM.*_ga_Q6TD6R55VD*czE3NTAzMjQzMjYkbzIyJGcxJHQxNzUwMzI0MzMyJGo1NCRsMCRoMTg2NjIxNjM5MA..","v3"
"IIM Kozhikode","General Management Programme: For Future Leaders","₹2,10,000","11 Months","Blended ( Async+ Live Sync or Classroom Sync)","Moderate","2025-06-26","","No","15","Yes","No","Mid-Senior Managers","No","Graduate or Diploma Holder","https://iimkozhikode.emeritus.org/iimk-executive-presence-influence-and-storytelling?src_trk=em680a3aebd165d2.302877921138128596&utm_campaign=organic&utm_medium=EmWebsite&utm_source=google&_gl=1*1625rw7*_gcl_au*MTA2NjM2MDUyNy4xNzQ1NTA3MDc5*_ga*NjQ2NjMxNzg4LjE3NDU1MDExMzM.*_ga_Q6TD6R55VD*czE3NTAzMjQzMjYkbzIyJGcxJHQxNzUwMzI0NjA1JGo2MCRsMCRoMTg2NjIxNjM5MA..","v3"
"IIM Kozhikode","Design Thinking and Innovation with AI","₹1,30,000","25 Weeks","Blended ( Async+ Live Sync or Classroom Sync)","Moderate","2025-06-26","","No","24","No","Yes","Design Engineers","No","No","https://iimkozhikode.emeritus.org/general-management-programme-for-future-leaders?src_trk=em680a3aebd165d2.302877921138128596&utm_campaign=organic&utm_medium=EmWebsite&utm_source=google&_gl=1*1afk7la*_gcl_au*MTA2NjM2MDUyNy4xNzQ1NTA3MDc5*_ga*NjQ2NjMxNzg4LjE3NDU1MDExMzM.*_ga_Q6TD6R55VD*czE3NTAzMjQzMjYkbzIyJGcxJHQxNzUwMzI0ODU5JGo2MCRsMCRoMTg2NjIxNjM5MA..","v3"
"IIM Kozhikode","Design Thinking and Innovation with AI","₹1,39,000","25 Weeks","Blended ( Async+ Live Sync or Classroom Sync)","Moderate","2025-06-26","","No","24","No","Yes","Design Engineers","No","No","IIMK-DTAI_Brochure_B2C_FY25Q4","v3"
"IIM Kozhikode","Professional Certificate Programme in Advanced Data Analytics for Managers","₹1,98,500","10 Months","Hybrid","High","2025-09-25","","No","10","Yes","Yes","Mid-Senior Managers","No","No","IIMK-DTAI_Brochure_B2C_FY25Q3","v3"
"IIM Kozhikode","Senior Management Programme","₹6,23,000","1 Year","Hybrid","High","2025-06-28","","Yes","13","Yes","No","CXOs/Senior Leaders","No","10 + years","https://iimkozhikode.emeritus.org/iimk-advanced-data-analytics-for-managers?src_trk=em680a3aebd165d2.302877921138128596&utm_campaign=organic&utm_medium=EmWebsite&utm_source=google&_gl=1*cy8z35*_gcl_au*MTA2NjM2MDUyNy4xNzQ1NTA3MDc5*_ga*NjQ2NjMxNzg4LjE3NDU1MDExMzM.*_ga_Q6TD6R55VD*czE3NTAzMjQzMjYkbzIyJGcxJHQxNzUwMzI3NDc5JGo1NCRsMCRoMTg2NjIxNjM5MA..","v3"
"IIM Kozhikode","Advanced Strategic Management Programme","₹2,98,000","1 Year","Hybrid","High","2025-06-28","","Yes","10","Yes","Yes","Mid-Senior Managers","No","7 + Years","https://iimkozhikode.emeritus.org/iimk-senior-management-programme?src_trk=em680a3aebd165d2.302877921138128596&utm_campaign=organic&utm_medium=EmWebsite&utm_source=google&_gl=1*1g1yra5*_gcl_au*MTA2NjM2MDUyNy4xNzQ1NTA3MDc5*_ga*NjQ2NjMxNzg4LjE3NDU1MDExMzM.*_ga_Q6TD6R55VD*czE3NTAzMjQzMjYkbzIyJGcxJHQxNzUwMzI3NTU5JGo2MCRsMCRoMTg2NjIxNjM5MA..","v3"
"IIM Kozhikode","Professional Certificate Programme in Healthcare Management and AI Applications","₹2,20,500","10 Months","Hybrid","High","2025-06-28","","Yes","6","Yes","Yes","Health Professionals","No","3 + Years","https://iimkozhikode.emeritus.org/iimk-advanced-strategic-management-programme?src_trk=em680a3aebd165d2.302877921138128596&utm_campaign=organic&utm_medium=EmWebsite&utm_source=google&_gl=1*1lh9h93*_gcl_au*MTA2NjM2MDUyNy4xNzQ1NTA3MDc5*_ga*NjQ2NjMxNzg4LjE3NDU1MDExMzM.*_ga_Q6TD6R55VD*czE3NTAzMjQzMjYkbzIyJGcxJHQxNzUwMzI3NTY4JGo1MSRsMCRoMTg2NjIxNjM5MA..","v3"
"IIM Kozhikode","Professional Certificate Programme in Data Science and Artificial Intelligence for Managers","₹1,69,000","8 Months","Blended ( Async+ Live Sync or Classroom Sync)","Moderate","2025-06-29","","No","32","No","Yes","Mid-Senior Managers","No","Graduate or Diploma Holder","https://iimkozhikode.emeritus.org/iimk-healthcare-management-and-analytics?src_trk=em680a3aebd165d2.302877921138128596&utm_campaign=organic&utm_medium=EmWebsite&utm_source=google&_gl=1*1bu8dci*_gcl_au*MTA2NjM2MDUyNy4xNzQ1NTA3MDc5*_ga*NjQ2NjMxNzg4LjE3NDU1MDExMzM.*_ga_Q6TD6R55VD*czE3NTAzMjQzMjYkbzIyJGcxJHQxNzUwMzI3Nzc1JGo2MCRsMCRoMTg2NjIxNjM5MA..","v3"
"IIM Kozhikode","Professional Certificate Programme in Data Science and Artificial Intelligence for Managers","₹1,79,000","8 Months","Blended ( Async+ Live Sync or Classroom Sync)","Moderate","2025-06-30","","No","32","No","Yes","Mid-Senior Managers","No","Graduate or Diploma Holder","IIMK_DSAI_B7_Brochure","v3"
"IIM Kozhikode","Women Leadership Programme","₹3,50,000","10 Months","Hybrid","High","2025-09-30","","Yes","7","Yes","Yes","Women Professionals in Mid-Senior Career","No","5 + Years","https://iimkozhikode.emeritus.org/iimk-data-science-machine-learning-and-artificial-intelligence?src_trk=em680a3aebd165d2.302877921138128596&utm_campaign=organic&utm_medium=EmWebsite&utm_source=google&_gl=1*1vlh28i*_gcl_au*MTA2NjM2MDUyNy4xNzQ1NTA3MDc5*_ga*NjQ2NjMxNzg4LjE3NDU1MDExMzM.*_ga_Q6TD6R55VD*czE3NTAzMjQzMjYkbzIyJGcxJHQxNzUwMzI3OTI5JGo2MCRsMCRoMTg2NjIxNjM5MA..","v3"
"IIM Kozhikode","Professional Certificate Programme in Public Policy Management","","12 Months","Hybrid","High","2025-03-31","","Yes","16","Yes","Yes","Professionals in different Domains","No","2 + Years","IIMK WLP Brochure","v3"
"IIM Kozhikode","Healthcare Management for Senior Executives","₹3,20,000","1 Year","Hybrid","High","","","Yes","12","Yes","Yes","Senior Executives in Healthcare","No","Diploma Holder in Healthcare Industry","https://iimkozhikode.emeritus.org/professional-certificate-programme-in-public-policy-management?src_trk=em680a3aebd165d2.302877921138128596&utm_campaign=organic&utm_medium=EmWebsite&utm_source=google&_gl=1*1aqqdxi*_gcl_au*MTA2NjM2MDUyNy4xNzQ1NTA3MDc5*_ga*NjQ2NjMxNzg4LjE3NDU1MDExMzM.*_ga_Q6TD6R55VD*czE3NTAzMjQzMjYkbzIyJGcxJHQxNzUwMzI4MjEyJGo2MCRsMCRoMTg2NjIxNjM5MA..","v3"
"IIM Kozhikode","Data Analytics for Business Strategy: Essential Tools and Applications","₹2,10,000","10 Months","Hybrid","High","","","Yes","10","Yes","No","Professionals who are intrested in Data Analytics","No","1 + Years","IIMK Healthcare Management Course | Healthcare Management Program","v3"
"IIM Kozhikode","Professional Certificate Programme in Advanced Operations Analytics and Supply Chain Management","₹2,05,000","11 Months","Blended ( Async+ Live Sync or Classroom Sync)","Moderate","2025-09-28","","No","12","No","Yes","Early-Mid Stage Professionals","No","1 + Years","https://iimkozhikode.emeritus.org/iimk-professional-certificate-programme-in-data-analytics-for-business-strategy?src_trk=em680a3aebd165d2.302877921138128596&utm_campaign=organic&utm_medium=EmWebsite&utm_source=google&_gl=1*1sid9oc*_gcl_au*MTA2NjM2MDUyNy4xNzQ1NTA3MDc5*_ga*NjQ2NjMxNzg4LjE3NDU1MDExMzM.*_ga_Q6TD6R55VD*czE3NTAzMjQzMjYkbzIyJGcxJHQxNzUwMzI4NTA5JGo2MCRsMCRoMTg2NjIxNjM5MA..","v3"
"IIM Kozhikode","Advanced Certificate Programme in Smart Supply Chain Management and Transformation","₹2,81,000","10 - 12 months","Hybrid","High","","","Yes","13","Yes","No","Executives","No","3 + Years after graduation","https://iimkozhikode.emeritus.org/iimk-advanced-operations-analytics-and-supply-chain-management?src_trk=em680a3aebd165d2.302877921138128596&utm_campaign=organic&utm_medium=EmWebsite&utm_source=google&_gl=1*19jv7rk*_gcl_au*MTA2NjM2MDUyNy4xNzQ1NTA3MDc5*_ga*NjQ2NjMxNzg4LjE3NDU1MDExMzM.*_ga_Q6TD6R55VD*czE3NTAzMjQzMjYkbzIyJGcxJHQxNzUwMzI4NjgyJGo2MCRsMCRoMTg2NjIxNjM5MA..","v3"
"IIM Kozhikode","General Management Programme for Business Excellence","₹2,48,500","10 Months","Hybrid","High","2025-05-18","","Yes","11","Yes","Yes","Early-Mid Stage Professionals","No","1 + Years","1706170093_2025-04-24_12-35-08.pdf","v3"
"IIM Kozhikode","Professional Certificate Programme in Managing Business Strategies for Sustained Growth and Profitability","₹2,99,000","12 Months","Hybrid","High","2025-09-28","","Yes","10","Yes","Yes","CXOs/Senior Leaders","No","5 + Years after graduation/ 15 + Years after diploma","https://iimkozhikode.emeritus.org/iimk-general-management-programme-for-business-excellence?src_trk=em680a3aebd165d2.302877921138128596&utm_campaign=organic&utm_medium=EmWebsite&utm_source=google&_gl=1*102ryj8*_gcl_au*MTA2NjM2MDUyNy4xNzQ1NTA3MDc5*_ga*NjQ2NjMxNzg4LjE3NDU1MDExMzM.*_ga_Q6TD6R55VD*czE3NTAzMjQzMjYkbzIyJGcxJHQxNzUwMzI4OTQ0JGo2MCRsMCRoMTg2NjIxNjM5MA..","v3"
"IIM Kozhikode","Professional Certificate Programme in Strategic Competencies for CHROs","₹4,00,000","12 Months","Hybrid","High","2025-07-13","","Yes","4","Yes","No","Senior Executives in HR","No","10+ Years after graduation/ 15+ Years after diploma","IIM K MB Brochure Batch 2","v3"
"IIM Kozhikode","Professional Certificate Programme in Applied Finance","₹2,37,500","10 Months","Hybrid","High","2025-06-29","","Yes","10","Yes","Yes","Professionals in Finance","No","3+ Years","IIM Kozhikode CHRO Brochure - Batch 2","v3"
"IIM Kozhikode","Professional Certificate Programme in Strategic Management","₹1,80,000","12 Months","Hybrid","High","2025-06-29","","Yes","21","Yes","Yes","Early-Mid Stage Professionals","No","2+ Years","1770016454_2025-03-20_02-39-41.pdf","v3"
"IIM Kozhikode","Professional Certificate Programme in Digital Marketing for Performance and Growth","₹1,80,000","9 Months","Hybrid","High","2025-06-27","","Yes","23","Yes","Yes","","No","2+ Years","1295408937_2025-04-24_10-54-06.pdf","v3"
"IIM Kozhikode","Art of Business Communication (ABC) for Corporate Professionals","₹2,80,000","7 Months","Hybrid","High","2025-06-22","","Yes","24","Yes","Yes","CXOs/Senior Leaders","No","6+ Years after graduation","IIMK DMPG Brochure 04 25 Feb 2025","v3"
"IIM Kozhikode","Professional Certificate Programme in Marketing and Brand Management for New Age Businesses","₹2,50,000","12 Months","Hybrid","High","2025-11-01","","Yes","17","Yes","No","Professionals in Marketing","No","3+ Years after graduation/ 15 + Years after diploma","771159467_2025-05-20_04-41-03.pdf","v3"
"IIM Kozhikode","Professional Certificate Programme in Financial Analysis and Finacial Management","₹2,60,000","12 Months","Hybrid","High","2025-10-12","","Yes","9","Yes","Yes","Mid-Senior Professionals in Finance","No","1+ Years","392068071_2025-07-07_11-26-32.pdf","v3"
"IIM Kozhikode","Professional Certificate Programme in Strategic Sales Management and New Age Marketing","₹2,40,000","10 Months","Hybrid","High","2025-09-28","","Yes","7","Yes","No","","No","4+ Years","810685049_2025-07-08_03-47-27.pdf","v3"
"IIM Kozhikode","Digital Transformation Programme","₹7,40,000","1 Year","Hybrid","High","2025-09-14","","","11","Yes","Yes","Senior Officers","No","No","1554724927_2025-07-02_10-09-28.pdf","v3"
"IIM Kozhikode","Professional Certificate Programme in FinTech","₹2,00,000","11 Months","Hybrid","High","2025-07-28","2026-07-10","Yes","7","Yes","No","Early-Mid Stage Professionals","No","3+ Years","Digital Transformation Programme","v3"
"IIM Kozhikode","Professional Certificate Programme in HR Management and Analytics","₹1,55,000","6 Months","Online","Low","2025-07-27","","No","11","No","No","Business Analytics Managers/Non-HR Professionals/MBA graduate","No","2+ Years after graduation/freshers after masters","IIMK_PCPF07_Brochure","v3"
"IIM Kozhikode","Professional Certificate Programme on Strategic Management Programme for CXOs","₹4,90,000","10 Months","Hybrid","High","2025-06-30","","Yes","19","Yes","Yes","CXOs/Senior Leaders","No","10+ Years after graduation/diploma","IIMK_HR Analytics-Domestic","v3"
"IIM Kozhikode","Professional Certificate Programme in Advanced Business Management","₹5,95,000","24 Months","Online","Low","2025-09-28","","","12","No","No","","No","2+ Years after graduation + Test scores","Join IIM Kozhikode Strategic Management Programme For CXOs - 2025","v3"
"IIM Kozhikode","Professional Certificate Programme in Advanced Product Management","₹1,68,000","6 Months","Online","Low","2025-06-27","","","20","No","Yes","Mid-Senior Managers","No","5+ Years after graduation/diploma","UWA-IIMK-MBA_Brochure_B2C_FY25Q4","v3"
"IIM Kozhikode","Professional Certificate Programme in Design Thinking and Innovation with AI","₹1,39,000","25 Weeks","Hybrid","High","2025-09-14","","Yes","24","Yes","Yes","Designers/CXOs/Senior leaders","No","Graduate or Diploma Holder","IIMK-APM05-Brochure","v3"
"IIM Kozhikode","General Management Programme: For Future Leaders","₹2,10,000","11 Months","Hybrid","High","2025-06-26","","No","15","Yes","No","Mid-Senior Managers","No","Graduate or Diploma Holder","https://iimkozhikode.emeritus.org/general-management-programme-for-future-leaders?src_trk=em680a3aebd165d2.302877921583281779&utm_campaign=organic&utm_medium=EmWebsite&utm_source=google&_gl=1*17bf3zd*_gcl_au*MTA2NjM2MDUyNy4xNzQ1NTA3MDc5*_ga*NjQ2NjMxNzg4LjE3NDU1MDExMzM.*_ga_Q6TD6R55VD*czE3NTA1OTYwOTgkbzI3JGcxJHQxNzUwNTk2NjgyJGo2MCRsMCRoMTA0NzExNTg1NA..","v3"
"IIM Kozhikode","Chief Product Officer Programme","₹6,09,000","12 Months","Hybrid","High","2025-06-28","","Yes","3","Yes","Yes","Product Leaders/New Evolving CPOs","No","8 Years Of Work Experience","https://iimkozhikode.emeritus.org/chief-product-officer?src_trk=em680a3aebd165d2.302877921583281779&utm_campaign=organic&utm_medium=EmWebsite&utm_source=google&_gl=1*1amcp50*_gcl_au*MTA2NjM2MDUyNy4xNzQ1NTA3MDc5*_ga*NjQ2NjMxNzg4LjE3NDU1MDExMzM.*_ga_Q6TD6R55VD*czE3NTA1OTYwOTgkbzI3JGcxJHQxNzUwNTk3MDUzJGo2MCRsMCRoMTA0NzExNTg1NA..","v3"
"IIM Kozhikode","Chief Operations Officer Programme","₹6,76,000","12 months","Hybrid","High","2025-09-30","","Yes","4","Yes","Yes","CXOs/Senior Leaders","No","10 Years of Work Experience","https://iimkozhikode.emeritus.org/iimk-chief-operations-officer-programme?src_trk=em680a3aebd165d2.302877921583281779&utm_campaign=organic&utm_medium=EmWebsite&utm_source=google&_gl=1*1q0gwen*_gcl_au*MTA2NjM2MDUyNy4xNzQ1NTA3MDc5*_ga*NjQ2NjMxNzg4LjE3NDU1MDExMzM.*_ga_Q6TD6R55VD*czE3NTA1OTYwOTgkbzI3JGcxJHQxNzUwNTk3MjY0JGo2MCRsMCRoMTA0NzExNTg1NA..","v3"
"IIM Kozhikode","Chief Executive Officer Programme","₹7,02,000","12 months","Hybrid","High","2025-09-30","","Yes","4","Yes","Yes","CXOs/Senior Leaders","No","10","https://iimkozhikode.emeritus.org/iimk-chief-executive-officer-programme?src_trk=em680a3aebd165d2.30287792886357090&utm_campaign=organic&utm_medium=EmWebsite&utm_source=google&_gl=1*1fftlez*_gcl_au*MTA2NjM2MDUyNy4xNzQ1NTA3MDc5*_ga*NjQ2NjMxNzg4LjE3NDU1MDExMzM.*_ga_Q6TD6R55VD*czE3NTA2MDM2MzEkbzI4JGcxJHQxNzUwNjA0MDgxJGo2MCRsMCRoMTI5NjEwOTE5MQ..","v3"
"IIM Kozhikode","Leadership Coaching for High Performance and Talent Management","₹1,50,000","4 Days","Classroom","High","2025-09-10","2025-09-13","No","7","Yes","No","CXOs/Senior Leaders","No","10","https://iimkozhikode.emeritus.org/leadership-coaching-for-high-performance-and-talent-management?src_trk=em680a3aebd165d2.30287792886357090&utm_campaign=organic&utm_medium=EmWebsite&utm_source=google&_gl=1*1lr433l*_gcl_au*MTA2NjM2MDUyNy4xNzQ1NTA3MDc5*_ga*NjQ2NjMxNzg4LjE3NDU1MDExMzM.*_ga_Q6TD6R55VD*czE3NTA2MDM2MzEkbzI4JGcxJHQxNzUwNjA0MzcwJGoxNiRsMCRoMTI5NjEwOTE5MQ..","v3"
"IIM Kozhikode","Chief Technology Officer Programme","₹6,78,000","12 Months","Hybrid","High","2025-09-30","","Yes","5","Yes","Yes","CXOs/Senior Leaders","No","10","https://iimkozhikode.emeritus.org/chief-technology-officer-programme?src_trk=em680a3aebd165d2.30287792886357090&utm_campaign=organic&utm_medium=EmWebsite&utm_source=google&_gl=1*qb6pth*_gcl_au*MTA2NjM2MDUyNy4xNzQ1NTA3MDc5*_ga*NjQ2NjMxNzg4LjE3NDU1MDExMzM.*_ga_Q6TD6R55VD*czE3NTA2MDM2MzEkbzI4JGcxJHQxNzUwNjA3ODk1JGo2MCRsMCRoMTI5NjEwOTE5MQ..","v3"
"IIM Kozhikode","Chief Marketing and Growth Officer Programme","₹5,00,000","10 Months","Hybrid","High","","","Yes","10","Yes","Yes","CXOs/Senior Leaders","No","10","https://iimkozhikode.emeritus.org/iimk-chief-marketing-and-growth-officer-programme?src_trk=em680a3aebd165d2.30287792886357090&utm_campaign=organic&utm_medium=EmWebsite&utm_source=google&_gl=1*qigofr*_gcl_au*MTA2NjM2MDUyNy4xNzQ1NTA3MDc5*_ga*NjQ2NjMxNzg4LjE3NDU1MDExMzM.*_ga_Q6TD6R55VD*czE3NTA2MDM2MzEkbzI4JGcxJHQxNzUwNjA4NTg0JGozMSRsMCRoMTI5NjEwOTE5MQ..","v3"
"IIM Kozhikode","Professional Certificate Programme in Financial Analysis and Financial Management","₹2,60,000","12 Months","HYbrid","HIgh","2025-09-28","","Yes","9","Yes","Yes","Mid - Senior Managers","No","1 Years of Work Experience","https://iimkozhikode.emeritus.org/iimk-financial-analysis-and-financial-management?src_trk=em680a3aebd165d2.302877921704543147&utm_campaign=organic&utm_medium=EmWebsite&utm_source=google&_gl=1*ok0j89*_gcl_au*MTA2NjM2MDUyNy4xNzQ1NTA3MDc5*_ga*NjQ2NjMxNzg4LjE3NDU1MDExMzM.*_ga_Q6TD6R55VD*czE3NTA2MTg2MjQkbzI5JGcxJHQxNzUwNjIxNTMwJGo2MCRsMCRoNjg1NjQ3NjQ2","v3"
"IIM Kozhikode","Professional Certificate Programme In Entrepreneurship And New Venture Creation - Batch 06","₹ 1,85,000","8 Months","Live","High","2025-08-30","2026-04-01","No","10","No","No","Entrepreners/New Business Laeaders","No","1 Years","https://timespro.com/executive-education/iim-kozhikode-professional-certificate-programme-in-entrepreneurship-and-new-venture-creation","v3"
"IIM Kozhikode","Post Graduate Certificate In Public Policy Management","₹ 3,50,000","12 Months","Hybrid","High","2023-03-24","2024-04-01","Yes","4","Yes","NO","Professionals with an interest in Public affair","No","2.3 Years","https://timespro.com/executive-education/iim-kozhikode-post-graduate-certificate-in-public-policy-management","v3"
"IIM Kozhikode","Professional Certificate Programme in Fintech – Batch 07","₹ 2,10,000","11 Months","Hybrid","High","2025-07-27","2026-06-01","Yes","8","Yes","No","Junior-Senior Executives","No","3 Years","https://timespro.com/executive-education/iim-kozhikode-professional-certificate-programme-in-fintech","v3"
"IIM Kozhikode","Professional Certificate Programme in Advanced Product Management - Batch 05","₹ 1,68,000","6 Months","Live","High","2025-09-14","2026-03-01","Yes","18","No","Yes","Mid-Senior Product Managers","No","5 Years","https://timespro.com/executive-education/iim-kozhikode-professional-certificate-programme-in-advanced-product-management","v3"
"IIM Kozhikode","Professional Certificate Programme in Advanced Analytics & Business Intelligence","2,00,000","1 Year","Hybrid","High","2025-09-07","","Yes","10","Yes","No","Business Analyst & Data Scientists","No","1 + Year","https://www.jaroeducation.com/professional-certificate-programme-in-advanced-analytics-business-intelligence-iim-kozhikode/","v3"
"IIM Kozhikode","Digital Marketing for Performance & Growth","1,80,000","9 Months","Hybrid","High","2025-06-22","","Yes","23","Yes","Yes","Mid-Senior Managers","No","2 + Years","https://www.jaroeducation.com/professional-certificate-programme-in-digital-marketing-for-performance-growth-iim-kozhikode/","v3"
"IIM Kozhikode","Professional Certificate Programme in Investment Banking","2,40,000","10 Months","Hybrid","High","2025-05-18","","Yes","11","Yes","Yes","Mid-Senior Level Executives","No","1 + Year","https://www.jaroeducation.com/professional-certificate-programme-in-investment-banking-iim-kozhikode/","v3"
"Emeritus","Professional Certificate in Instructional Design","₹3,02,000","5 months","Online","Low","","","No","6","No","Yes","Professionals of Education","No","","https://admissions.emeritus.org/programs/emeritus/professional-certificate-in-instructional-design?src_trk=em680a3aebd165d2.30287792886357090&utm_campaign=organic&utm_medium=EmWebsite&utm_source=google&_gl=1*1a2ahvo*_gcl_au*MTA2NjM2MDUyNy4xNzQ1NTA3MDc5*_ga*NjQ2NjMxNzg4LjE3NDU1MDExMzM.*_ga_Q6TD6R55VD*czE3NTA2MDM2MzEkbzI4JGcxJHQxNzUwNjA4NTg0JGozMSRsMCRoMTI5NjEwOTE5MQ..","v3"
"Emeritus","Professional Certificate in Data Engineering with Microsoft Azure","₹2,59,000","6 months","Blended ( Async+ Live Sync or Classroom Sync)","Moderate","","","No","3","No","Yes","Mid-Senior Career","No","","https://admissions.emeritus.org/programs/emeritus/professional-certificate-in-data-engineering-with-microsoft-azure?src_trk=em680a3aebd165d2.30287792886357090&utm_campaign=organic&utm_medium=EmWebsite&utm_source=google&_gl=1*ic5z79*_gcl_au*MTA2NjM2MDUyNy4xNzQ1NTA3MDc5*_ga*NjQ2NjMxNzg4LjE3NDU1MDExMzM.*_ga_Q6TD6R55VD*czE3NTA2MDM2MzEkbzI4JGcxJHQxNzUwNjA4NTg0JGozMSRsMCRoMTI5NjEwOTE5MQ..","v3"
"Emeritus","Global Executive Immersion: Silicon Valley","","6 Days","Hybrid","High","2025-10-12","2025-10-18","No","0","Yes","No","CXOs/Senior Leaders","No","","https://online.emeritus.org/global-executive-ai-immersion?src_trk=em680a3aebd165d2.302877921704543147&utm_campaign=organic&utm_medium=EmWebsite&utm_source=google&_gl=1*juyogx*_gcl_au*MTA2NjM2MDUyNy4xNzQ1NTA3MDc5*_ga*NjQ2NjMxNzg4LjE3NDU1MDExMzM.*_ga_Q6TD6R55VD*czE3NTA2MTg2MjQkbzI5JGcxJHQxNzUwNjIwNDk1JGo2MCRsMCRoNjg1NjQ3NjQ2","v3"
"Emeritus","Post Graduate Program in Data Science and AI","₹2,60,000","9 Months","Blended ( Async+ Live Sync or Classroom Sync)","Moderate","2025-09-29","","Certificate of completion","24","No","Yes","Tech Professionals","No","Bachelor's Degree or Higher","https://executive-ed.xpro.mit.edu/post-graduate-program-in-data-science-and-ai?src_trk=em680a3aebd165d2.3028779295613785&utm_campaign=organic&utm_medium=EmWebsite&utm_source=google","v3"
"Emeritus","Advanced Program in Technology Leadership and Innovation","₹3,85,000","9 Months","Blended ( Async+ Live Sync or Classroom Sync)","Moderate","2025-09-30","","Certificate of Completion","23","No","Yes","CXOs/Senior Leaders","No","Graduate or Diploma Holder","https://executive-ed.xpro.mit.edu/technology-leadership-and-innovation?src_trk=em680a3aebd165d2.3028779295613785&utm_campaign=organic&utm_medium=EmWebsite&utm_source=google","v3"
"Emeritus","Building AI Products and Services","₹1,91,000","12 Weeks","Online","Low","2025-09-30","","Certificate of completion","9","No","Yes","Technical Product Managers & Technology Professionals","No","No Prior Technical Knowledge Required","https://executive-ed.xpro.mit.edu/building-ai-products-and-services?src_trk=em680a3aebd165d2.3028779295613785&utm_campaign=organic&utm_medium=EmWebsite&utm_source=google","v3"
"Emeritus","Post Graduate Certificate in Cybersecurity","₹2,61,000","10 Months","Blended ( Async+ Live Sync or Classroom Sync)","Moderate","2025-09-30","","Certificate of completion","24","No","Yes","Mid-Senior Career Professionals","No","Graduate or Diploma Holder","https://executive-ed.xpro.mit.edu/post-graduate-certificate-in-cybersecurity?src_trk=em680a3aebd165d2.3028779295613785&utm_campaign=organic&utm_medium=EmWebsite&utm_source=google","v3"
"Emeritus","Post Graduate Program in AI and Machine Learning","₹2,65,000","9 months","Blended ( Async+ Live Sync or Classroom Sync)","Moderate","2025-09-18","","Certificate of completion","3","No","Yes","Product Managers & Product Owners","No","Bachelor's Degree or Higher","https://em-executive.berkeley.edu/post-graduate-program-in-ai-and-ml?src_trk=em680a3aebd165d2.302877921058966122&utm_campaign=organic&utm_medium=EmWebsite&utm_source=google","v3"
"Emeritus","Artificial Intelligence & GenAI: Business Strategies and Applications","₹1,49,000","3 Months","Blended ( Async+ Live Sync or Classroom Sync)","Moderate","2025-09-11","","Certificate of Completion","8","No","Yes","Mid-Senior Professionals","No","10 + Years","https://em-executive.berkeley.edu/artificial-intelligence-and-genai-business-strategies-and-applications?src_trk=em680a3aebd165d2.302877921058966122&utm_campaign=organic&utm_medium=EmWebsite&utm_source=google","v3"
"Emeritus","Professional Certificate in Instructional Design","₹3,02,000","5 months","Online","Low","","","No","6","No","Yes","Educators & Sales Team","No","","https://admissions.emeritus.org/programs/emeritus/professional-certificate-in-instructional-design?src_trk=em680a3aebd165d2.302877921058966122&utm_campaign=organic&utm_medium=EmWebsite&utm_source=google&_gl=1*1f0g2wo*_gcl_au*MTA2NjM2MDUyNy4xNzQ1NTA3MDc5*_ga*NjQ2NjMxNzg4LjE3NDU1MDExMzM.*_ga_Q6TD6R55VD*czE3NTE2MTgzOTkkbzM2JGcxJHQxNzUxNjIzMzk4JGo2MCRsMCRoMTE0OTMyMzQ.","v3"
"Emeritus","Professional Certificate in Data Engineering with Microsoft Azure","₹2,59,000","6 months","Live","High","","","No","3","No","Yes","Early - Mid Career Professionals","No","","https://admissions.emeritus.org/programs/emeritus/professional-certificate-in-data-engineering-with-microsoft-azure?src_trk=em680a3aebd165d2.302877921058966122&utm_campaign=organic&utm_medium=EmWebsite&utm_source=google&_gl=1*1gjzk93*_gcl_au*MTA2NjM2MDUyNy4xNzQ1NTA3MDc5*_ga*NjQ2NjMxNzg4LjE3NDU1MDExMzM.*_ga_Q6TD6R55VD*czE3NTE2MTgzOTkkbzM2JGcxJHQxNzUxNjIzMzk4JGo2MCRsMCRoMTE0OTMyMzQ.","v3"
"Emeritus","Global Executive Immersion: Silicon Valley","","6 Days","Classroom","High","2025-10-12","2025-10-18","","","Yes","No","CXOs/Senior Leaders","Yes","","https://online.emeritus.org/global-executive-ai-immersion?src_trk=em680a3aebd165d2.302877921058966122&utm_campaign=organic&utm_medium=EmWebsite&utm_source=google&_gl=1*otwrei*_gcl_au*MTA2NjM2MDUyNy4xNzQ1NTA3MDc5*_ga*NjQ2NjMxNzg4LjE3NDU1MDExMzM.*_ga_Q6TD6R55VD*czE3NTE2MTgzOTkkbzM2JGcxJHQxNzUxNjI0Mzk1JGo2MCRsMCRoMTE0OTMyMzQ.","v3"
"SP Jain","Leadership Essentials for First Time Managers","Rs. 25,000","2 Days","Live Online","High","2026-03-07","2026-03-13","No","","No","No","Emerging Leaders and Mid-level Executives","No","","Leadership Essentials for First Time Managers| SP Jain Executive Education","v3"
"SP Jain","Effective Business Communication Strategies","Rs. 24,000","12 hours","Live","High","2025-02-27","2025-02-28","No","","No","No","Junior-Mid Professionals","No","","https://executive-education.spjain.co.in/lp/effective-business-communication-strategies","v3"
"SP Jain","Creating the Winning Teams through Coaching and Mentoring","Rs. 22,000","12 hours","Live","High","2025-02-21","2025-03-28","No","4","No","No","Mid-Senior Management","No","","https://executive-education.spjain.co.in/open-programs/creating-the-winning-teams-through-coaching-and-mentoring","v3"
"SP Jain","Financial Acumen for Non-Finance Managers","Rs. 22,500","12 hours","Live","High","2025-03-13","2025-03-14","No","","No","No","Mid-Senior Management","No","","http://executive-education.spjain.co.in/financial-acumen-for-non-finance-managers","v3"
"SP Jain","Strategic Sourcing for Supply Chain Transformation","Rs. 22,500","12 hours","Live","High","2025-02-21","2025-02-22","No","","No","No","Mid-Senior Management","No","","https://executive-education.spjain.co.in/strategic-sourcing-for-supply-chain-transformation","v3"
"SP Jain","Data Driven Decision Making","Rs. 25,000","12 hours","Live","High","2025-03-06","2025-03-07","No","","No","No","Senior & Middle Level Professionals","No","","https://executive-education.spjain.co.in/data-driven-decision-making","v3"
"SP Jain","Application of AI and Gen AI Tools for Business Growth","Rs. 22,000","12 Hours","Live","High","2025-04-12","2025-04-19","No","6","No","No","Mid-Senior Leaders","No","","https://executive-education.spjain.co.in/open-programs/application-of-ai-and-gen-ai-tools-for-business-growth-program","v3"
"SP Jain","Global Board Readiness Program","Rs. 9,40,200","30 hours","Hybrid","High","2025-10-01","","Yes","","Yes","No","Mid-Senior Leaders","No","","https://executive-education.spjain.co.in/open-programs/global-board-readiness-program","v3"
"SP Jain","Change Management – Leading with Change","Rs. 17,000","8 hours","Live","High","2025-06-01","","No","","No","No","Senior & Middle Level Professionals","No","","https://executive-education.spjain.co.in/open-programs/change-management-leading-with-change","v3"
"SP Jain","Enhancing Personal Effectiveness","Rs. 20,000","12 hours","Live","High","June","","No","5","No","No","Mid-Senior Executives","No","","https://executive-education.spjain.co.in/open-programs/enhancing-personal-effectiveness","v3"
"SP Jain","Achieving Sales Growth in Pharma","Rs. 29,000","20 hours","Live","High","","","No","","No","No","Mid-Senior Pharma Managers","No","","https://executive-education.spjain.co.in/open-programs/pharma-organisations","v3"
"SP Jain","Reimagine HR for Future of Work","Rs. 25,000","20 hours","Live","High","","","No","6","No","No","Mid-Senior Leaders","No","","https://executive-education.spjain.co.in/open-programs/reimagine-hr-for-future-of-work","v3"
"SP Jain","Supply Chain Disruptions and Trends","Rs. 20,000","10 hours","Live","High","","","No","","No","No","Mid-Senior Managers","No","","https://executive-education.spjain.co.in/open-programs/supply-chain-disruptions-and-trends","v3"
"SP Jain","Fintech for Emerging Leaders","","20 hours","Live","High","","","No","","No","No","","No","","","v3"
"SP Jain","Service Excellence","Rs. 25,000","20 hours","Live","High","","","No","","No","No","Mid-Senior Managers","No","","https://executive-education.spjain.co.in/open-programs/service-excellence","v3"
"SP Jain","Strategic Leadership Program for High Potential Business Leaders","Rs. 50,000","45 hours","Live","High","2025-01-17","2025-05-09","No","","No","No","CXOs/ Senior Leaders","No","","https://executive-education.spjain.co.in/lp/strategic-leadership#Program_Content","v3"
"SP Jain","Achieving Sales Excellence – Institutional Selling","","18 hours","Live","High","","","No","","No","No","","No","","","v3"
"SP Jain","Strategic Branding Bootcamp","Rs. 22,500","12 hours","Live","High","2025-05-22","2025-05-24","No","6","No","No","Innovators","No","","https://executive-education.spjain.co.in/open-programs/branding-bootcamp","v3"
"SP Jain","Business Growth via New Product and Service Design","Rs. 20,000","12 hours","Live","High","","","No","","No","No","Mid-Senior Leaders","No","","https://executive-education.spjain.co.in/open-programs/business-growth-via-new-product-and-service-design","v3"
"SP Jain","Digital Leadership","Rs. 20,000","15 hours","Live","High","","","No","","No","No","Mid-Senior Managers","No","","https://executive-education.spjain.co.in/open-programs/digital-leadership","v3"
"SP Jain","Digital Supply Chain","Rs. 25,000","20 hours","Live","High","","","No","","No","No","Mid-Senior Managers","No","","https://executive-education.spjain.co.in/open-programs/digital-supply-chain","v3"
"SP Jain","E-Business Strategies for Business Model Innovation and Digital Transformation","Rs. 20,000","10 hours","Live","High","","","No","","No","No","CXOs/ Senior Leaders","No","","https://executive-education.spjain.co.in/open-programs/e-business-strategies-for-business-model-innovation-and-digital-transformation","v3"
"SP Jain","Emerging Leaders","Rs. 20,000","12 hours","Live","High","","","No","8","No","No","Senior Leaders","No","12 + Years","https://executive-education.spjain.co.in/open-programs/emerging-leaders","v3"
"SP Jain","Financial Literacy for Business Leaders","Rs. 16,500","12 hours","Live","High","","","No","","No","No","Mid-Senior Managers","No","","https://executive-education.spjain.co.in/open-programs/financial-literacy-for-business-leaders","v3"
"SP Jain","HR Analytics","Rs. 25,000","20 hours","Live","High","","","No","","No","No","HR Professionals","No","","https://executive-education.spjain.co.in/open-programs/hr-analytics","v3"
"SP Jain","Impactful Sales Negotiation Strategies","Rs. 22,000","12 hours","Live","High","2025-03-06","2025-03-07","No","","No","No","Mid-Senior Managers","No","","https://executive-education.spjain.co.in/open-programs/impactful-sales-negotiation-strategies","v3"
"SP Jain","Lean Six Sigma Green Belt Certification","Rs. 25,000","24 hours","Live","High","","","No","","No","No","Mid-Senior Managers","No","","https://executive-education.spjain.co.in/lean-six-sigma-green-belt-certification","v3"
"SP Jain","Manufacturing Excellence – World Class Manufacturing","Rs. 25,000","16 hours","Live","High","","","No","","No","No","Manufacturing Managers","No","10 + Years","https://executive-education.spjain.co.in/open-programs/manufacturing-excellence-world-class-manufacturing","v3"
"SP Jain","New PMP® Exam Preparatory Program","Rs. 20000","35 hours","Live","High","","","No","5","No","No","Mid-Senior Managers","No","","https://executive-education.spjain.co.in/project-management-professional","v3"
"SP Jain","Strategies for Coaching and Mentoring Teams","Rs. 20,000","10 hours","Live","High","2023-02-24","2023-02-25","No","","No","No","Mid-Senior Managers","No","","https://executive-education.spjain.co.in/open-programs/strategies-for-coaching-and-mentoring-teams","v3"
"SP Jain","Supply Chain Analytics","Rs. 18,000","12 hours","Live","High","","","No","6","No","No","Mid-Senior Managers","No","","https://executive-education.spjain.co.in/open-programs/supply-chain-analytics","v3"
"SP Jain","Women Leadership Program","Rs. 25,000","21 hours","Live","High","","","No","5","No","No","Senior Women Executives","No","","https://executive-education.spjain.co.in/lp/women-leadership-program","v3"
"SP Jain","Communication Excellence In Leadership","Rs. 25,000","12 hours","Live","High","2025-02-28","2025-03-01","No","4","No","No","Mid-Senior Managers","No","","https://executive-education.spjain.co.in/open-programs/leadership-communication","v3"
"SP Jain","Emotional Intelligence and the Art of Negotiation","Rs. 25,000","12 hours","Live","High","2025-02-20","2025-02-22","No","","No","No","Professionals in sales & Customer Service","No","","https://executive-education.spjain.co.in/open-programs/the-art-of-negotiation-and-conflict-resolution","v3"
"SP Jain","Product Excellence","Rs.25,000","12 Hours","Online","Moderate","June,2025","","Yes","4","Yes","Yes","Product Managers and Supervisors, Mid-level Professionals aiming for Leadership in Manufacturing","No","2 Years","https://executive-education.spjain.co.in/open-programs/production-excellence","v3"
"SP Jain","Digital First For BFSI Leaders","Rs.22,000","18 Hours","Live Online","High","June,2025","","Yes","8","No","Yes","Banking Executives, IT and Tech Team, Operations","No","Graduate or Diploma Holder","https://executive-education.spjain.co.in/digital-first-for-bfsi-leaders-executive-education-program-by-sp-jain-global","v3"
"SP Jain","HR as A Strategic Partner for Business Growth","Rs.25,000","12 Hours","Live Online","High","2026-03-14","2026-03-21","Yes","3","Yes","No","HR Professionals","No","No","https://executive-education.spjain.co.in/hr-as-a-strategic-partner-for-business-growth-sp-jain-executive-education","v3"
"HBS","Executive Certificate Programme in AI for Business","Rs.1,25,000","7 Months","Blended","Moderate","2025-05-31","","Yes","6","Yes","No","Mid-Senior Managers","No","No","https://tinyurl.com/msss99d5","v3"
"HBS","Executive Certificate Programme in Fintech & Blockchain","Rs.1,25,000","7 Months","Live","Moderate","2025-04-06","","Yes","6","Yes","No","Leaders & Banking Professionals","No","No","https://www.exed.hbs.edu/general-management-program","v3"
"HBS","Owner / President Management","52000","24 months (9 Weeks - 3 modules)","Classroom","High","2026-05-10","2026-05-29","Yes","3","Yes","No","Business Owners","No","No","https://www.exed.hbs.edu/owner-president-management","v3"
"HBS","Advance Management Programme","94000","3 months ( 11 weeks - 3 modules)","Blended","Moderate","2026-02-15","2026-05-01","Yes","3","Yes","No","CXOs/Senior Leaders","No","No","https://tinyurl.com/msss99d5","v3"
"HBS","General Management Programme","80000","4 Modules Presented over 16 Weeks","Blended","Moderate","2026-08-03","2026-11-20","Yes","4","Yes","No","Mid-Senior Career","No","No","https://www.exed.hbs.edu/general-management-program","v3"
"HBS","PLD Module 5","29750","9 Weeks","Blended ( Async+ Live Sync or Classroom Sync)","Moderate","2026-05-19","2026-07-24","Yes","","Yes","No","Mid-Senior Leaders","No","No","https://www.exed.hbs.edu/leadership-development-module-5","v3"
"HBS","Senior Executive Programme Africa","28000","14 Weeks","Blended ( Async+ Live Sync or Classroom Sync)","Moderate","2026-05-17","2026-08-21","Yes","3","Yes","No","CXOs/Senior Leaders","No","No","https://www.exed.hbs.edu/senior-executive-program-africa","v3"
"HBS","Managing Turbulance","19500","8 Weeks","Blended ( Async+ Live Sync or Classroom Sync)","Moderate","2025-10-08","2025-12-06","No","3","Yes","No","CXOs/Senior Leaders","No","No","https://www.exed.hbs.edu/managing-turbulence","v3"
"HBS","Managing Healthcare Delivery","28000","28 Weeks","Blended ( Async+ Live Sync or Classroom Sync)","Moderate","2025-10-26","2026-04-03","No","3","Yes","No","Clinical Leaders","No","10 + Years","https://pll.harvard.edu/course/managing-health-care-delivery","v3"
"HBS","Competing in the Age of AI","7250","9 Weeks","Live","High","2025-09-25","2025-11-20","No","0","No","No","Mid-Senior Leaders","No","No","Competing in the Age of AI—Virtual | Executive Education","v3"
"HBS","Driving Strategic Decisions","7250","6 Weeks","Live","High","2026-01-14","2026-02-25","No","0","No","No","Product Managers","No","10 + Years","https://www.exed.hbs.edu/driving-strategic-decisions-virtual","v3"
"HBS","Senior Executive Leadership Program—India","₹44,00,000","8 Months","Classroom","High","2026-01-12","2026-09-11","Yes","3","Yes","No","Senior Executives or Senior Functional Leaders","No","No","https://www.exed.hbs.edu/senior-executive-leadership-program-india","v3"
"HBS","Mastering Strategy Essentials","7250","4 Weeks","Live","High","2026-02-12","2026-03-19","No","0","No","No","Mid-Senior Executives","No","No","https://www.exed.hbs.edu/mastering-strategy-essentials-virtual","v3"
"HBS","Senior Executive Leadership Program—China","630,000 RMB","7 Weeks","Classroom","High","2025-09-07","2026-04-24","Yes","6","Yes","No","Senior Leaders/Entrepreneurs","No","No","Senior Executive Leadership Program—China | Executive Education","v3"
"HBS","Senior Executive Leadership Program—Middle East","85000","7 Weeks","Classroom","High","2025-12-14","2026-08-28","Yes","4","Yes","No","Senior Leaders/Entrepreneurs","No","No","Senior Executive Leadership Program—Middle East | Executive Education","v3"
"HBS","Programme For Leadership Development","56000","28 Weeks","Hybrid","High","2025-12-02","2026-06-26","Yes","4","Yes","No","Mid-Senior Leaders","No","No","https://www.exed.hbs.edu/leadership-development","v3"
"HBS","Finance For Senior Executives","14500","11 Days","Hybrid","High","2025-09-11","2025-09-27","No","2","Yes","No","Executives from Different Domain","No","No","https://www.exed.hbs.edu/finance-senior-executives","v3"
"HBS","Risk Management for Corporate Leaders","9000","11 Days","Live","High","2025-12-01","2025-12-11","No","0","No","No","CXOs/Senior Leaders","No","No","https://www.exed.hbs.edu/risk-management-corporate-leaders-virtual","v3"
"HBS","Driving Nonprofit Performance and Innovation","4400","9 Days","Live","High","2026-04-16","2026-04-24","No","0","No","No","CXOs/Senior Leaders","No","No","Driving Nonprofit Performance and Innovation—Virtual | Executive Education","v3"
"HBS","Ascending the Peak: Finding the Leader Within","6000","8 Weeks","Live","High","2026-04-01","2026-05-27","No","0","No","No","Mid- Career Professionals","No","No","Ascending the Peak: Finding the Leader Within—Virtual | Executive Education","v3"
"HBS","Developing Yourself as a Leader","6000","11 Weeks","Live","High","2026-03-24","2026-06-09","No","0","No","No","Mid-Senior Leaders","No","No","Developing Yourself as a Leader—Virtual | Executive Education","v3"
"HBS","Advanced Corporate Director Seminar","TBH","TBH","Classroom","High","","","No","0","Yes","No","Executives who Finished 1 or 2 HBS Programs","No","No","Advanced Corporate Director Seminar | Executive Education","v3"
"HBS","Changing the Game: Negotiation and Competitive Decision-Making—Middle East","15500","6 Days","Classroom","High","2025-10-26","2025-10-31","No","0","Yes","No","Executives who deals with Business Development ,Strategic Alliances","No","No","Changing the Game: Negotiation and Competitive Decision-Making—Middle East | Executive Education","v3"
"HBS","Growing as an Enterprise Leader","18000","6 Days","Classroom","High","2026-05-17","2026-05-22","No","0","Yes","No","Senior Leaders","No","No","Growing as a Purposeful Leader | Executive Education","v3"
"HBS","High Potentials Leadership Program","18000","6 Days","Classroom","High","2025-10-19","2025-10-24","No","0","Yes","No","Senior Leaders","No","No","High Potentials Leadership Program | Executive Education","v3"
"HBS","Value Creation Through Effective Boards","7700","4 Days","Classroom","High","2025-05-19","2025-05-22","No","0","Yes","No","Senior Leaders","No","No","Value Creation Through Effective Boards | Executive Education","v3"
"HBS","Creating Brand Value","11750","4 Days","Classroom","High","2026-05-31","2026-06-03","No","0","Yes","No","CXOs/Senior Leaders","No","No","https://www.exed.hbs.edu/creating-brand-value","v3"
"HBS","Authentic Leader Development","16000","6 Days","Classroom","High","2025-12-07","2025-12-12","No","0","Yes","No","Senior Leaders","No","No","Authentic Leader Development | Executive Education","v3"
"HBS","Strategy: Building and Sustaining Competitive Advantage","18000","6 Days","Classroom","High","2025-12-14","2025-12-19","No","0","Yes","No","CXOs/Senior Leaders","No","No","Strategy: Building and Sustaining Competitive Advantage | Executive Education","v3"
"HBS","The Business of Entertainment, Media, and Sports","12750","4 Days","Classroom","High","2026-06-03","2026-06-06","No","0","Yes","No","Mid-Senior Executives","No","No","The Business of Entertainment, Media, and Sports | Executive Education | Executive Education","v3"
"HBS","Competing in the Age of AI","","","Classroom","High","","","No","0","Yes","No","Senior Leaders","No","No","Competing in the Age of AI | Executive Education","v3"
"HBS","Leadership for Senior Executives","18000","6 Days","Classroom","High","2026-03-08","2026-03-13","","0","Yes","No","Senior Executives","No","No","Leadership for Senior Executives | Executive Education","v3"
"HBS","China Leadership Renewal Program","18000","6 Days","Classroom","High","2025-06-15","2025-06-20","","0","Yes","No","CXOs/Senior Leaders","No","No","China Leadership Renewal Program | Executive Education","v3"
"HBS","Investment Management Workshop","","","Classroom","High","","","","0","Yes","No","Senior Executives","No","No","Investment Management Workshop | Executive Education","v3"
"HBS","Disruptive Innovation: Strategies for a Successful Enterprise","","","Classroom","High","","","","0","Yes","No","Senior Executives","No","No","Disruptive Innovation - HBS On Campus | Executive Education","v3"
"HBS","Leading Professional Service Firms","18000","6 Days","Classroom","High","2026-01-25","2026-01-30","","0","Yes","No","CXOs/Senior Leaders","No","No","Leading Professional Service Firms | Executive Education","v3"
"HBS","Driving Corporate Performance","","","Classroom","High","","","","0","Yes","No","Mid-Senior Executives","No","No","Driving Corporate Performance | Executive Education","v3"
"HBS","Public Education Leadership Project","$37,000 for a team of 8","5 Days","Classroom","High","2025-07-07","2025-07-11","","0","Yes","No","Urban School Leaders","No","No","Public Education Leadership Project | Executive Education","v3"
"HBS","Aligning Strategy and Sales","","","Classroom","High","","","","0","Yes","No","Business Executives","No","No","Aligning Strategy and Sales | Executive Education","v3"
"HBS","Making Corporate Boards More Effective","13000","4 days","Classroom","High","2025-11-12","2025-11-15","","0","Yes","No","Senior Leaders","No","No","Making Corporate Boards More Effective | Executive Education","v3"
"HBS","Changing the Game: Negotiation and Competitive Decision-Making","15500","6 Days","Classroom","High","2025-10-26","2025-10-31","","0","Yes","No","Business Executives","No","No","Changing the Game: Negotiation and Competitive Decision-Making | Executive Education","v3"
"HBS","Compensation Committees: New Challenges, New Solutions","8000","3 Days","Classroom","High","2025-11-19","2025-11-21","","0","Yes","No","CXOs/Senior Leaders","No","No","Compensation Committees: New Challenges, New Solutions | Executive Education","v3"
"HBS","Audit Committees in a New Era of Governance","8000","3 Days","Classroom","High","2025-07-23","2025-07-25","","0","Yes","No","CXOs/Senior Leaders","No","No","Audit Committees in a New Era of Governance | Executive Education","v3"
"HBS","Global Colloquium on Participant-Centered Learning","8250","6 Days","Classroom","High","2025-07-27","2025-08-01","","0","Yes","No","Senior Leaders","No","No","Global Colloquium on Participant-Centered Learning | Executive Education","v3"
"HBS","Strategic Perspectives in Nonprofit Management","7500","7 Days","Classroom","High","2025-07-27","2025-08-02","","0","Yes","No","CXOs/Senior Leaders","No","No","Strategic Perspectives in Nonprofit Management | Executive Education","v3"
"HBS","Strategic Marketing for Driving Growth","15000","6 Days","Classroom","High","2025-09-28","2025-10-03","","0","Yes","No","Senior Marketing Executives","No","No","Strategic Marketing for Driving Growth | Executive Education","v3"
"HBS","Preparing to Be a Corporate Director","12500","4 days","Classroom","High","2025-10-01","2025-10-04","","0","Yes","No","CXOs/Senior Leaders","No","No","Preparing to Be a Corporate Director | Executive Education","v3"
"HBS","Succeeding as a Strategic CFO","12500","4 Days","Classroom","High","2025-10-05","2025-10-08","","0","Yes","No","Senior Leaders","No","No","Succeeding as a Strategic CFO | Executive Education","v3"
"HBS","Real Estate Management Program","15500","6 Days","Classroom","High","2025-11-02","2025-11-07","","0","Yes","No","Real Estate Owners","No","No","Real Estate Management Program | Executive Education","v3"
"HBS","Families in Business","18000","6 Days","Classroom","High","2025-11-09","2025-11-14","","0","Yes","No","Family Executives","No","No","Families in Business | Executive Education","v3"
"HBS","Designing and Executing Corporate Revitalization","15500","6 Days","Classroom","High","2025-11-30","2025-12-05","","0","Yes","No","CXOs/Senior Leaders","No","No","Designing and Executing Corporate Revitalization | Executive Education","v3"
"HBS","Women on Boards: Succeeding as a Corporate Director","14500","5 Days","Classroom","High","2025-12-01","2025-12-05","","0","Yes","No","Senior Business Woman","No","No","Women on Boards: Succeeding as a Corporate Director | Executive Education","v3"
"HBS","Leading and Building a Culture of Innovation","16000","6 Days","Classroom","High","2025-12-07","2025-12-12","","0","Yes","No","Mid-Senior Executives","No","No","Leading and Building a Culture of Innovation | Executive Education","v3"
"HBS","Mergers and Acquisitions","18000","6 Days","Classroom","High","2026-01-18","2026-01-23","","0","Yes","No","CXOs/Senior Leaders","No","No","Mergers and Acquisitions | Executive Education","v3"
"HBS","Launching New Ventures","19000","7 Days","Classroom","High","2026-02-22","2026-02-28","","0","Yes","No","Entrepreneurs","No","No","https://www.exed.hbs.edu/launching-new-ventures","v3"
"HBS","Foundations of Private Equity and Venture Capital","12000","4 Days","Classroom","High","2026-03-01","2026-03-04","","0","Yes","No","Entrepreneurs","No","No","Foundations of Private Equity and Venture Capital | Executive Education","v3"
"HBS","The Women's Leadership Forum","14500","5 Days","Classroom","High","2026-03-02","2026-03-06","","0","Yes","No","Senior Business Woman","No","No","The Women's Leadership Forum | Executive Education","v3"
"HBS","Private Equity and Venture Capital","12750","4 Days","Classroom","High","2026-03-04","2026-03-07","","0","Yes","No","Entrepreneurs","No","No","Private Equity and Venture Capital | Executive Education","v3"
"HBS","Building a Legacy: Family Office Wealth Management","12750","4 Days","Classroom","High","2026-03-08","2026-03-11","","0","Yes","No","Family Executives","No","No","Building a Legacy: Family Office Wealth Management | Executive Education","v3"
"HBS","Leading Change and Organizational Renewal","18000","6 Days","Classroom","High","2026-03-15","2026-03-20","","0","Yes","No","Senior Executives","No","No","Leading Change and Organizational Renewal - HBS On Campus | Executive Education","v3"
"HBS","Driving Digital Strategy","15000","6 Days","Classroom","High","2026-03-29","2026-04-03","","0","Yes","No","Senior Executives","No","No","Driving Digital Strategy | Executive Education","v3"
"HBS","Advancing Women of Color in Leadership","6000","4 Days","Classroom","High","2026-04-08","2026-04-11","","0","Yes","No","Mid-Level managers","No","No","Advancing Women of Color in Leadership | Executive Education","v3"
"HBS","Leading in the Digital Era","15000","6 Days","Classroom","High","2026-04-26","2026-05-01","","0","Yes","No","Senior Executives","No","No","Leading in the Digital Era | Executive Education","v3"
"HBS","Leading Global Businesses","18000","6 Days","Classroom","High","2026-05-31","2026-06-05","","0","Yes","No","Senior Leaders","No","No","Leading Global Businesses | Executive Education","v3"
"HBS","Rising Generation in the Family Enterprise","","","Classroom","High","","","","0","Yes","No","Senior Executives","No","No","Rising Generation in the Family Enterprise | Executive Education","v3"
"HBS","Strategic Negotiations: Dealmaking for the Long Term","15000","TBC","Classroom","High","2026-05-10","2026-05-15","","0","Yes","No","CXOs/Senior Leaders","No","No","Strategic Negotiations: Dealmaking for the Long Term | Executive Education","v3"
"HBS","Transforming Customer Experiences","15000","","Classroom","High","2026-04-26","2026-05-01","","0","Yes","No","Senior Executives","No","No","Transforming Customer Experiences - HBS On Campus | Executive Education","v3"
"HBS","Senior Executive Leadership Program—India","₹44,00,000","8 Months","Classroom","High","2026-01-12","2026-09-11","Yes","3","Yes","No","Senior Executives or Senior Functional Leaders","","","https://www.exed.hbs.edu/senior-executive-leadership-program-india","v3"
"Stanford","The Strategic Chief Sustainability Officer Program","19500","2.8 Months","Hybrid","High","2026-05-12","2026-07-31","No","2","Yes","No","Senior Leaders","No","","https://www.gsb.stanford.edu/exec-ed/programs/strategic-chief-sustainability-officer-program?program-location=online","v3"
"Stanford","Stanford Ignite – Post-9/11 Veterans","2500","4 Weeks","Live","High","2025-10-05","2025-10-30","No","0","No","No","U.S. post-9/11 veterans","No","","https://www.gsb.stanford.edu/exec-ed/programs/stanford-ignite-veterans","v3"
"Stanford","The Emerging COO: Driving Innovation and Operational Excellence","17500","3.4 Months","Hybrid","High","2026-01-26","2026-05-08","No","3","Yes","No","CXOs/Senior Leaders","No","","https://www.gsb.stanford.edu/exec-ed/programs/emerging-coo?program-location=online","v3"
"Stanford","Digital Transformation Playbook: Leverage Technology to Innovate Your Business","US$2,625","6 Weeks","Live","High","2025-09-18","","No","6","No","Yes","Mid-Senior Leaders","No","","https://em-execed.stanford.edu/digital-transformation-playbook?utm_source=stn&utm_medium=website&utm_campaign=school_website","v3"
"Stanford","Launching a Startup","","6 Weeks","Live","High","","","No","6","No","Yes","Aspiring Entrepreneurs/Innovators","No","","https://em-execed.stanford.edu/launching-a-startup?utm_source=stn&utm_campaign=school_website&utm_medium=website","v3"
"Stanford","Sustainability Strategies: Develop Initiatives to Transform Your Business","","8 Weeks","Live","High","","","No","8","No","Yes","Mid-Senior Leaders","No","","https://em-execed.stanford.edu/sustainability-strategies?utm_source=stn&utm_campaign=school_website&utm_medium=website","v3"
"Stanford","The Innovative Technology Leader","15000","1 Week","Classroom","High","2026-07-12","2026-07-17","No","0","Yes","No","Senior Leaders","No","10 to 15 + Years","https://www.gsb.stanford.edu/exec-ed/programs/innovative-technology-leader?program-location=in-person","v3"
"Stanford","Driving Innovation and New Ventures in Established Organizations","16000","1 Week","Classroom","High","2026-04-19","2026-04-24","No","0","Yes","No","Senior Leaders","No","10 + Years","https://www.gsb.stanford.edu/exec-ed/programs/driving-innovation-new-ventures-established-organizations?program-location=in-person","v3"
"Stanford","Stanford Ignite – Full-Time","14950","4 Weeks","Classroom","High","2026-06-21","2026-07-15","No","0","Yes","No","Students and Working Professionals","No","","https://www.gsb.stanford.edu/exec-ed/programs/stanford-ignite-full-time?program-location=in-person","v3"
"Stanford","Stanford LEAD Online Business Program","19200","12 Months","Live","High","2025-09-10","2026-09-11","No","0","No","NO","Mid-Senior Professionals","No","","https://www.gsb.stanford.edu/exec-ed/programs/stanford-lead-online-business-program","v3"
"Stanford","Stanford Executive Program","86000","6 Weeks - 14 Weeks","Hybrid","High","2025-10-25","2026-02-14","Yes","3","Yes","No","Senior Leaders","No","","https://www.gsb.stanford.edu/exec-ed/programs/stanford-executive-program?program-location=online","v3"
"Stanford","High-Potential Women Leaders Program","7800","9 Days","Live","High","2026-02-09","2026-02-19","No","0","No","No","Woman Leaders","No","","https://www.gsb.stanford.edu/exec-ed/programs/high-potential-women-leaders-program?program-location=online","v3"
"Stanford","The Emerging COO: Driving Innovation and Operational Excellence","17500","15 weeks - 16 weeks","Hybrid","High","2026-01-26","2026-05-08","No","3","Yes","No","CXOs/Senior Leaders","No","","https://www.gsb.stanford.edu/exec-ed/programs/emerging-coo?program-location=online","v3"
"Stanford","The Emerging CFO: Strategic Financial Leadership Program","29500","2 Weeks","Classroom","High","2026-02-22","2026-04-17","No","2","Yes","No","Senior Finance Executives","No","","https://www.gsb.stanford.edu/exec-ed/programs/emerging-cfo?program-location=in-person","v3"
"Stanford","Agile Leadership: Building Adaptability and Embracing Creativity","1500","60 Day Access","Online","Low","","","No","0","No","No","Mid-Senior Managers","No","","https://www.gsb.stanford.edu/exec-ed/programs/agile-leadership?program-location=online","v3"
"Stanford","Amplify Your Persuasive Impact","1500","60 Day Access","Online","Low","","","No","0","No","No","Mid-Senior Managers","No","","https://www.gsb.stanford.edu/exec-ed/programs/amplify-your-persuasive-impact?program-location=online","v3"
"Stanford","Coaching Skills for Effective Leadership","1500","60 Day Access","Online","Low","","","No","0","No","No","Mid-Senior Managers","No","","https://www.gsb.stanford.edu/exec-ed/programs/coaching-skills-effective-leadership?program-location=online","v3"
"Stanford","Create a Happy and Meaningful Life","1500","60 Day Access","Online","Low","","","No","0","No","No","Mid-Senior Managers","No","","https://www.gsb.stanford.edu/exec-ed/programs/create-happy-meaningful-life?program-location=online","v3"
"Stanford","Demystify Decision Making","1500","60 Day Access","Online","Low","","","No","0","No","No","Mid-Senior Managers","No","","https://www.gsb.stanford.edu/exec-ed/programs/demystify-decision-making?program-location=online","v3"
"Stanford","Disrupt Your Business","1500","60 Day Access","Online","Low","","","No","0","No","No","Mid-Senior Managers","No","","https://www.gsb.stanford.edu/exec-ed/programs/disrupt-your-business?program-location=online","v3"
"Stanford","Leverage Diversity and Inclusion for Organizational Excellence","1500","60 Day Access","Online","Low","","","No","0","No","No","Mid-Senior Managers","No","","https://www.gsb.stanford.edu/exec-ed/programs/leverage-diversity-inclusion-organizational-excellence?program-location=online","v3"
"Stanford","Master Storytelling for Authentic Leadership","1500","60 Day Access","Online","Low","","","No","0","No","No","Mid-Senior Managers","No","","https://www.gsb.stanford.edu/exec-ed/programs/master-storytelling-authentic-leadership?program-location=online","v3"
"Stanford","Sharpen Your Communication Skills","1500","60 Day Access","Online","Low","","","No","0","No","No","Mid-Senior Managers","No","","https://www.gsb.stanford.edu/exec-ed/programs/sharpen-your-communication-skills?program-location=online","v3"
"Stanford","Asian Leadership Program","15000","1 week","Classroom","High","2026-08-02","2026-08-07","No","0","Yes","No","Mid-Senior Executives","No","","https://www.gsb.stanford.edu/exec-ed/programs/asian-leadership-program?program-location=in-person&program-location=online","v3"
"Stanford","Interpersonal Dynamics for High-Performance Executives","17000","1 week","Classroom","High","2026-06-21","2026-06-26","No","0","yes","No","Senior Executives","No","","https://www.gsb.stanford.edu/exec-ed/programs/interpersonal-dynamics-high-performance-executives?program-location=in-person","v3"
"Stanford","Mergers and Acquisitions","16000","1 Week","Classroom","High","2026-07-12","2026-07-17","No","0","Yes","No","Senior Executives","No","10 + Years","https://www.gsb.stanford.edu/exec-ed/programs/mergers-acquisitions?program-location=in-person","v3"
"Stanford","Executive Leadership Development","16000","1 Week","Classroom","High","2026-03-29","2026-04-03","No","0","Yes","No","Mid Level Executives","No","","https://www.gsb.stanford.edu/exec-ed/programs/executive-leadership-development?program-location=in-person","v3"
"Stanford","Digital Transformation: Leading Organizational Change in the Age of AI","16000","1 week","Classroom","High","2026-06-07","2026-06-12","No","0","Yes","No","Senior Executives","No","","https://www.gsb.stanford.edu/exec-ed/programs/digital-transformation?program-location=in-person","v3"
"Stanford","Executive Program for Growing Companies","29500","2 Weeks","Classroom","High","2026-08-01","2026-08-14","No","0","Yes","No","CXOs/Senior Leaders","No","10 + Years","https://www.gsb.stanford.edu/exec-ed/programs/executive-program-growing-companies?program-location=in-person","v3"
"Stanford","Culture as a Competitive Advantage","9500","3 Days","Classroom","High","","","No","0","Yes","No","Senior Executives","No","15 + Years","https://www.gsb.stanford.edu/exec-ed/programs/culture-competitive-advantage?program-location=in-person","v3"
"Stanford","The Emerging CMO: Strategic Marketing Leadership","16000","1 week","Classroom","High","2026-08-09","2026-08-14","No","0","Yes","No","Senior Marketing Leaders","No","8 + Years","https://www.gsb.stanford.edu/exec-ed/programs/emerging-cmo?program-location=in-person","v3"
"Stanford","Executive Program in Strategy and Organization","29500","2 Weeks","Classroom","High","","","No","0","Yes","No","Senior Executives","No","15 + Years","https://www.gsb.stanford.edu/exec-ed/programs/executive-program-strategy-organization?program-location=in-person","v3"
"Stanford","People, Culture, and Performance: Strategies from Silicon Valley","16000","1 week","Classroom","High","","","No","0","Yes","No","Senior Leaders","No","","https://www.gsb.stanford.edu/exec-ed/programs/people-culture-performance?program-location=in-person","v3"
"Stanford","Stanford-NUS Executive Program in International Management","23990","2 Weeks","Classroom","High","2025-08-16","2025-08-30","No","0","Yes","No","General Manager 15 + Years","No","","https://www.gsb.stanford.edu/exec-ed/programs/stanford-nus-executive-program?program-location=in-person","v3"
"Stanford","Innovative Product Leadership: The Emerging Chief Product Officer","16000","1 Week","Classroom","High","2025-08-24","2025-08-29","No","0","Yes","No","Senior Product Managers","No","","https://www.gsb.stanford.edu/exec-ed/programs/innovative-product-leadership?program-location=in-person","v3"
"Stanford","Managing Risk and Reputation in a Complex World","15000","1 week","Classroom","High","2025-08-24","2025-08-29","No","0","Yes","No","Senior Executives","No","10 + years","https://www.gsb.stanford.edu/exec-ed/programs/managing-risk-reputation-complex-world?program-location=in-person","v3"
"Stanford","Design Thinking Bootcamp: Make Impact and Drive Growth in Your Organization","14000","3.5 Days","Classroom","High","2025-09-09","2025-09-12","No","0","Yes","No","Mid-Senior Leaders","No","","https://www.gsb.stanford.edu/exec-ed/programs/design-thinking-bootcamp?program-location=in-person","v3"
"Stanford","Leading Change and Organizational Renewal","17000","1 Week","Classroom","High","2025-09-14","2025-09-19","No","0","Yes","No","Senior Executives","No","","https://www.gsb.stanford.edu/exec-ed/programs/leading-change-organizational-renewal?program-location=in-person","v3"
"Stanford","Black Leaders Program","15000","1 week","Classroom","High","2025-09-21","2025-09-26","No","0","Yes","No","Senior Leaders","No","","https://www.gsb.stanford.edu/exec-ed/programs/black-leaders-program?program-location=in-person","v3"
"Stanford","Influence and Negotiation Strategies Program","15000","1 week","Classroom","High","2025-09-28","2025-10-03","No","0","Yes","No","Senior Managers","No","","https://www.gsb.stanford.edu/exec-ed/programs/influence-negotiation-strategies-program?program-location=in-person","v3"
"Stanford","Customer-Focused Innovation","17500","1 Week","Classroom","High","2025-10-05","2025-10-10","No","0","Yes","No","CXOs/Senior Leaders","No","","https://www.gsb.stanford.edu/exec-ed/programs/customer-focused-innovation?program-location=in-person","v3"
"Stanford","Directors’ Consortium","16000","1 week","Classroom","High","2025-10-13","2025-10-17","No","0","Yes","No","Board memebers of Public & Private Companies","No","","https://www.gsb.stanford.edu/exec-ed/programs/directors-consortium?program-location=in-person","v3"
"Stanford","Executive Program in Leadership: The Effective Use of Power","16000","1 Week","Classroom","High","2025-11-09","2025-11-14","No","0","Yes","No","Mid-Senior Leaders","No","","https://www.gsb.stanford.edu/exec-ed/programs/executive-program-leadership?program-location=in-person","v3"
"Stanford","Finance and Accounting for the Nonfinancial Executive","15000","1 week","Classroom","High","2026-01-25","2026-01-30","No","0","Yes","No","Mid-Senior Executives","No","","https://www.gsb.stanford.edu/exec-ed/programs/finance-accounting-nonfinancial-executive?program-location=in-person","v3"
"Stanford","Executive Leadership Development","16000","1 Week","Classroom","High","2026-03-29","2026-04-03","No","0","Yes","No","Mid-Level Executives","No","10 + Years","https://www.gsb.stanford.edu/exec-ed/programs/executive-leadership-development?program-location=in-person","v3"
"Stanford","Harnessing AI for Breakthrough Innovation and Strategic Impact","16750","1 week","Classroom","High","2025-10-19","2025-10-24","No","0","Yes","No","Senior Level Executives","No","","https://www.gsb.stanford.edu/exec-ed/programs/harnessing-ai-breakthrough-innovation-strategic-impact?program-location=in-person","v3"
"Stanford","Executive Program in Women’s Leadership","16000","1 week","Classroom","High","2026-04-26","2026-05-01","No","0","Yes","No","Senior Female Leaders","No","12 + Years","https://www.gsb.stanford.edu/exec-ed/programs/executive-program-womens-leadership?program-location=in-person","v3"
"Stanford","Executive Program for Nonprofit Leaders","","6 Days","Classroom","High","2026-05-24","2026-05-29","No","0","Yes","No","Senior NonProfit Leaders","No","","https://www.gsb.stanford.edu/exec-ed/programs/executive-program-nonprofit-leaders?program-location=in-person","v3"
"Stanford","LGBTQ Executive Leadership Program","15000","1 Week","Classroom","High","","","No","0","Yes","No","Mid-Senior LGBTQ Executives","No","10 + Years","https://www.gsb.stanford.edu/exec-ed/programs/lgbtq-executive-leadership-program?program-location=in-person","v3"
"Stanford","Managing Teams for Innovation and Success","15000","1 Week","Classroom","High","","","No","0","Yes","No","Senior Managers","No","","https://www.gsb.stanford.edu/exec-ed/programs/managing-teams-innovation-success?program-location=in-person","v3"
"Stanford","The Strategic Sustainability Leader Program","19500","","Hybrid","High","2026-05-12","2026-07-31","","2","Yes","No","Experienced, Emerging, and aspiring Chief sustainability leaders","","","https://www.gsb.stanford.edu/exec-ed/programs/strategic-sustainability-leader-program","v3"
"Stanford","The AI-Powered Organization","17500","","Classroom","High","2026-08-09","2026-08-14","","0","Yes","No","C-Suites, Senior Executives and Leaders from all Industries","","","https://www.gsb.stanford.edu/exec-ed/programs/ai-powered-organization?program-topic=design-thinking,entrepreneurship,innovation,strategy,technology--operations","v3"
"Wharton","Asset and Portfolio Management Certificate Program","3000","12 Weeks","Online","Low","","","No","","No","No","Early-Mid Financial Professionals","No","","https://executiveeducation.wharton.upenn.edu/for-individuals/all-programs/asset-and-portfolio-management-certificate/","v3"
"Wharton","Business Analytics: From Data to Insights","2536","9 Weeks","Blended ( Async+ Live Sync or Classroom Sync)","Moderate","2025-08-28","","No","9","No","No","CXOs/Senior Leaders","No","","https://online-execed.wharton.upenn.edu/business-analytics?utm_source=whartonweb","v3"
"Wharton","Digital Leadership Certificate Program","3000","16 weeks","Online","Low","","","No","","No","No","Early-Mid Professionals","No","","https://online.wharton.upenn.edu/digital-leadership-certificate/","v3"
"Wharton","Digital Marketing Certificate Program","2800","24 Weeks","Online","Low","","","No","","No","No","Marketing Managers/Business Owner","No","","https://online.wharton.upenn.edu/digital-marketing/","v3"
"Wharton","Leadership and Management Certificate Program & Courses","4400","24 Weeks","Online","Low","","","No","","No","No","Managers / Leaders","No","","https://online.wharton.upenn.edu/leadership-and-management-certificate/","v3"
"Wharton","People Management for Emerging Leaders","5500","6 Weeks","Blended ( Async+ Live Sync or Classroom Sync)","Moderate","2025-09-11","2025-10-23","No","","No","No","Managers/ Entrepreneurs","No","","https://executiveeducation.wharton.upenn.edu/for-individuals/all-programs/people-management-for-emerging-leaders/","v3"
"Wharton","Strategies for Accountable AI","8000","8 Weeks","Blended ( Async+ Live Sync or Classroom Sync)","Moderate","2025-09-24","2025-12-10","No","","No","No","Mid-Senior Career","No","","https://executiveeducation.wharton.upenn.edu/for-individuals/all-programs/strategies-for-accountable-ai/","v3"
"Wharton","Wharton ESG Essentials","4500","4 Weeks","Blended ( Async+ Live Sync or Classroom Sync)","Moderate","2025-09-23","2025-10-21","No","","No","No","CXOs/Senior Leaders","No","","https://executiveeducation.wharton.upenn.edu/for-individuals/all-programs/esg-essentials/","v3"
"Wharton","Wharton ESG Executive Certificate for Senior Leaders","7000","8 Weeks","Blended ( Async+ Live Sync or Classroom Sync)","Moderate","2025-09-23","2025-11-18","No","","No","No","CXOs/Senior Leaders","No","","https://executiveeducation.wharton.upenn.edu/for-individuals/all-programs/esg-executive-certificate-for-senior-leaders/","v3"
"Wharton","Chief Human Resources Officer (CHRO) Program","19750","12 Months","Hybrid","Moderate","2025-09-24","No","Yes","3","Yes","Yes","CXOs/Senior Leaders","No","10 + Years","https://online-execed.wharton.upenn.edu/chief-human-resources-officer-program?utm_source=WhartonWeb","v3"
"Wharton","Chief Strategy Officer (CSO) Program","20300","10 months","Hybrid","Moderate","2025-09-25","","Yes","3","Yes","Yes","CXOs/Senior Leaders","No","10 + Years","https://online-execed.wharton.upenn.edu/chief-strategy-officer-program?utm_source=wh&utm_campaign=school_website&utm_medium=website","v3"
"Wharton","Chief Technology Officer (CTO) Program","20000","12 Months","Hybrid","Moderate","2025-09-18","","Yes","18","Yes","Yes","CXOs/Senior Leaders","No","10 + Years","https://online-execed.wharton.upenn.edu/chief-technology-officer-program?utm_source=WhartonWeb","v3"
"Wharton","Entrepreneurship Acceleration Program","","3 Months","Blended ( Async+ Live Sync or Classroom Sync)","Moderate","","","No","11","No","Yes","Entrepreneurs","No","","https://online-execed.wharton.upenn.edu/entrepreneurship?utm_medium=EmWebsite&utm_content=University&utm_term=Wharton-Executive-Education&utm_campaign=direct_EmWebsite_University_Wharton-Executive-Education","v3"
"Wharton","HR Management and Analytics: Unlock the Value of Human Capital","2576","2 Months","Blended ( Async+ Live Sync or Classroom Sync)","Moderate","2025-08-21","","No","7","No","No","HRs/Senior Leaders","No","","https://online-execed.wharton.upenn.edu/hr-management?utm_source=whartonweb","v3"
"Wharton","Leadership Program in AI and Analytics","16500","6 Months","Blended ( Async+ Live Sync or Classroom Sync)","Moderate","2025-09-25","","Yes","4","Yes","Yes","CXOs/Senior Leaders","No","","https://online-execed.wharton.upenn.edu/leadership-program-in-ai-and-analytics?utm_source=wh&utm_campaign=school_website&utm_medium=website","v3"
"Wharton","Management Development Program","","6 Months","Blended ( Async+ Live Sync or Classroom Sync)","Moderate","","","Yes","7","No","No","Mid-Senior Mangers","No","","https://online-execed.wharton.upenn.edu/management-development-program","v3"
"Wharton","Managing Strategic Partnerships and Ecosystems","","","Live","High","","","No","","NO","No","Mid-Senior Executives","No","","https://executiveeducation.wharton.upenn.edu/for-individuals/all-programs/managing-strategic-partnerships-and-ecosystems/","v3"
"Wharton","Net-Zero Transformation","","","Live","High","","","No","","No","No","Executives & Senior Managers","No","","https://executiveeducation.wharton.upenn.edu/for-individuals/all-programs/net-zero-transformation/","v3"
"Wharton","Advanced Corporate Finance","12875","5 Days","Classroom","High","2025-09-15","2025-09-19","No","","Yes","No","CXOs/Senior Leaders","No","","https://executiveeducation.wharton.upenn.edu/for-individuals/all-programs/advanced-corporate-finance/","v3"
"Wharton","Advanced Finance Program","82500","","Classroom","High","","","No","","Yes","No","Finance Executives","No","","https://executiveeducation.wharton.upenn.edu/for-individuals/all-programs/advanced-finance-program/","v3"
"Wharton","Advanced Management Program","75000","35 Days","Classroom","High","2025-09-28","2025-10-31","No","","","","","No","","https://executiveeducation.wharton.upenn.edu/for-individuals/all-programs/advanced-management-program/","v3"
"Wharton","Analytics for Strategic Growth: AI, Smart Data, and Customer Insights","12875","5 Days","Classroom","High","2025-11-17","2025-11-21","No","","Yes","Yes","Senior-Level Managers","No","","https://executiveeducation.wharton.upenn.edu/for-individuals/all-programs/analytics-for-strategic-growth-ai-smart-data-and-customer-insights/","v3"
"Wharton","Assessing Commercial Real Estate Investments and Markets","10500","4 Days","Classroom","High","2025-12-09","2025-12-12","No","","Yes","No","Asset Manager & Chief Investment","No","","http://executiveeducation.wharton.upenn.edu/for-individuals/all-programs/assessing-commercial-real-estate-investments-and-markets/","v3"
"Wharton","Becoming a Leader of Leaders: Pathways for Success","15000","6 Days","Classroom","High","2025-09-21","2025-09-26","No","","Yes","No","Mid-Senior Career Leaders","No","","https://executiveeducation.wharton.upenn.edu/for-individuals/all-programs/becoming-a-leader-of-leaders-pathways-for-success/","v3"
"Wharton","Boards That Lead: Corporate Governance That Builds Value","6875","2 Days","Classroom","High","2026-02-03","2026-02-04","No","","Yes","No","Senior Executives","No","","https://executiveeducation.wharton.upenn.edu/for-individuals/all-programs/boards-that-lead-corporate-governance-that-builds-value/","v3"
"Wharton","Business Essentials for Executives","12875","5 Days","Classroom","High","2025-11-03","2025-11-07","No","","Yes","No","Managers/HRs","No","","https://executiveeducation.wharton.upenn.edu/for-individuals/all-programs/business-essentials-for-executives/","v3"
"Wharton","Business Model Innovation in the Age of AI","12875","5 Days","Classroom","High","2025-11-10","2025-11-14","No","","Yes","No","CXOs/Senior Managers","No","","https://executiveeducation.wharton.upenn.edu/for-individuals/all-programs/business-model-innovation-in-the-age-of-ai/","v3"
"Wharton","CEO Academy","20000","2 Days","Classroom","High","2025-11-18","2025-11-19","No","","Yes","No","Senior Executives/Mid-Market CEOs","No","","https://executiveeducation.wharton.upenn.edu/for-individuals/all-programs/ceo-academy/","v3"
"Wharton","Corporate Governance: Essentials for a New Business Era","10250","4 Days","Classroom","High","2026-04-07","2026-04-10","No","","Yes","No","CXOs/Senior Managers","No","","https://executiveeducation.wharton.upenn.edu/for-individuals/all-programs/corporate-governance-essentials-for-a-new-business-era/","v3"
"Wharton","Corporate Valuation","12875","5 Days","Classroom","High","2026-01-26","2026-01-30","No","","Yes","No","Mangers/Business Executives","No","","http://executiveeducation.wharton.upenn.edu/for-individuals/all-programs/corporate-valuation/","v3"
"Wharton","Distressed Asset Investing and Corporate Restructuring","12875","5 Days","Classroom","High","2025-08-11","2025-08-15","No","","Yes","No","CXOs/Senior Managers","No","","https://executiveeducation.wharton.upenn.edu/for-individuals/all-programs/distressed-asset-investing-and-corporate-restructuring/","v3"
"Wharton","Effective Decision Making: Thinking Critically and Rationally","12875","5 Days","Classroom","High","2025-11-17","2025-11-21","No","","Yes","No","Mid-Senior Executives","No","","https://executiveeducation.wharton.upenn.edu/for-individuals/all-programs/effective-decision-making-thinking-critically-and-rationally/","v3"
"Wharton","Effective Execution of Organizational Strategy","12875","5 Days","Classroom","High","2025-10-06","2025-10-10","No","","Yes","No","Professionals who deals with Strategic Initiatives","No","","https://executiveeducation.wharton.upenn.edu/for-individuals/all-programs/effective-execution-of-organizational-strategy/","v3"
"Wharton","Executive Development Program","30250","12 Days","Classroom","High","2025-09-15","2025-09-26","No","","Yes","No","Leaders from different background","No","","https://executiveeducation.wharton.upenn.edu/for-individuals/all-programs/executive-development-program/","v3"
"Wharton","Executive Influence: Increasing Your Impact with Persuasion and Power","13250","5 Days","Classroom","High","2025-10-13","2025-10-17","No","","Yes","No","Executives & Product Managers","No","","https://executiveeducation.wharton.upenn.edu/for-individuals/all-programs/executive-influence-increasing-your-impact-with-persuasion-and-power/","v3"
"Wharton","Executive Negotiation Workshop: Negotiate with Confidence","13250","5 Days","Classroom","High","2025-12-08","2025-12-12","No","","Yes","No","Negotiation Officers from different work Unit","No","","https://executiveeducation.wharton.upenn.edu/for-individuals/all-programs/executive-negotiation-workshop/","v3"
"Wharton","Family Wealth Management: Advanced Financial Strategies","12875","5 Days","Classroom","High","2025-11-03","2025-11-07","No","","Yes","No","Managers who manage Family Office","No","","https://executiveeducation.wharton.upenn.edu/for-individuals/all-programs/family-wealth-management-advanced-financial-strategies/","v3"
"Wharton","Finance and Accounting for the Non-Financial Manager","12875","5 Days","Classroom","High","2025-10-06","2025-10-10","No","","Yes","No","Managers of Non-Fianace Area","No","","https://executiveeducation.wharton.upenn.edu/for-individuals/all-programs/finance-and-accounting-for-the-non-financial-manager/","v3"
"Wharton","Fixed Income and Credit Market Investing","12875","5 Days","Classroom","High","2026-04-13","2026-04-17","No","","Yes","No","CXOs/Senior Managers","No","","http://executiveeducation.wharton.upenn.edu/for-individuals/all-programs/fixed-income-and-credit-market-investing/","v3"
"Wharton","General Management Program","82500","","Classroom","High","","","No","","Yes","No","Senior Exceutives","No","","https://executiveeducation.wharton.upenn.edu/for-individuals/all-programs/general-management-program/","v3"
"Wharton","Generative AI and Business Transformation","13250","4 Days","Classroom","High","2025-11-10","2025-11-13","No","","Yes","No","CXOs/Product Managers","No","","https://executiveeducation.wharton.upenn.edu/for-individuals/all-programs/generative-ai-and-business-transformation/","v3"
"Wharton","Global Strategic Leadership","10250","4 Days","Classroom","High","2026-05-11","2026-05-14","No","","Yes","No","Senior Exceutives","No","","https://executiveeducation.wharton.upenn.edu/for-individuals/all-programs/global-strategic-leadership/","v3"
"Wharton","Healthcare Leadership and Management: Leading Through Change","12500","5 Days","Classroom","High","2025-11-17","2025-11-21","No","","Yes","No","Healthcare Professionals","No","","https://executiveeducation.wharton.upenn.edu/for-individuals/all-programs/health-care-leadership-and-management-leading-through-change/","v3"
"Wharton","Hedge-Fund Shareholder Activism","10500","4 Days","Classroom","High","2026-04-27","2026-04-30","No","","Yes","No","Chief Investment Officers","No","","https://executiveeducation.wharton.upenn.edu/for-individuals/all-programs/hedge-fund-shareholder-activism/","v3"
"Wharton","High-Potential Leaders: Accelerating Your Impact","14500","5 Days","Classroom","High","2025-11-17","2025-11-21","No","","Yes","No","Senior Leaders","No","10 + Years","https://executiveeducation.wharton.upenn.edu/for-individuals/all-programs/high-potential-leaders-accelerating-your-impact/","v3"
"Wharton","Investment Strategies and Portfolio Management","13750","5 Days","Classroom","High","2025-10-20","2025-10-24","No","","Yes","No","Chief Investment Officers","No","","https://executiveeducation.wharton.upenn.edu/for-individuals/all-programs/investment-strategies-and-portfolio-management/","v3"
"Wharton","Leading AI and Digital Transformation","12875","5 Days","Classroom","High","2025-11-03","2025-11-07","No","","Yes","No","Leaders of Digital & Non-Digital Leaders","No","","https://executiveeducation.wharton.upenn.edu/for-individuals/all-programs/leading-digital-transformation/","v3"
"Wharton","Leading Organizational Change","10500","4 Days","Classroom","High","2026-02-02","2026-02-05","No","","Yes","No","Mid-Senior Managers","No","","https://executiveeducation.wharton.upenn.edu/for-individuals/all-programs/leading-organizational-change/","v3"
"Wharton","Leading and Managing People: Strategies for a Changing Workforce","12500","5 Days","Classroom","High","2025-09-08","2025-09-12","No","","Yes","No","Senior Leaders","No","","https://executiveeducation.wharton.upenn.edu/for-individuals/all-programs/leading-todays-talent-management-strategies-for-an-evolving-workforce/","v3"
"Wharton","Mergers and Acquisitions","15250","6 Days","Classroom","High","2026-01-18","2026-01-23","No","","Yes","No","Senior Leaders","No","","https://executiveeducation.wharton.upenn.edu/for-individuals/all-programs/mergers-and-acquisitions/","v3"
"Wharton","Pricing Strategies: Measuring, Capturing, and Retaining Value","","5 Days","Classroom","High","","","No","","Yes","No","Mid-Senior Executives","No","","https://executiveeducation.wharton.upenn.edu/for-individuals/all-programs/pricing-strategies-measuring-capturing-and-retaining-value/","v3"
"Wharton","Private Equity: Investing and Creating Value","14500","6 Days","Classroom","High","2025-09-14","2025-09-19","No","","Yes","No","Chief Investment Officers","No","","https://executiveeducation.wharton.upenn.edu/for-individuals/all-programs/private-equity-investing-and-creating-value/","v3"
"Wharton","Private Wealth Management","","","Classroom","High","","","No","","Yes","No","Senior- Career Leaders","No","","https://executiveeducation.wharton.upenn.edu/for-individuals/all-programs/private-wealth-management/","v3"
"Wharton","Scaling Business for Profitable Growth","12875","5 Days","Classroom","High","2025-11-16","2025-11-20","No","","Yes","No","CXOs/Senior Leaders","No","","https://executiveeducation.wharton.upenn.edu/for-individuals/all-programs/scaling-business-for-profitable-growth/","v3"
"Wharton","Strategic Marketing for Competitive Advantage","12875","5 Days","Classroom","High","2025-10-27","2025-10-31","No","","Yes","No","Managers & Executives of Different roles","No","","https://executiveeducation.wharton.upenn.edu/for-individuals/all-programs/strategic-marketing-for-competitive-advantage/","v3"
"Wharton","Strategy and Management for Competitive Advantage","12875","5 Days","Classroom","High","2025-09-29","2025-10-03","No","","Yes","No","Mid-Senior Level Executives","No","","https://executiveeducation.wharton.upenn.edu/for-individuals/all-programs/strategy-and-management-for-competitive-advantage/","v3"
"Wharton","The CFO: Becoming a Strategic Partner","15000","5 Days","Classroom","High","2025-10-13","2025-10-17","No","","Yes","No","Senior Financial Executives","No","","https://executiveeducation.wharton.upenn.edu/for-individuals/all-programs/the-cfo-becoming-a-strategic-partner/","v3"
"Wharton","The Neuroscience of Business: Innovations in Leadership and Strategic Decisions","12250","5 Days","Classroom","High","2026-05-04","2026-05-08","No","","Yes","No","CXOs/Senior Leaders","No","","https://executiveeducation.wharton.upenn.edu/for-individuals/all-programs/the-neuroscience-of-business-innovations-in-leadership-and-strategic-decisions/","v3"
"Wharton","Venture Capital","15250","6 Days","Classroom","High","2025-12-06","2025-12-11","No","","Yes","No","Investors","No","","https://executiveeducation.wharton.upenn.edu/for-individuals/all-programs/venture-capital/","v3"
"Wharton","Wharton Family Office Program: Balancing Family Harmony and Financial Prosperity","12875","5 Days","Classroom","High","2025-08-18","2025-08-22","No","","Yes","No","Managers of Family Office Business","No","","https://executiveeducation.wharton.upenn.edu/for-individuals/all-programs/wharton-family-office-program-balancing-family-harmony-and-financial-prosperity/","v3"
"Wharton","Wharton Finance for Executives","13000","5 Days","Classroom","High","2025-09-08","2025-09-12","No","","Yes","No","Non-Finance Leaders","No","","https://executiveeducation.wharton.upenn.edu/for-individuals/all-programs/wharton-finance-for-executives/","v3"
"Wharton","Wharton Nursing Leaders Program","7500","5 Days","Classroom","High","2025-12-15","2025-12-19","No","","Yes","No","Higher Level Nurse Managers","No","","https://executiveeducation.wharton.upenn.edu/for-individuals/all-programs/wharton-nursing-leaders-program/","v3"
"Wharton","Women on Boards: Building Exceptional Leaders","9850","4 Days","Classroom","High","2026-06-02","2026-06-05","No","","Yes","No","CXOs/Senior Leaders","No","","https://executiveeducation.wharton.upenn.edu/for-individuals/all-programs/women-on-boards-building-exceptional-leaders/","v3"
"Wharton","CUES CEO Institute 1: Strategic Planning Finance Program","","6 Days","Classroom","High","2025-07-27","2025-08-01","No","","Yes","No","Senior Executives","No","","https://executiveeducation.wharton.upenn.edu/for-individuals/all-programs/cues-ceo-institute-1-strategic-planning-finance-program/","v3"
"Wharton","Securities Industry Institute","","","Classroom","High","2026-03-08","2026-03-13","No","","Yes","No","Professionals from Finance Area","No","","https://executiveeducation.wharton.upenn.edu/for-individuals/all-programs/sifma-securities-industry-institute/","v3"
"Wharton","Wharton/ASIS Program for Security Executives: Making the Business Case for Security","","","Classroom","High","","","No","","Yes","No","Senior Managers","No","","https://executiveeducation.wharton.upenn.edu/for-individuals/all-programs/wharton-asis-program-for-security-executives/","v3"
"Wharton","AI in Marketing: Creating Customer Value in an AI-Driven Enterprise","9350","5 Days","Blended","Moderate","","","","8","Yes","","Senior Marketing & Strategy Leaders","","","https://executiveeducation.wharton.upenn.edu/for-individuals/all-programs/ai-in-marketing-creating-customer-value-in-an-ai-driven-enterprise/","v3"
"Wharton","Chief Financial Officer Program-India","","6 Months","Hybrid","High","","","","6","Yes","","Senior Finance Leaders, CXO's","","10 + Years","https://online-execed.wharton.upenn.edu/chief-financial-officer-india?_gl=1*13d91fr*_gcl_aw*R0NMLjE3NzA4MDU1MjYuQ2owS0NRaUE3ckRNQmhDakFSSXNBR0RCdUVCNVpxTTlRUF9jem8wVl9pTXpyT1djTjMwbUVwWXgyYmtuVHo4Y0VhOXNIN2tua0swUHJUb2FBaW1oRUFMd193Y0I.*_gcl_au*MTE3MzgzMzA0Ni4xNzY1ODc3OTY1*_ga*NDQzMjUxMTk2LjE3NDU1NzA4NzA.*_ga_K25YKFQT42*czE3NzA4MDU1MTkkbzI1JGcxJHQxNzcwODA3MzQzJGo1NyRsMCRoMA..","v3"
"Wharton","Chief Revenue Officer Program","20200","10 Months","Blended","Moderate","","","","3","Yes","Yes","Current and Aspiring CROs","","10 + Years","https://online-execed.wharton.upenn.edu/chief-human-resources-officer-program?utm_source=WhartonWeb&_gl=1*1f5ypp5*_gcl_aw*R0NMLjE3NzA4MDU1MjYuQ2owS0NRaUE3ckRNQmhDakFSSXNBR0RCdUVCNVpxTTlRUF9jem8wVl9pTXpyT1djTjMwbUVwWXgyYmtuVHo4Y0VhOXNIN2tua0swUHJUb2FBaW1oRUFMd193Y0I.*_gcl_au*MTE3MzgzMzA0Ni4xNzY1ODc3OTY1*_ga*NDQzMjUxMTk2LjE3NDU1NzA4NzA.*_ga_K25YKFQT42*czE3NzA4MDU1MTkkbzI1JGcxJHQxNzcwODA3NzA2JGo1OSRsMCRoMA..","v3"
"Insead","Advanced Management Programme","S$ 65,900","4 Weeks","Classroom","High","2026-02-23","2026-03-20","Yes","3","Yes","No","CXOs/Senior Leaders","No","12 + Years","https://www.insead.edu/executive-education/general-management/advanced-management-programme","v3"
"Insead","Transition to General Management","37000","4 Weeks","Classroom","High","2026-04-13","2026-06-19","Yes","2","Yes","No","Senior Functional Managers","No","8 + Years","https://www.insead.edu/executive-education/general-management/transition-general-management","v3"
"Insead","Leading Organisations in Disruptive Times","2470","6 Weeks","Online","Low","2026-04-13","","Yes","","No","No","Senior Executives","No","","https://www.insead.edu/executive-education/open-online-programmes/leading-organisations-disruptive-times","v3"
"Insead","Impactful Communication for Leader","2470","5 Weeks","Online","Low","2026-03-09","","No","","No","No","Executives across all leadership levels","No","","https://www.insead.edu/executive-education/open-online-programmes/leadership-communication-impact","v3"
"Insead","Developing Emerging Leaders","2050","5 Weeks","Online","Low","2026-05-04","","No","","No","No","Emerging Leaders","No","","https://www.insead.edu/executive-education/open-online-programmes/developing-emerging-leaders","v3"
"Insead","Strategy in the Age of AI and Digital Disruption","2050","5 Weeks","Online","Low","2026-05-11","","No","","No","No","Mid-Senior Executives","No","","https://www.insead.edu/executive-education/open-online-programmes/strategy-age-digital-disruption","v3"
"Insead","Business Strategy and Financial Performance","2470","7 Weeks","Online","Low","2026-04-20","","No","","No","No","Business Leaders","No","","https://www.insead.edu/executive-education/open-online-programmes/business-strategy-financial-performance","v3"
"Insead","Financial Analysis for Non-Financial Managers","1910","5 Weeks","Online","Low","2026-03-23","","No","","No","No","Mid-Senior Executives","No","","https://www.insead.edu/executive-education/open-online-programmes/financial-analysis-managers","v3"
"Insead","Business Strategy and Financial Performance","2470","7 Weeks","Online","Low","2026-04-20","","No","","No","No","Business Leaders","No","","https://www.insead.edu/executive-education/open-online-programmes/business-strategy-financial-performance","v3"
"Insead","Transforming Your Business with AI","2050","5 Weeks","Online","Low","2026-04-27","","No","","No","No","Mid-Senior Executives","No","","https://www.insead.edu/executive-education/open-online-programmes/transform-business-ai","v3"
"Insead","Strategy in the Age of AI and Digital Disruption","2050","5 Weeks","Online","Low","2026-05-11","","No","","No","No","Executives across all leadership levels","No","","https://www.insead.edu/executive-education/open-online-programmes/strategy-age-digital-disruption","v3"
"Insead","Driving Digital Marketing Strategy","","","Classroom","High","","","No","","Yes","No","Senior Managers","No","","https://www.insead.edu/executive-education/open-online-programmes/driving-digital-marketing-strategy","v3"
"Insead","Transforming Your Business with AI","2050","5 Weeks","Online","Low","2026-04-27","","No","","No","No","Executives across all leadership levels","No","","https://www.insead.edu/executive-education/open-online-programmes/transform-business-ai","v3"
"Insead","Leading Organisations in Disruptive Times","2470","6 Weeks","Online","Low","2026-04-13","","No","","No","No","Senior Executives","No","","https://www.insead.edu/executive-education/open-online-programmes/leading-organisations-disruptive-times","v3"
"Insead","Transforming Your Business with AI","2050","5 Weeks","Online","Low","2026-04-27","","No","","No","No","Executives across all leadership levels","No","","https://www.insead.edu/executive-education/open-online-programmes/transform-business-ai","v3"
"Insead","Advanced Negotiations","2470","4 Weeks","Online","Low","2026-04-13","","No","","No","No","Senior Leaders","No","","https://www.insead.edu/executive-education/open-online-programmes/advanced-negotiations","v3"
"Insead","Business Strategy and Financial Performance","2470","7 Weeks","Online","Low","2026-04-20","","No","","No","No","Business Leaders","No","","https://www.insead.edu/executive-education/open-online-programmes/business-strategy-financial-performance","v3"
"Insead","Executive Presence and Influence","2050","5 Weeks","Online","Low","2026-03-02","","No","","No","No","Executives across all leadership levels","No","","https://www.insead.edu/executive-education/open-online-programmes/executive-presence-influence","v3"
"Insead","Strategic Negotiations","2050","5 Weeks","Online","Low","","","No","","No","No","Managers","No","","https://www.insead.edu/executive-education/open-online-programmes/strategic-negotiations","v3"
"Insead","Advancing Diversity and Inclusion","2050","5 Weeks","Online","Low","","","No","","No","No","Senior Executives","No","","https://www.insead.edu/executive-education/open-online-programmes/advancing-diversity-inclusion","v3"
"Insead","Management Acceleration Programme","15950","2 Months","Hybrid","High","2026-06-15","","No","","No","No","Mid-Senior Managers","No","","https://www.insead.edu/executive-education/general-management/management-acceleration-programme","v3"
"Insead","Crisis Management for Boards","9500","3 Days","Classroom","High","2026-05-25","2026-05-27","No","","Yes","No","CXOs/Senior Leaders","No","","https://www.insead.edu/executive-education/corporate-governance/crisis-management-boards","v3"
"Insead","Corporate Strategy for Board Members","11800","5 days","Classroom","High","2026-06-15","2026-06-19","No","","Yes","No","CXOs/Senior Leaders","No","","https://www.insead.edu/executive-education/corporate-governance/corporate-strategy-board-members","v3"
"Insead","Aspiring Directors Programme","11800","5 Days","Classroom","High","2026-03-23","2026-03-27","No","","Yes","No","CXOs/Senior Leaders","No","","https://www.insead.edu/executive-education/corporate-governance/aspiring-directors-programme","v3"
"Insead","International Directors Programme","S$ 39,200","10 Days","Classroom","High","2026-06-08","2026-10-01","No","4","Yes","No","Non-Executive Directors of liosted & Private Corporation","No","","https://www.insead.edu/executive-education/corporate-governance/international-directors-programme","v3"
"Insead","Value Creation for Owners and Directors","11200","5 Days","Classroom","High","2026-04-06","2026-04-10","No","","Yes","No","Owners & Directors of Listed & Private Company","No","","https://www.insead.edu/executive-education/corporate-governance/value-creation-owners-directors","v3"
"Insead","Leading from the Chair","9900","3 Days","Classroom","High","2026-06-03","2026-06-05","No","","Yes","No","Chairs and Vice-Chairs of Board of Directors","No","","https://www.insead.edu/executive-education/corporate-governance/leading-from-the-chair","v3"
"Insead","AVIRA: Awareness, Vision, Imagination, Role, Action","24700","5 Days","Classroom","High","2026-05-14","2026-05-18","No","","Yes","No","CXOs/Senior Leaders","No","","https://www.insead.edu/executive-education/top-management/avira-awareness-vision-imagination-role-action","v3"
"Insead","The Challenge of Leadership","44200","20 Days","Classroom","High","2026-01-18","2027-12-17","No","4","Yes","No","Senior Leaders","No","","https://www.insead.edu/executive-education/top-management/challenge-leadership","v3"
"Insead","LEAP: Leadership Excellence through Awareness and Practice","S$ 65,900","20 Days","Classroom","High","2026-05-18","2026-10-30","No","3","Yes","No","Senior Executives","No","","https://www.insead.edu/executive-education/top-management/leap-leadership-excellence-awareness-practice","v3"
"Insead","Aspiring Women Leaders Programme","8750","3 Days","Classroom","High","2026-03-24","2026-03-26","No","","Yes","No","Mid-Senior Career Women Leaders","No","10 + Years","https://www.insead.edu/executive-education/leadership/aspiring-women-leaders-programme","v3"
"Insead","Learning to Lead","8600","4 Days","Classroom","High","2026-03-16","2026-03-19","No","","Yes","No","Professionals with Different Background","No","15 + Years","https://www.insead.edu/executive-education/leadership/learning-lead","v3"
"Insead","Leading Teams","11200","5 Days","Classroom","High","2026-05-11","2026-05-15","No","","Yes","No","CXOs/Senior Leaders & Senior Managers","No","2 + Years","https://www.insead.edu/executive-education/leadership/leading-teams","v3"
"Insead","Leading Change in an Age of Digital Transformation","9250","4 Days","Classroom","High","2026-05-11","2026-05-14","No","","Yes","No","Senior Executives & Managers","No","","https://www.insead.edu/executive-education/leadership/leading-change-age-digital-transformation","v3"
"Insead","High Impact Leadership Programme","S$ 16,200","5 Days","Classroom","High","2026-04-20","2026-04-24","No","","Yes","No","Senior Leaders","No","6 + Years","https://www.insead.edu/executive-education/leadership/high-impact-leadership-programme","v3"
"Insead","Leading for Results","11600","5 Days","Classroom","High","2026-03-16","2026-03-20","No","","Yes","No","Mid-Senior Managers/Executives","No","","https://www.insead.edu/executive-education/leadership/leading-results","v3"
"Insead","Collaborative Leadership","11200","5 Days","Classroom","High","2026-06-22","2026-06-26","No","","Yes","No","Senior Managers","No","","Collaborative Leadership | INSEAD","v3"
"Insead","The Leadership Transition","14950","7 Days","Classroom","High","2026-10-05","2027-01-20","No","2","Yes","No","Mid-Career Professionals","No","10+ Years","https://www.insead.edu/executive-education/leadership/leadership-transition","v3"
"Insead","Women Leaders Programme","9450","4 Days","Classroom","High","2026-05-11","2026-05-14","No","","Yes","No","Women Business Leaders","No","15 + Years","https://www.insead.edu/executive-education/leadership/women-leaders-programme","v3"
"Insead","Leading Successful Change","9450","4 Days","Classroom","High","2026-06-29","2026-07-02","No","","Yes","No","Mid-Senior Managers","No","20 + Years","https://www.insead.edu/executive-education/leadership/leading-successful-change","v3"
"Insead","Strategic Decision Making for Leaders","S$ 13,600","4 Days","Classroom","High","2026-03-16","2026-03-19","No","","Yes","No","Senior Executives","No","20 + Years","https://www.insead.edu/executive-education/leadership/strategic-decision-making-leaders","v3"
"Insead","Leading Across Borders and Cultures","11200","5 Days","Classroom","High","2026-06-01","2026-06-05","No","","Yes","No","Professionals with Different Background","No","","https://www.insead.edu/executive-education/leadership/leading-across-borders-cultures","v3"
"Insead","Leading Growth through Innovation and Technology","9800","4 Days","Classroom","High","2026-11-23","2026-11-26","No","","Yes","No","Senior Managers/Leaders","No","","https://www.insead.edu/executive-education/strategy/leading-growth-through-innovation-and-technology","v3"
"Insead","INSEAD Blue Ocean Strategy","S$ 15,900","5 Days","Classroom","High","2026-06-29","2026-07-03","No","","Yes","No","Business Owners/Senior Executives","No","","https://www.insead.edu/executive-education/strategy/blue-ocean-strategy","v3"
"Insead","Competitive Strategy","8750","3 Days","Classroom","High","2026-06-17","2026-06-19","No","","Yes","No","Executives who are running Business","No","","https://www.insead.edu/executive-education/strategy/competitive-strategy","v3"
"Insead","Strategy Execution Programme","17200","8 Days","Classroom","High","2026-04-13","2026-10-08","No","2","Yes","No","Senior Managers","No","","https://www.insead.edu/executive-education/strategy/strategy-execution-programme","v3"
"Insead","M&As and Corporate Strategy","11600","5 Days","Classroom","High","2026-05-18","2026-05-22","No","","Yes","No","CXOs/Senior Leaders","No","","https://www.insead.edu/executive-education/strategy/merger-acquisition-corporate-strategy","v3"
"Insead","Managing Partnerships and Strategic Alliances","S$ 16,100","5 Days","Classroom","High","2026-04-06","2026-04-10","No","","Yes","No","Senior Managers/ Executives","No","","https://www.insead.edu/executive-education/strategy/managing-partnerships-strategic-alliances","v3"
"Insead","INSEAD Business Sustainability Programme","S$ 16,800","5 Days","Classroom","High","2026-03-30","2026-04-03","No","","Yes","No","CXOs/Senior Leaders","No","","https://www.insead.edu/executive-education/strategy/business-sustainability-programme","v3"
"Insead","Strategic Management in Banking","11200","5 Days","Classroom","High","2026-04-13","2026-04-17","No","","Yes","No","Professionals with Different Background","No","","https://www.insead.edu/executive-education/finance/strategic-management-banking","v3"
"Insead","Strategic R&D Management","11200","5 Days","Classroom","High","2026-05-04","2026-05-08","No","","Yes","No","Senior Managers Who are invovled in Product Innovation","No","","https://www.insead.edu/executive-education/rd-and-operations-management/strategic-rd-management","v3"
"Insead","Strategic Marketing Programme","11200","5 Days","Classroom","High","2026-05-04","2026-05-08","No","","Yes","No","Executives who are about take Marketing Responsibilies","No","","https://www.insead.edu/executive-education/marketing-sales/strategic-marketing-programme","v3"
"Insead","Corporate Venturing and Innovation","11200","5 Days","Classroom","High","2026-03-02","2026-03-06","No","","Yes","No","Senior Executives","No","","https://www.insead.edu/executive-education/entrepreneurship/corporate-venturing-and-innovation","v3"
"Insead","Finance for Executives","S$ 21,200","8 Days","Classroom","High","2026-03-03","2026-03-11","No","","Yes","No","Non-Financial Executives","No","","https://www.insead.edu/executive-education/finance/finance-executives","v3"
"Insead","Advanced International Corporate Finance","11200","5 Days","Classroom","High","2026-05-11","2026-05-15","No","","Yes","No","Executives & Board Members","No","","https://www.insead.edu/executive-education/finance/advanced-international-corporate-finance","v3"
"Insead","Leading AI & Digital Transformation","11200","5 Days","Classroom","High","2026-04-20","2026-04-24","No","","Yes","No","Leaders & Senior Executives","No","","https://www.insead.edu/executive-education/digital-transformation-ai/leading-ai-and-digital-transformation","v3"
"Insead","AI for Business","11200","5 Days","Classroom","High","2026-04-06","2026-04-10","No","","Yes","No","Leaders & Senior Executives","No","","https://www.insead.edu/executive-education/digital-transformation-ai/ai-business","v3"
"Insead","Leading AI and Digital Marketing Strategy","11200","5 Days","Classroom","High","2026-05-04","2026-05-08","No","","Yes","No","Senior Marketing Professionals","No","","https://www.insead.edu/executive-education/marketing-sales/leading-digital-marketing-strategy","v3"
"Insead","Supply Chain Management","10950","5 Days","Classroom","High","2026-06-08","2026-06-12","No","","Yes","No","Mangers from Multiple Areas","No","","https://www.insead.edu/executive-education/rd-and-operations-management/supply-chain-management","v3"
"Insead","Entrepreneurship: New Business Ventures","10950","5 Days","Classroom","High","2026-07-13","2026-07-17","No","","Yes","No","Senior Managers & Leaders","No","","https://www.insead.edu/executive-education/entrepreneurship/entrepreneurship-new-business-ventures","v3"
"Insead","B2B Marketing Strategies","11600","5 Days","Classroom","High","2026-03-08","2026-03-12","No","","Yes","No","Senior Executives","No","","https://www.insead.edu/executive-education/marketing-sales/b2b-marketing-strategies","v3"
"Insead","Negotiation Dynamics","S$ 12,500","3 Days","Classroom","High","2026-06-23","2026-06-25","No","","Yes","No","Executives","No","10 + Years","https://www.insead.edu/executive-education/marketing-sales/negotiation-dynamics","v3"
"Insead","Leading the Effective Sales Force","S$ 16,100","5 Days","Classroom","High","2026-05-04","2026-05-08","No","","Yes","No","Mangers from Multiple Areas","No","","https://www.insead.edu/executive-education/marketing-sales/leading-effective-sales-force","v3"
"Insead","Essentials of Coaching","11600","5 Days","Classroom","High","2026-11-23","2026-11-27","No","","Yes","No","Mid-Senior Managers","No","","https://www.insead.edu/executive-education/coaching/essentials-coaching","v3"
"Insead","INSEAD Coaching Certificate","23100","12 Days","Classroom","High","2026-05-11","2027-01-21","No","2","Yes","No","Executives and Leaders","No","","https://www.insead.edu/executive-education/coaching/coaching-certificate","v3"
"Insead","Advanced Programme in Coaching Groups","9950","4.5 Days","Classroom","High","2026-07-06","2026-07-10","No","","Yes","No","Coaches & Team Leaders","No","","https://www.insead.edu/executive-education/coaching/advanced-programme-coaching-groups","v3"
"Insead","Lead the Future","19950","1 Year","Blended","High","2026-04-09","2027-03-24","No","4","No","No","Mid-Leaders & Senior Executives","No","","https://www.insead.edu/executive-education/open-online-programmes/lead-future","v3"
"Insead","INSEAD Leadership Programme for Senior Executives – India","US$43,000","1 Year","Hybrid","High","2026-08-01","","Yes","9","Yes","Yes","Senior Leaders","No","10 + Years of Work Experience","https://onlineprogrammes.insead.edu/leadership-programme-for-senior-executives?utm_source=insead&utm_campaign=school_website&utm_medium=website","v3"
"London Business School","Strategic Branding: From Behavioural Insights to Business Growth","£9,000","5 days","Classroom","High","2026-07-06","2026-07-10","No","","Yes","No","Marketing & Non-Marketing Professioanls","No","8 + Years","https://www.london.edu/executive-education/marketing/strategic-branding","v3"
"London Business School","Judgement at Work: Making Better Choices - Online","£495","8 hours","Online","Low","2026-04-09","2027-03-24","No","4","No","No","Mid-Level to C-suites","No","","https://www.london.edu/lbs-online/insight-series/judgement-at-work-making-better-choices","v3"
"London Business School","The Business of AI: Strategies for Leaders- Online","£2,305","10 weeks, 4-6 hours per week","Online","Low","2025-09-27","2027-03-06","No","5","No","No","CXOs/Senior Leaders","No","8 + Years","https://www.london.edu/lbs-online/the-business-of-ai-strategies-for-leaders#phase-i","v3"
"London Business School","Business Analytics in the Age of Generative AI - Online","£1,995","6 weeks, 4-5 hours per week","Online","Low","2026-02-20","2026-04-16","No","","No","No","Mid-Senior Executives","No","5 + Years","https://www.london.edu/lbs-online/business-analytics-in-the-age-of-generative-ai#how-you-learn","v3"
"London Business School","The Chief Financial Officer Programme","£26,500","7 months","Blended ( Async+ Live Sync or Classroom Sync)","Moderate","2025-12-09","2026-07-21","No","6","Yes","No","Senior Finance Executives","No","10 + Years","https://www.london.edu/executive-education/finance/the-chief-financial-officer-programme#how-you-learn","v3"
"London Business School","Executing Strategy for Results","£9,900","5.5 days","Classroom","High","2026-03-01","2026-03-06","No","","Yes","No","Mid-Senior Executives","No","10 + Years","http://london.edu/executive-education/strategy/executing-strategy-for-results#your-learning-experience","v3"
"London Business School","Executing Strategy for Saudi Leaders","£9,900","5.5 days","Classroom","High","2026-07-05","2026-07-10","No","","Yes","No","Senior Executives","No","10 + Years","https://www.london.edu/executive-education/strategy/executing-strategy-for-saudi-leaders#what-you-learn","v3"
"London Business School","Finance for Non-Finance Executives","£9,100","5.5 days","Classroom","High","2026-04-12","2026-04-17","No","","Yes","No","Senior Managers","No","10 + Years","https://www.london.edu/executive-education/finance/finance-for-non-finance-executives#what-you-learn","v3"
"London Business School","Project and Infrastructure Finance","£8,900","5 days","Classroom","High","2026-05-04","2026-05-08","No","","Yes","No","Professionals From Tech","No","9 + Years","https://www.london.edu/executive-education/finance/project-and-infrastructure-finance","v3"
"London Business School","Next-Level Leadership","£10,200","5 days","Classroom","High","2026-04-27","2026-05-01","No","","Yes","No","Senior Managers","No","10 + Years","https://www.london.edu/executive-education/leadership/next-level-leadership","v3"
"London Business School","Financial Stability: Managing Risk and Driving Growth","£5,900","3 days","Classroom","High","2026-07-06","2026-07-08","No","","Yes","No","Mid-Senior Executives","No","7 + Years","https://www.london.edu/executive-education/finance/financial-stability-managing-risk-and-driving-growth","v3"
"London Business School","Masterclass in Private Equity","£7,700","4 days","Classroom","High","2026-03-03","2026-03-06","No","","Yes","No","Senior Professionals with Operational or Finance Background","No","10 + Years","https://www.london.edu/executive-education/finance/masterclass-in-private-equity","v3"
"London Business School","Mergers and Acquisitions","£9,500","5 days","Classroom","High","2026-02-23","2026-02-27","No","","Yes","No","Senior Managers & Business Leaders","No","11 + Years","https://www.london.edu/executive-education/strategy/mergers-and-acquisitions","v3"
"London Business School","The Chief Financial Officer Programme – India","£20,000","6 months","Blended ( Async+ Live Sync or Classroom Sync)","Moderate","2025-07-04","2026-01-30","No","4","Yes","No","Senior Finance Professionals","No","10 + Years","https://www.london.edu/executive-education/our-work-with-organisations/corporate-partnerships/chief-financial-officer-programme-india","v3"
"London Business School","Leading Digital Transformation - Online","£1,995","8 weeks, 4-6 hours per week","Online","LOw","2026-05-29","2026-07-31","No","","No","No","Mid-Senior Professionals","No","5 + Years","https://www.london.edu/lbs-online/leading-digital-transformation#faqs","v3"
"London Business School","Building an AI Business: From Idea to Impact","£520","8 hours","Online","Low","","","No","7","No","No","Aspiring Entrepreneurs & Management Level Professionals","No","","https://www.london.edu/lbs-online/insight-series/building-an-ai-business-from-idea-to-impact#your-learning-experience","v3"
"London Business School","Sustainability Leadership and Corporate Responsibility - Online","£2,095","6 weeks, 4-5 hours per week","Online","Low","2026-02-18","2026-04-08","No","","No","No","Mid-Senior Managers","No","5 + Years","https://www.london.edu/lbs-online/sustainability-leadership-and-corporate-responsibility#what-you-learn","v3"
"London Business School","Business Analytics in the Age of Generative AI - Online","£2,305","6 weeks, 4-5 hours per week","Online","Low","2026-02-20","2026-04-16","No","","No","No","Mid-Senior Executives","No","5 + Years","https://www.london.edu/lbs-online/business-analytics-in-the-age-of-generative-ai","v3"
"London Business School","Accelerated Development Programme","£30,500","8 weeks","Blended ( Async+ Live Sync or Classroom Sync)","Moderate","2026-04-20","2026-06-20","No","4","Yes","No","Senior Managers","No","8 + Years","https://www.london.edu/executive-education/general-management/accelerated-development-programme","v3"
"London Business School","AI Product Development for Business Leaders","£520","8 hours","Online","Low","2026-03-02","2026-03-27","No","7","No","No","Mid-Senior Executives","No","5 + Years","https://www.london.edu/lbs-online/ai-product-development-for-business-leaders","v3"
"London Business School","Accounting and Financial Analysis","£8,900","5 days","Classroom","High","2026-04-27","2026-05-01","No","","Yes","No","Professionals from Finance","No","10 + Years","https://www.london.edu/executive-education/finance/accounting-and-financial-analysis","v3"
"London Business School","Senior Executive Programme","£40,300","2 x 2 weeks","Classroom","High","2026-03-02","2026-04-24","No","","Yes","No","Senior Execuitves","No","20 + Years","https://www.london.edu/executive-education/general-management/senior-executive-programme","v3"
"London Business School","Negotiating and Influencing Skills for Leaders - Online","£3,195","5 weeks","Online","Low","2026-03-02","2026-04-10","No","","No","No","Managers And Leaders","No","3 + years","https://www.london.edu/lbs-online/negotiating-and-influencing-skills-for-leaders","v3"
"London Business School","Leading the Family Office","£12,000","5 days","Classroom","High","2026-11-09","2026-11-13","No","","Yes","No","Family Office leaders / Owners","No","","https://www.london.edu/executive-education/finance/leading-the-family-office#what-you-learn","v3"
"London Business School","The Business of AI: Strategies for Leaders- Online","£2,305","10 weeks, 4-5 hours per week","Online","Low","2026-04-20","2026-07-04","No","5","No","No","CXOs/Senior Leaders","No","8 + Years","https://www.london.edu/lbs-online/the-business-of-ai-strategies-for-leaders","v3"
"London Business School","Cybersecurity and Digital Trust for Leaders - Online","£2,095","6 weeks, 4-5 hours per week","Online","Low","2026-02-16","2026-04-05","No","","No","No","Non-IT Executives","No","3 + Years","https://www.london.edu/lbs-online/cybersecurity-and-digital-trust-for-leaders","v3"
"London Business School","Building Diverse and Inclusive Teams - Online","£2,095","6 weeks, 4-5 hours per week","Online","Low","2026-04-22","2026-06-16","No","","No","No","Mid-Senior Executives","No","8 + Years","https://www.london.edu/lbs-online/building-diverse-and-inclusive-teams","v3"
"London Business School","Leading Digital Transformation - Online","£2095","8 weeks, 4-6 hours per week","Online","Low","2026-02-13","2026-04-17","No","","No","No","Mid-Senior Professionals","No","5 + Years","https://www.london.edu/lbs-online/leading-digital-transformation","v3"
"London Business School","Next-Level Leadership - Dubai","US$12,900","5 days","Classroom","High","2026-05-11","2026-05-15","No","","Yes","No","Senior Managers","No","10 + Years","https://www.london.edu/executive-education/courses-in-dubai/next-level-leadership","v3"
"London Business School","Beyond Pricing: Strategies for Business Growth","£7,200","4 days","Classroom","High","2026-07-20","2026-07-24","No","","Yes","No","Mid-Career & Senior Professionals","No","10 + Years","https://www.london.edu/executive-education/marketing/beyond-pricing-strategies-for-business-growth","v3"
"London Business School","Next Generation Digital Strategy","£9,700","5 days","Classroom","High","2026-07-05","2026-07-10","No","5","Yes","No","Senior Executives","No","12 + Years","https://www.london.edu/executive-education/digital-transformation-and-innovation/next-generation-digital-strategy","v3"
"London Business School","High Performance People Skills for Leaders","£10,200","5 days","Classroom","High","2026-04-27","2026-05-01","No","","Yes","No","Senior Managers","No","9 + Years","https://www.london.edu/executive-education/leadership/high-performance-people-skills-for-leaders","v3"
"London Business School","ESG Investing - Online","£2,095","6 weeks, 4-5 hours per week","Online","Low","2026-02-16","2026-02-20","No","","No","No","Investors / Company Executives","No","3 + Years","https://www.london.edu/lbs-online/esg-investing","v3"
"London Business School","Sustainability Leadership and Corporate Responsibility - Online","£2,095","6 weeks, 4-5 hours per week","Online","Low","2026-05-18","2026-07-07","No","","No","No","Mid- Senior Managers","No","5 + Years","https://www.london.edu/lbs-online/sustainability-leadership-and-corporate-responsibility","v3"
"London Business School","Fintech Forward: Strategies for Incumbents and Startups - Online","£2,095","6 weeks, 4-5 hours per week","Online","Low","2026-02-18","2026-04-08","No","","No","No","Senior Executives","No","3 + Years","https://www.london.edu/lbs-online/fintech-forward-strategies-for-incumbents-and-startups","v3"
"London Business School","High Performance People Skills for Leaders - Dubai","US$12,900","5 days","Classroom","High","2026-03-04","2026-04-24","No","","Yes","No","Senior Managers","No","9 + Yerars","https://www.london.edu/executive-education/courses-in-dubai/high-performance-people-skills-for-leaders","v3"
"London Business School","Leading Teams for Emerging Leaders - Dubai","US$12,200","5 days","Classroom","High","2026-06-01","2026-06-05","No","","Yes","No","Mid - Senior Career Leaders","No","5 + years","https://www.london.edu/executive-education/courses-in-dubai/leading-teams-for-emerging-leaders","v3"
"London Business School","Leading Teams for Emerging Leaders","£9,300","5 days","Classroom","High","2026-05-04","2026-05-08","No","","Yes","No","Mid - Senior Career Leaders","No","3 + Years","https://www.london.edu/executive-education/leadership/leading-teams-for-emerging-leaders","v3"
"London Business School","Scenario Planning for Strategic Resilience","£2,095","6 weeks, 4 to 5 hours per week","Online","Low","2026-05-11","2026-05-15","No","","No","No","Mid-Senior Level Managers","No","10 + Years","https://www.london.edu/lbs-online/scenario-planning-for-strategic-resilience","v3"
"London Business School","Strategic Investment Management","£8,800","5 days","Classroom","High","2026-03-01","2026-03-06","No","","Yes","No","Finance Professionals","No","5 + Years","https://www.london.edu/executive-education/finance/strategic-investment-management","v3"
"London Business School","HR Strategy in Transforming Organisations","£10,500","5 days","Classroom","High","2026-03-02","2026-04-17","No","","Yes","No","Senior Executives","No","15 + Years","https://www.london.edu/executive-education/strategy/hr-strategy-in-transforming-organisations","v3"
"London Business School","Strategy for Emerging Leaders","£8,300","5 days","Classroom","High","2026-05-11","2026-05-15","No","","YEs","No","Mid - Senior Career Leaders","No","3 + Years","https://www.london.edu/executive-education/strategy/strategy-for-emerging-leaders","v3"
"London Business School","Valuation","£8,900","5 days","Classroom","High","2026-05-11","2026-05-15","No","","Yes","No","Finance Professionals","No","8 + Years","https://www.london.edu/executive-education/finance/valuation","v3"
"London Business School","Project and Infrastructure Finance","£8,900","5 days","Classroom","High","2026-06-22","2026-06-26","No","","Yes","No","Finance Professionals","No","9 + Years","https://www.london.edu/executive-education/finance/project-and-infrastructure-finance","v3"
"London Business School","High Performance People Skills for Leaders","£10,200","5 days","Classroom","High","2026-05-11","2026-05-15","No","","Yes","No","Senior Managers","No","9 + Years","https://www.london.edu/executive-education/leadership/high-performance-people-skills-for-leaders","v3"
"London Business School","Data Science for Competitive Advantage","£9,500","5 days","Classroom","High","2026-05-04","2026-05-08","No","","Yes","No","Senior Executives","No","5 + Years","https://www.london.edu/executive-education/digital-transformation-and-innovation/data-science-for-competitive-advantage","v3"
"London Business School","Mergers and Acquisitions - Dubai","US$12,200","5 days","Classroom","High","2026-06-01","2026-06-05","No","","Yes","No","Senior Executives","No","8 + Years","https://www.london.edu/executive-education/courses-in-dubai/mergers-and-acquisitions#how-you-learn","v3"
"London Business School","Private Equity Negotiations","£7,700","4 days","Classroom","High","2026-06-01","2026-06-05","No","","Yes","No","Mid-Senior Level Career","No","10 + Years","https://www.london.edu/executive-education/finance/private-equity-negotiations","v3"
"London Business School","Masterclass in Private Equity","£7,700","4 days","Classroom","High","2026-05-18","2026-05-22","No","","Yes","No","Senior Professionals","No","10 + Years","https://www.london.edu/executive-education/finance/masterclass-in-private-equity","v3"
"London Business School","Leading Change for Organisational Transformation","£9,700","5 days","Classroom","High","2026-06-08","2026-06-11","No","","Yes","No","Senior Leaders","No","10 + Years","https://www.london.edu/executive-education/leadership/leading-change","v3"
"London Business School","Developing Strategy for Value Creation","£9,900","5.5 days","Classroom","High","2026-03-03","2026-03-06","No","","Yes","No","Senior Executives","No","10 + Years","https://www.london.edu/executive-education/strategy/developing-strategy-for-value-creation","v3"
"London Business School","Leading Teams for Emerging Leaders","£9,300","5 days","Classroom","High","2026-04-27","2026-05-01","No","","Yes","No","Mid-Senior Career Leaders","No","3 + Years","https://www.london.edu/executive-education/leadership/leading-teams-for-emerging-leaders","v3"
"London Business School","HR Strategy in Transforming Organisations","£10,500","5 days","Classroom","High","2026-04-26","2026-05-01","No","","Yes","No","Senior Executives","No","15 + Years","https://www.london.edu/executive-education/strategy/hr-strategy-in-transforming-organisations","v3"
"London Business School","Financial Strategies for Value Creation","£8,900","5 days","Classroom","High","2026-05-11","2026-05-15","No","","Yes","No","Finance Professionals","No","10 + Years","https://www.london.edu/executive-education/finance/financial-strategies-for-value-creation","v3"
"London Business School","Next-Level Leadership","£10,200","5 days","Classroom","High","2026-05-11","2026-05-15","No","","Yes","No","Senior Managers","No","10 + Years","https://www.london.edu/executive-education/leadership/next-level-leadership","v3"
"London Business School","High Performance People Skills for Leaders","£10,200","5 days","Classroom","High","2026-06-01","2026-06-05","No","","YEs","No","Senior Managers","No","9 + Years","https://www.london.edu/executive-education/leadership/high-performance-people-skills-for-leaders","v3"
"London Business School","The Chief Financial Officer Programme","£26,500","7 months","Blended ( Async+ Live Sync or Classroom Sync)","Moderate","2026-04-27","2026-05-01","No","","Yes","No","CXOs/Senior Leaders","No","10 + Years","https://www.london.edu/executive-education/finance/the-chief-financial-officer-programme","v3"
"London Business School","Finance for Non Finance Executives - Dubai","US$12,200","5 days","Classroom","High","2026-02-16","2026-02-20","No","","Yes","No","Senior Managers","No","10 + Years","https://www.london.edu/executive-education/courses-in-dubai/finance-for-non-finance-executives","v3"
"London Business School","Innovation Through Design Thinking - Online","£2,095","6 weeks, 4-5 hours per week","Online","Low","2025-12-09","2026-07-21","No","","Yes","No","CXOs/Senior Leaders","No","10 + Years","https://www.london.edu/lbs-online/innovation-through-design-thinking","v3"
"London Business School","Supply Chain Executive Leadership","£24,000","7 months","Blended ( Async+ Live Sync or Classroom Sync)","Moderate","2026-02-02","2026-02-06","No","3","No","No","CXOs/Senior Leaders","No","","https://www.london.edu/executive-education/leadership/supply-chain-executive-leadership","v3"
"London Business School","Executing Strategy for Results","£9,900","5.5 days","Classroom","High","2026-02-23","2026-04-13","No","","Yes","No","Senior Executives","No","10 + Years","https://www.london.edu/executive-education/strategy/executing-strategy-for-results","v3"
"London Business School","Global Executive Programme","£20,000","5 days","Classroom","High","2026-03-01","2026-09-01","No","","Yes","No","Senior Leaders","No","20 + Years","https://www.london.edu/executive-education/general-management/global-executive-programme","v3"
"London Business School","Senior Executive Programme","£40,300","2 x 2 weeks","Classroom","High","2026-03-01","2026-03-06","No","2","Yes","No","Senior Executives","No","15 + Years","https://www.london.edu/executive-education/general-management/senior-executive-programme","v3"
"London Business School","Masterclass in Private Equity","£7,700","4 days","Classroom","High","2026-03-23","2026-03-27","No","","Yes","No","Senior Professionals","No","10 + Years","https://www.london.edu/executive-education/finance/masterclass-in-private-equity","v3"
"London Business School","Leading Change for Organisational Transformation","£9,700","5 days","Classroom","High","2026-03-02","2026-04-24","No","","Yes","No","Senior Managers","No","10 + Years","https://www.london.edu/executive-education/leadership/leading-change","v3"
"London Business School","Accelerated Development Programme","£30,500","8 weeks, 4-6 hours per week","Blended ( Async+ Live Sync or Classroom Sync)","Moderate","2026-03-03","2026-03-06","No","4","Yes","No","Senior Managers","No","8 + Years","https://www.london.edu/executive-education/general-management/accelerated-development-programme","v3"
"London Business School","Next Generation Digital Strategy","£9,700","5 days","Classroom","High","2026-03-09","2026-03-13","No","","Yes","No","Senior Executives","No","12 + Years","https://www.london.edu/executive-education/digital-transformation-and-innovation/next-generation-digital-strategy","v3"
"London Business School","Strategic Investment Management","£8,800","5 days","Classroom","High","2026-04-20","2026-06-20","No","","Yes","No","Finance Professionals","No","9 +","https://www.london.edu/executive-education/finance/strategic-investment-management","v3"
"London Business School","Accounting and Financial Analysis","£8,900","5 days","Classroom","High","2026-04-27","2026-05-01","No","","Yes","No","Finance Professionals","No","10 + Years","https://www.london.edu/executive-education/finance/accounting-and-financial-analysis","v3"
"London Business School","Venture Capital: Financing the Entrepreneurial Business","£8,500","5 days","Classroom","High","2026-05-11","2026-05-15","No","","Yes","No","Entrepreneurs","No","","https://www.london.edu/executive-education/finance/financing-the-entrepreneurial-business","v3"
"London Business School","Developing Strategy for Value Creation","£9,900","5.5 days","Classroom","High","2026-04-27","2026-05-01","No","","Yes","No","Senior Executives","No","10 + Years","https://www.london.edu/executive-education/strategy/developing-strategy-for-value-creation","v3"
"London Business School","Leading Teams for Emerging Leaders","£9,300","5 days","Classroom","High","2026-04-13","2026-04-17","No","","Yes","No","Mid - Senior Career Leaders","No","3 + Years","https://www.london.edu/executive-education/leadership/leading-teams-for-emerging-leaders","v3"
"London Business School","Women in Leadership","£8,950","5 days","Classroom","High","2026-04-26","2026-05-01","No","","Yes","No","Female Leaders","No","7 + Years","https://www.london.edu/executive-education/leadership/women-in-leadership","v3"
"London Business School","Mastering Digital Transformation","£9,500","5.5 days","Classroom","High","2026-05-11","2026-05-15","No","","Yes","No","Senior Leaders","No","10 + Years","https://www.london.edu/executive-education/digital-transformation-and-innovation/mastering-digital-transformation","v3"
"London Business School","Leading Businesses into the Future","£12,800","5.5 days","Classroom","High","2026-05-18","2026-05-22","No","","Yes","No","Senior Leaders","No","14 + Years","https://www.london.edu/executive-education/leadership/leading-businesses-into-the-future","v3"
"London Business School","Executing Strategy for Results - Dubai","US$11,700","4 days","Classroom","High","2026-05-17","2026-05-22","No","","Yes","No","Senior Executives","No","8 + Years","https://www.london.edu/executive-education/courses-in-dubai/executing-strategy-for-results","v3"
"London Business School","Leading Change for Organisational Transformation","£9,700","5 days","Classroom","High","2026-05-31","2026-06-05","No","","Yes","No","Mid- Senior Executives","No","10 + Years","https://www.london.edu/executive-education/leadership/leading-change","v3"
"HEC Paris","Doing business in a complex world","","10 weeks (32 hours)","Online","Low","2026-06-09","2026-06-12","No","10","No","No","Senior Executives","No","","https://www.hec.edu/en/executive-education/doing-business-complex-world#Brochure","v3"
"HEC Paris","Marketing stratégique","5900","4 days","Classroom","High","2026-03-09","2026-03-13","No","4","Yes","No","Marketing Managers","No","","https://www.hec.edu/en/executive-education/marketing-strategique#Program","v3"
"HEC Paris","Management à distance","3000","2 days","Classroom","High","","","No","4","Yes","No","Managers & Executives","No","","https://www.hec.edu/en/executive-education/management-distance#Profile","v3"
"HEC Paris","Accompagner les transformations permanentes","3000","2 days","Classroom","High","","","No","3","Yes","No","Managers & Executives","No","","https://www.hec.edu/en/executive-education/accompagner-les-transformations-permanentes#Program","v3"
"HEC Paris","Enhancing your leadership skills","5900","4 days","Classroom","High","2025-10-07","","No","","Yes","No","Corporate Executives","No","","https://www.hec.edu/en/executive-education/enhancing-your-leadership-skills","v3"
"HEC Paris","Stratégie de prix","3000","2 days","Classroom","High","","","No","9","Yes","No","Managers & Executives","No","","https://www.hec.edu/en/executive-education/strategie-de-prix#Program","v3"
"HEC Paris","Intelligence collective et innovation collaborative","3000","2 days","Classroom","High","","","No","5","Yes","No","Managers & Executives","No","","https://www.hec.edu/en/executive-education/intelligence-collective-et-innovation-collaborative#Profile","v3"
"HEC Paris","Finance pour non financiers","5900","4 days","Classroom","High","2025-10-07","","No","4","Yes","No","Non-Financial who wants to gain knowledge in Finance","No","","https://www.hec.edu/en/executive-education/finance-pour-non-financiers#Profile","v3"
"HEC Paris","Women Leadership Program","5900","4 days","Classroom","High","","","No","4","Yes","No","Woman Senior Leaders","No","","https://www.hec.edu/en/executive-education/women-leadership-program#Profile","v3"
"HEC Paris","Management des équipes commerciales","5900","4 days","Classroom","High","2025-11-17","","No","5","Yes","No","Sales Maanger","No","","https://www.hec.edu/en/executive-education/management-des-equipes-commerciales","v3"
"HEC Paris","Marketing digital","5900","4 days","Classroom","High","2025-11-17","","No","4","Yes","No","Managers & Directors in Marketing and Digital Communication","No","","https://www.hec.edu/en/executive-education/marketing-digital#Program","v3"
"HEC Paris","Pilotage de la performance commerciale","5900","4 days","Classroom","High","2025-09-15","","No","6","Yes","No","Managers & Directors in Marketing and Digital Communication","No","","https://www.hec.edu/en/executive-education/pilotage-de-la-performance-commerciale#Program","v3"
"HEC Paris","Développer son potentiel de leader","5900","4 days","Classroom","High","2025-09-16","","No","2","Yes","No","Senior Managers","No","","https://www.hec.edu/en/executive-education/developper-son-potentiel-de-leader","v3"
"HEC Paris","IA & data en marketing et ventes","5900","4 days","Classroom","High","2025-09-16","","No","4","Yes","No","Sales Director & Marketing Managers","No","","https://www.hec.edu/en/executive-education/ia-data-en-marketing-et-ventes#Profile","v3"
"HEC Paris","Fundamentals of Digital Transformation","2500","10 Weeks","Online","Low","2025-09-22","","No","10","No","No","Professionals & Executives in Technology","No","","https://www.hec.edu/en/executive-education/fundamentals-digital-transformation","v3"
"HEC Paris","Piloter la performance extra-financière et l’impact esg","5900","4 days","Classroom","High","2025-09-22","","No","7","Yes","No","Financial Directors","No","","https://www.hec.edu/en/executive-education/piloter-la-performance-extra-financiere-et-l-impact-esg#Profile","v3"
"HEC Paris","Leadership for Executives","5900","4 days","Classroom","High","2025-09-23","","No","","Yes","No","Executives & Senior Managers","No","","https://www.hec.edu/en/executive-education/leadership-executives","v3"
"HEC Paris","Gouvernance et transmission","5000","3 days","Classroom","High","2025-09-24","","No","7","Yes","No","Shareholders & Board Members of Family Business","No","","https://www.hec.edu/en/executive-education/gouvernance-et-transmission#Profile","v3"
"HEC Paris","Gouvernance et Leadership","5000","3 days","Classroom","High","2025-09-24","","No","4","Yes","No","Shareholders & Board Members of Family Business","No","","https://www.hec.edu/en/executive-education/gouvernance-et-leadership#Profile","v3"
"HEC Paris","Leading with impact","2500","30 hours (10 weeks)","Online","Low","2025-09-29","","No","5","No","No","Mid-Senior Managers","No","","https://www.hec.edu/en/executive-education/leading-impact#profile","v3"
"HEC Paris","Construire une stratégie Data et IA","3000","2 days","Classroom","High","2025-10-01","","No","4","Yes","No","Managers","No","","https://www.hec.edu/en/executive-education/construire-une-strategie-data-et-ia","v3"
"HEC Paris","AI ready for business","3000 €*","2 days","Blended ( Async+ Live Sync or Classroom Sync)","Low","2025-10-03","","No","5","Yes","No","Managers,Executives & Business Leaders","No","","https://www.hec.edu/en/executive-education/ai-ready-business#Profile","v3"
"HEC Paris","Intégrer le développement durable dans la stratégie de l’entreprise","5900 €*","4 days","Classroom","High","2025-10-06","","No","4","Yes","No","Project Leaders & Managers","No","","https://www.hec.edu/en/executive-education/integrer-le-developpement-durable-dans-la-strategie-de-l-entreprise#Profile","v3"
"HEC Paris","Sustainable transition management","3100 €*","40 hours","Online","Low","2025-10-13","","No","5","No","No","Senior Mangers & Executives","No","","https://www.hec.edu/en/executive-education/sustainable-transition-management#Program","v3"
"HEC Paris","Nouvelles tendances en marketing","5900 €*","4 days","Classroom","High","2025-10-13","","No","5","Yes","No","Directors & Digital Mangers","No","","https://www.hec.edu/en/executive-education/nouvelles-tendances-en-marketing#Profile","v3"
"HEC Paris","Leadership Stratégique","5900 €*","4 days","Classroom","High","2025-10-14","","No","6","Yes","No","Senior Executives","No","","https://www.hec.edu/en/executive-education/leadership-strategique","v3"
"HEC Paris","Maitriser le financement de l’entreprise et les opérations de Fusions-Acquisitions","5900 €*","4 days","Classroom","High","2025-10-14","","No","5","Yes","No","Executives of Banks & Financial Insti","No","","https://www.hec.edu/en/executive-education/maitriser-le-financement-de-l-entreprise-et-les-operations-de-fusions-acquisitions","v3"
"HEC Paris","Stratégie commerciale","5900 €*","4 days","Classroom","High","2025-10-27","","No","6","Yes","No","Sales Director & Sales Managers","No","","https://www.hec.edu/en/executive-education/strategie-commerciale","v3"
"HEC Paris","Management de l'innovation","5900","4 days","Classroom","High","2025-11-03","","No","10","Yes","No","Mangers & Entrepreneurs","No","","https://www.hec.edu/en/executive-education/management-de-l-innovation","v3"
"HEC Paris","Mettre en oeuvre le développement durable dans les entreprises","5900","4 days","Classroom","High","2025-11-03","","No","4","Yes","No","Mangers & Executives","No","","https://www.hec.edu/en/executive-education/mettre-en-oeuvre-le-developpement-durable-dans-les-entreprises","v3"
"HEC Paris","Gouvernance et Stratégie","5000","3 days","Classroom","High","2025-11-04","","No","3","Yes","No","Shareholders or Members of Family Business","No","","https://www.hec.edu/en/executive-education/gouvernance-et-strategie","v3"
"HEC Paris","Purpose & Performance","5000","2 days","Classroom","High","2025-11-06","","No","4","Yes","No","Members of Board of Directors & HR Directors","No","","https://www.hec.edu/en/executive-education/purpose-performance","v3"
"HEC Paris","Développer son leadership par la posture coach","5900","4 days","Classroom","High","2025-11-18","","No","3","Yes","No","Project Managers","No","","https://www.hec.edu/en/executive-education/developper-son-leadership-par-la-posture-coach","v3"
"HEC Paris","Elaborer Une Strategie Et Manager Sa Performance","5900","4 days","Classroom","High","2025-11-18","","No","4","Yes","No","Senior Managers","No","","https://www.hec.edu/en/executive-education/elaborer-une-strategie-et-manager-sa-performance","v3"
"HEC Paris","Business Strategy","6250","4 days","Classroom","High","2025-11-24","","No","5","Yes","No","CXOs/Senior Leaders","No","","https://www.hec.edu/en/executive-education/business-strategy","v3"
"HEC Paris","Leadership au féminin","5900","4 days","Classroom","High","2025-11-24","","No","4","Yes","No","Senior Managers","No","","https://www.hec.edu/en/executive-education/leadership-au-feminin","v3"
"HEC Paris","Finance for executives","5900","4 days","Classroom","High","2025-11-24","","No","4","Yes","No","All Executives","No","","https://www.hec.edu/en/executive-education/finance-executives","v3"
"HEC Paris","Stratégie financière pour décideurs","5900","4 days","Classroom","High","2025-11-25","","No","4","Yes","No","Managers & Members of Management Committees","No","","https://www.hec.edu/en/executive-education/strategie-financiere-pour-decideurs","v3"
"HEC Paris","Leadership for Executives - London","5900","4 days","Classroom","High","2025-11-25","","No","4","Yes","No","Senior Managers & Executives","No","","https://www.hec.edu/en/executive-education/leadership-executives-london","v3"
"HEC Paris","Manager les équipes dans le changement","5900","4 days","Classroom","High","2025-11-25","","No","4","Yes","No","Senior Managers","No","","https://www.hec.edu/en/executive-education/manager-les-equipes-dans-le-changement","v3"
"HEC Paris","Inclusive leader in a diverse world","5900","4 days","Classroom","High","2025-12-01","","No","6","Yes","No","Managers who are willing to develop their Leadership Skills","No","","https://www.hec.edu/en/executive-education/inclusive-leader-diverse-world","v3"
"HEC Paris","Développer un leadership durable","5900","4 days","Classroom","High","2025-12-01","","No","4","Yes","No","Managers & Executives","No","","https://www.hec.edu/en/executive-education/developper-un-leadership-durable","v3"
"HEC Paris","Diriger dans l'incertitude","5900","4 days","Classroom","High","2025-12-01","","No","10","Yes","No","Company Executives & Managers","No","","https://www.hec.edu/en/executive-education/diriger-dans-l-incertitude","v3"
"HEC Paris","Scaling for Success","5900","4 days","Classroom","High","2025-12-09","","No","8","Yes","No","Entrepreneurs","No","","https://www.hec.edu/en/executive-education/scaling-success","v3"
"HEC Paris","Réussir ses négociations","5900","4 days","Classroom","High","2025-12-09","","No","4","Yes","No","Managers & Executives","No","","https://www.hec.edu/en/executive-education/reussir-ses-negociations","v3"
"HEC Paris","Marketing Strategy","2500","10 weeks (32 hours)","Online","Low","2025-04-07","","No","9","No","No","Executives","No","","https://www.hec.edu/en/executive-education/marketing-strategy","v3"
"HEC Paris","Maîtriser les outils de management de la performance","6100","4 days","Classroom","High","2025-04-13","","No","5","Yes","No","Financial Directors","No","","https://www.hec.edu/en/executive-education/maitriser-les-outils-de-management-de-la-performance","v3"
"HEC Paris","Piloter l'exécution de la stratégie de l'entreprise","6100","4 days","Classroom","High","2025-04-20","","No","8","Yes","No","Future Leaders, Managers & Executives","No","","https://www.hec.edu/en/executive-education/piloter-l-execution-de-la-strategie-de-l-entreprise","v3"
"HEC Paris","Mettre en oeuvre le management de la performance","6100","4 days","Classroom","High","2025-05-18","","No","6","Yes","No","Financial Directors , Chief Accountants","No","","https://www.hec.edu/en/executive-education/mettre-en-oeuvre-le-management-de-la-performance","v3"
"HEC Paris","Executive Master in Management - Strategic Management - Abidjan","39000","16 Months","classroom","High","2026-02-24","","No","9","Yes","No","Company Directore & Startegic Business Unit Managers","","","https://www.hec.edu/en/executive-education/executive-master-management-strategic-management-abidjan","v3"
"HEC Paris","Executive Master in Management- Strategic management","48 200 €","16 Months","classroom","High","2026-04-20","","No","9","Yes","No","Company Directore & Startegic Business Unit Managers","","","https://www.hec.edu/en/executive-education/executive-master-management-strategic-management","v3"
"HEC Paris","Executive Master in Management - general management","48 200 €","16 Months","classroom","High","2026-03-31","","No","9","Yes","No","Company Directors & Managers","","","https://www.hec.edu/en/executive-education/executive-master-management-general-management","v3"
"HEC Paris","Executive Master in Management - Change & sustainability","48 200 €","16 Months","classroom","High","2026-04-07","","No","9","Yes","No","Executives & Managers","","","https://www.hec.edu/en/executive-education/executive-master-management-change-sustainability#Program","v3"
"HEC Paris","Executive MSc in Finance","55 300 €","36 Days","classroom","High","2026-10-12","","Yes","6","Yes","Yes","Finance Directors","","","https://www.hec.edu/en/executive-education/executive-msc-finance#Profile","v3"
"HEC Paris","Executive MSc in Geopolitics and Geo-economics of Emerging Africa","22 500 €","16 Months","classroom","High","2026-10-27","","No","9","Yes","No","Executives & Business Leaders","","","https://www.hec.edu/en/executive-education/executive-msc-geopolitics-and-geo-economics-emerging-africa","v3"
"HEC Paris","Executive Master in Management - Sustainable Leadership in Africa","32 000 €","16 Months","classroom","High","2026-02-24","","No","9","Yes","No","Leaders & Entrepreneurs","","","https://www.hec.edu/en/executive-education/executive-master-management-sustainable-leadership-africa","v3"
"HEC Paris","Executive MSc in Change Leadership","55 900 €","36 Days","Hybrid","High","","","Yes","11","Yes","Yes","CXOs/ Senior Leaders","","","https://www.hec.edu/en/executive-education/executive-msc-change-leadership","v3"
"HEC Paris","Executive Master in Management - Finance","48 200 €","16 Months","classroom","High","2026-04-13","","No","9","Yes","No","Bank Executives & Auditors & Lawyers","","","https://www.hec.edu/en/executive-education/executive-master-management-finance","v3"
"HEC Paris","Executive Master in Management - Marketing & Business Development","48 200 €","16 Months","classroom","High","2026-04-20","","No","9","Yes","No","Managers in Marketing & Sales","","","https://www.hec.edu/en/executive-education/executive-master-management-marketing-business-development","v3"
"Kellogg","Executive Development Program","39500","20 Days","Hybrid","High","2026-10-11","2026-10-30","Yes","","Yes","Yes","Mid-Senior Managers","No","","https://www.kellogg.northwestern.edu/executive-education/individual-programs/executive-programs/edp/#upcomingsessions","v3"
"Kellogg","Strategic Capabilities for Emerging Business Leaders","5850","12 Days","Live","High","2026-03-02","2025-12-12","No","","No","No","Mid-Senior Leaders","No","","https://www.kellogg.northwestern.edu/executive-education/individual-programs/executive-programs/stratcap/","v3"
"Kellogg","Corporate Finance","10450","6 Days","Classroom","High","2025-11-09","2025-11-14","No","","Yes","No","Finance Executives","No","","https://www.kellogg.northwestern.edu/executive-education/individual-programs/executive-programs/corpfin/#upcomingsessions","v3"
"Kellogg","Finance for Executives","11100","6 Days","Classroom","High","2026-03-02","2026-03-13","No","","Yes","No","Finance Executives","No","","https://www.kellogg.northwestern.edu/executive-education/individual-programs/executive-programs/finexec/#upcomingsessions","v3"
"Kellogg","Merger Week","10700","6 Days","Classroom","High","2026-05-10","2026-05-15","No","","Yes","No","Executives & Managers of Finance","No","","https://www.kellogg.northwestern.edu/executive-education/individual-programs/executive-programs/mw/#upcomingsessions","v3"
"Kellogg","Corporate Governance","11500","4 Days","Classroom","High","2026-10-27","Nov-2to6 - 2026","No","","Yes","No","Senior Executives","No","","https://www.kellogg.northwestern.edu/executive-education/individual-programs/executive-programs/director/#upcomingsessions","v3"
"Kellogg","Family Enterprise Boards","13000","11 Days","Classroom","High","2025-10-28","2025-11-07","No","","Yes","No","Board Directors of Family Business","No","","https://www.kellogg.northwestern.edu/executive-education/individual-programs/executive-programs/famboard/#upcomingsessions","v3"
"Kellogg","Family Enterprise Leaders Forum 2025: Strategic Growth","8450","3 Days","Classroom","High","2026-10-13","2026-10-15","No","","Yes","No","Senior Leaders of Family Business","No","","https://www.kellogg.northwestern.edu/executive-education/individual-programs/executive-programs/famelf/","v3"
"Kellogg","Forming Family Enterprise Governance","","","","","2027-02-16","22-26-Feb-2027","No","","","","Members of Family Business","No","","https://www.kellogg.northwestern.edu/executive-education/individual-programs/executive-programs/fameg/#upcomingsessions","v3"
"Kellogg","Governing Family Enterprises","13000","11 Days","Classroom","High","2026-03-10","2026-03-20","No","","Yes","No","Directors of Family Business","No","","https://www.kellogg.northwestern.edu/executive-education/individual-programs/executive-programs/family/#upcomingsessions","v3"
"Kellogg","AI at Scale: Driving Real Business Outcomes Across the Enterprise","4950","4 Days","Live","High","","","No","","No","No","CXOs/Senior Leaders","No","","https://www.kellogg.northwestern.edu/executive-education/individual-programs/executive-programs/aiscale/#upcomingsessions","v3"
"Kellogg","Competitive Strategy","10450","5 Days","Classroom","High","2026-05-11","2026-05-15","No","","Yes","No","Mid-Senior Executives","No","","https://www.kellogg.northwestern.edu/executive-education/individual-programs/executive-programs/compete/#upcomingsessions","v3"
"Kellogg","Creating and Managing Strategic Alliances","5850","5 Days","Live","High","2026-09-28","2026-10-02","No","","No","No","Mid-Senior Managers","No","","https://www.kellogg.northwestern.edu/executive-education/individual-programs/executive-programs/cmsa/#upcomingsessions","v3"
"Kellogg","Delivering Business Growth","9000","4 Days","Classroom","High","2026-06-15","18-Jun-206","No","","Yes","No","CXOs/Senior Leaders","No","","https://www.kellogg.northwestern.edu/executive-education/individual-programs/executive-programs/bizgrowth/#upcomingsessions","v3"
"Kellogg","Growth Marketing","8750","4 Days","Classroom","High","2026-06-16","2026-06-19","No","","Yes","No","Marketing Leaders & Executives","No","","https://www.kellogg.northwestern.edu/executive-education/individual-programs/executive-programs/growth/#upcomingsessions","v3"
"Kellogg","Leading and Sustaining a Culture of Innovation","9000","4 Days","Classroom","High","2026-05-04","2026-05-07","No","","Yes","No","Senior Executives","No","","https://www.kellogg.northwestern.edu/executive-education/individual-programs/executive-programs/innovate/#upcomingsessions","v3"
"Kellogg","Constructive Collaboration","6500","5 Days","Live","High","2026-10-12","2026-10-16","No","","No","No","Mid-Senior Executives","No","","https://www.kellogg.northwestern.edu/executive-education/individual-programs/executive-programs/collaborate/#upcomingsessions","v3"
"Kellogg","Driving Organizational Change","10050","4 Days","Classroom","High","2026-03-23","2026-03-26","No","","Yes","No","Senior Executives Leaders","No","","https://www.kellogg.northwestern.edu/executive-education/individual-programs/executive-programs/orgchange/#upcomingsessions","v3"
"Kellogg","Energizing People for Performance","9000","4 Days","Classroom","High","2026-04-13","2026-04-16","No","","Yes","No","Mid-Senior Executives","No","","https://www.kellogg.northwestern.edu/executive-education/individual-programs/executive-programs/people/#upcomingsessions","v3"
"Kellogg","Family Enterprise Boards","13000","11 Days","Hybrid","High","2026-10-27","2-6-Nov-2026","No","","Yes","No","Board Directors of Family Business","No","","https://www.kellogg.northwestern.edu/executive-education/individual-programs/executive-programs/famboard/#upcomingsessions","v3"
"Kellogg","Leading High-Impact Teams","6250","5 Days","Live","High","2026-10-26","2026-10-30","No","","No","No","Mid-Senior Leaders","No","","https://www.kellogg.northwestern.edu/executive-education/individual-programs/executive-programs/team/#upcomingsessions","v3"
"Kellogg","Leading with AI","11100","4 Days","Classroom","High","2026-04-13","2026-04-16","No","","Yes","No","Senior Leaders","No","","https://www.kellogg.northwestern.edu/executive-education/individual-programs/executive-programs/bigdata/#upcomingsessions","v3"
"Kellogg","Negotiation Master Class","6900","12 Days","Live","High","2026-03-30","2026-04-10","No","","No","No","Executives who negotiate in Organization","No","","https://www.kellogg.northwestern.edu/executive-education/individual-programs/executive-programs/mneg/#upcomingsessions","v3"
"Kellogg","Strategic Capabilities for Emerging Business Leaders","5850","12 Days","Live","High","2025-12-01","2025-12-12","No","","No","No","Mid-Senior Leaders","No","","https://www.kellogg.northwestern.edu/executive-education/individual-programs/executive-programs/stratcap/#upcomingsessions","v3"
"Kellogg","The Customer-Focused Organization","9000","4 Days","Classroom","High","2026-09-28","2026-10-01","No","","Yes","No","Senior Leaders","No","","https://www.kellogg.northwestern.edu/executive-education/individual-programs/executive-programs/focus/#upcomingsessions","v3"
"Kellogg","The Leader Within","11500","5 Days","Classroom","High","2026-04-13","2026-04-17","No","","Yes","No","Mid-Senior Executives","No","","https://www.kellogg.northwestern.edu/executive-education/individual-programs/executive-programs/lsphere/#upcomingsessions","v3"
"Kellogg","The Strategy of Leadership","9000","3 Days","Classroom","High","2026-03-23","2026-03-25","No","","Yes","No","Senior & General Management Executives","No","","https://www.kellogg.northwestern.edu/executive-education/individual-programs/executive-programs/newscience/#upcomingsessions","v3"
"Kellogg","Turning Data into Revenue: Decision-Making Analytics for Sales Executives","6000","3 Days","","","2026-05-04","2026-05-05","No","","","","Sales Leaders","No","","https://www.kellogg.northwestern.edu/executive-education/individual-programs/executive-programs/salesana/#upcomingsessions","v3"
"Kellogg","Advanced Marketing Management","11100","5 Days","Classroom","High","2026-06-22","2026-06-26","No","","Yes","No","Senior -Level Executives","No","","https://www.kellogg.northwestern.edu/executive-education/individual-programs/executive-programs/admark/#upcomingsessions","v3"
"Kellogg","Business Marketing Strategy","11500","4 Days","Classroom","High","2026-04-20","2026-04-23","No","","Yes","No","Sales Managers","No","","https://www.kellogg.northwestern.edu/executive-education/individual-programs/executive-programs/btob/#upcomingsessions","v3"
"Kellogg","Delivering Business Growth","9000","4 Days","Classroom","High","2026-06-15","2026-06-18","No","","Yes","No","CXOs/Senior Leaders","No","","https://www.kellogg.northwestern.edu/executive-education/individual-programs/executive-programs/bizgrowth/#upcomingsessions","v3"
"Kellogg","Growth Marketing","8750","4 Days","Classroom","High","2026-06-16","2026-06-19","No","","Yes","No","Marketing Leaders & Executives","No","","https://www.kellogg.northwestern.edu/executive-education/individual-programs/executive-programs/growth/#upcomingsessions","v3"
"Kellogg","High-Impact Sales Strategy in a Digital World","","","","","","","No","","","","Chief Sales Officer","No","","https://www.kellogg.northwestern.edu/executive-education/individual-programs/executive-programs/salestrat/#upcomingsessions","v3"
"Kellogg","Kellogg on Branding","9950","5 Days","Classroom","High","2026-09-28","2026-10-02","No","","Yes","No","Managers & Leaders who deals with Branding","No","","https://www.kellogg.northwestern.edu/executive-education/individual-programs/executive-programs/brand/#upcomingsessions","v3"
"Kellogg","Selling Yourself and Your Ideas","8750","4 Days","Classroom","High","2025-12-01","2025-12-04","No","","Yes","No","Leaders & Entrepreneurs","No","","https://www.kellogg.northwestern.edu/executive-education/individual-programs/executive-programs/selling/#upcomingsessions","v3"
"Kellogg","B2B Sales Force Strategy & Effectiveness in the Digital Age","10450","5 Days","Classroom","High","2026-05-31","2026-06-04","No","","Yes","No","CXOs/Senior Sales Leaders","No","","https://www.kellogg.northwestern.edu/executive-education/individual-programs/executive-programs/sales/#upcomingsessions","v3"
"Kellogg","The Customer-Focused Organization","9000","4 Days","Classroom","High","2026-09-28","2026-10-01","No","","Yes","No","Senior Marketing Leaders","No","","https://www.kellogg.northwestern.edu/executive-education/individual-programs/executive-programs/focus/","v3"
"Kellogg","Lean Operations","4150","5 Days","Live","High","2026-05-11","2026-05-13","No","","No","No","Senior Managers","No","","https://www.kellogg.northwestern.edu/executive-education/individual-programs/executive-programs/lean/#upcomingsessions","v3"
"Kellogg","Operations Strategy","7950","3 Days","Classroom","High","2026-09-21","2026-09-23","No","","Yes","No","Senior Executives","No","","https://www.kellogg.northwestern.edu/executive-education/individual-programs/executive-programs/opstrat/#upcomingsessions","v3"
"Kellogg","Supply Chain Management","5850","4 Days","Live","High","2026-04-28","2026-05-01","No","","No","No","Mid-Senior Managers","No","","https://www.kellogg.northwestern.edu/executive-education/individual-programs/executive-programs/supply/#upcomingsessions","v3"
"Kellogg","Competitive Strategy","10450","5 Days","Classroom","High","2026-05-11","2026-05-15","No","","Yes","No","Mid-Senior Executives","No","","https://www.kellogg.northwestern.edu/executive-education/individual-programs/executive-programs/compete/","v3"
"Kellogg","Creating and Managing Strategic Alliances","5850","5 Days","Live","High","2025-09-29","2025-10-03","No","","No","No","Mid-Senior Managers","No","","https://www.kellogg.northwestern.edu/executive-education/individual-programs/executive-programs/cmsa/","v3"
"Kellogg","AI Strategies and Applications for Leaders","₹1,65,000","12 Weeks","Blended ( Async+ Live Sync or Classroom Sync)","Moderate","2026-03-31","","Certificate of Completion","8","No","Yes","CXOs/Senior Leaders","No","Graduate or Diploma Holder","https://online.em.kellogg.northwestern.edu/kellogg-ai-strategies-and-applications-for-leaders?src_trk=em680a3aebd165d2.3028779295613785&utm_campaign=organic&utm_medium=EmWebsite&utm_source=google","v3"
"Kellogg","Post Graduate Certificate in Product Management","₹2,95,000","36 Weeks","Blended ( Async+ Live Sync or Classroom Sync)","Moderate","2026-03-31","","Certificate of completion","3","No","Yes","Mid-Senior Professionals","No","Graduate or Diploma Holder","https://online.em.kellogg.northwestern.edu/kellogg-post-graduate-certificate-in-product-management?src_trk=em680a3aebd165d2.3028779295613785&utm_campaign=organic&utm_medium=EmWebsite&utm_source=google","v3"
"Kellogg","Strategic Marketing Leadership Program","₹2,87,000","30 Weeks","Blended ( Async+ Live Sync or Classroom Sync)","Moderate","","","Certificate of Completion","5","No","Yes","Senior Leaders","No","","https://online.em.kellogg.northwestern.edu/kellogg-strategic-marketing-leadership-programme?src_trk=em680a3aebd165d2.302877921058966122&utm_campaign=organic&utm_medium=EmWebsite&utm_source=google","v3"
"Kellogg","Post Graduate Certificate in Digital Marketing","₹2,87,000","9 Months","Online","Low","","","Certificate of completion","19","No","Yes","Mid-Senior Career Professionals","No","","https://online.em.kellogg.northwestern.edu/kellogg-post-graduate-certificate-in-digital-marketing?src_trk=em680a3aebd165d2.302877921058966122&utm_campaign=organic&utm_medium=EmWebsite&utm_source=google","v3"
"Imarticus","Financial Services And Capital Markets - Batch 6","₹ 2,98,000","11 Months","Hybrid","High","","","Yes","9","Yes","Yes","Finance Professionals","No","2 Years of Work Experience","Financial Services Course | IIM Lucknow Program","v2"
"Imarticus","Corporate and Investment Banking","₹ 3,25,000","11 Months","Hybrid","High","2025-01-25","2025-11-01","Yes","12","Yes","Yes","Finance Professionals","No","2 Years of Work Experience","https://imarticus.org/downloads/IIML_CIB_15102024-6bcce148e401a108e7347153669548b2.pdf","v2"
"Imarticus","Executive Programme In Applied Finance","₹ 2,98,000","11 Months","HYbrid","High","2025-06-29","","yes","10","Yes","Yes","Finance Professionals","No","2 Years of Work Experience","https://imarticus.org/executive-programme-in-applied-finance-iim-lucknow/","v2"
"Imarticus","Private Equity & Venture Capital Programme","₹4,28,000","7 Months","HYbrid","High","2025-09-20","","Yes","6","Yes","Yes","Private Equity & Venture Capital","No","2 Years of Work Experience","https://imarticus.org/iim-calcutta-private-equity-venture-capital-program/","v2"
"Imarticus","Global Senior Leadership Programme Specialisation: Chief Finance Officer","₹ 6,25,000","6 Months","HYbrid","High","","","Yes","6","Yes","Yes","CXOs/Senior Leaders","No","2 Years of Work Experience","https://imarticus.org/chief-finance-officer-specialisation-gslp-iim-lucknow/","v2"
"Imarticus","Investment Banking and Capital Markets","₹4,69,450","1 Year","Hybrid","High","2025-06-23","","Yes","7","Yes","Yes","Finance Professionals","No","2 Years of Work Experience","https://imarticus.org/downloads/IIMC_EPIBCM_11102024-b507d3509360b9806f445692f02caf7e.pdf","v2"
"Jaro","Professional Certificate Programme In Strategic Sales Management And New Age Marketin","2,40,000","10 Months","Hybrid","High","2025-09-14","","Yes","7","Yes","No","Mid-Senior Managers","No","5 Years","https://www.jaroeducation.com/professional-certificate-programme-in-strategic-sales-management-and-new-age-marketing-iim-kozhikode/","v2"
"Jaro","Digital Marketing for Performance & Growth - IIM Kozhikode","1,80,000","9 Months","Hybrid","High","2025-06-22","","Yes","23","Yes","Yes","Mid-Senior Managers","No","2 Years","https://www.jaroeducation.com/professional-certificate-programme-in-digital-marketing-for-performance-growth-iim-kozhikode/","v2"
"Jaro","Strategic Management","1,80,000","1 Year","Hybrid","High","2025-06-27","","Yes","21","Yes","Yes","Mid-Senior Managers","No","2 Years","https://www.jaroeducation.com/professional-certificate-programme-in-strategic-management-iim-kozhikode/","v2"
"Jaro","Artificial Intelligence and Cyber Security for Organizations [EPAI&CSO]","2,00,000","10 Months","Hybrid","High","2025-07-19","","Yes","2","Yes","No","Managers who Lead Tech","No","2 Years","https://www.jaroeducation.com/executive-programme-in-artificial-intelligence-and-cyber-security-for-organizations-iim-indore/","v2"
"Jaro","Young Leadership Programme IIM Indore","2,47,500","8 Months","Hybrid","High","2025-06-29","","Yes","7","Yes","No","Graduates Recognized by UGC/AICTE","No","3 Years","https://www.jaroeducation.com/young-leadership-programme-iim-indore/","v2"
"Jaro","Advanced Certificate Programme in Smart Supply Chain Management & Transformation","2,81,000","12 Months","Hybrid","High","2025-05-18","","Yes","13","Yes","No","Mid-Senior Leaders","No","3 Years","https://www.jaroeducation.com/advanced-certificate-programme-smart-scm-transformation-iimk/","v2"
"Jaro","Accelerated General Management Programme - IIM Ahmedabad","2,81,000","1 Year","Hybrid","High","2025-04-23","","Yes","31","Yes","Yes","Mid-Senior Managers","No","10 Years","https://www.jaroeducation.com/accelerated-general-management-programme-iim-ahmedabad/","v2"
"Jaro","Digital Marketing: Business Models, Processes and Technologies","3,50,000","5 Months","Hybrid","High","2025-03-16","","No","9","Yes","Yes","Mid-Senior Career","No","3 Years","https://www.jaroeducation.com/digital-marketing-business-models-technologies-iim-ahmedabad/","v2"
"Jaro","Professional Certificate Programme in Advanced Analytics & Business Intelligence","2,00,000","1 Year","Hybrid","High","2025-09-07","","Yes","10","Yes","No","Business Analyst & Data Scientists","No","1 Year","https://www.jaroeducation.com/professional-certificate-programme-in-advanced-analytics-business-intelligence-iim-kozhikode/","v2"
"Jaro","Professional Certificate Programme in Investment Banking – IIM Kozhikode","2,40,000","10 Months","Hybrid","High","2025-05-18","","Yes","11","Yes","Yes","Mid-Senior Level Executives","No","1 Year","https://www.jaroeducation.com/professional-certificate-programme-in-investment-banking-iim-kozhikode/","v2"
"Jaro","Financial Reporting and Corporate Governance IIM Ahmedabad","1,91,000","4 Months","Hybrid","High","2025-08-22","","Yes","3","Yes","No","Junior- Mid Manager","No","3 Years","https://www.jaroeducation.com/financial-reporting-and-corporate-governance-iim-ahmedabad/","v2"
"Jaro","Information Technology Management for Strategic Business Leadership: A Programme for Future CIOs and CTOs","4,00,000","6 Months","Hybrid","High","2025-05-10","","Yes","6","Yes","No","Senior Manager","No","","https://www.jaroeducation.com/it-management-strategic-business-leadership-future-cio-cto-iim-ahmedabad/","v2"
"Times Pro","IM Calcutta- Executive Programme in Business Management – Batch 31","₹ 7,02,000","12 Months","Hybrid","High","2025-08-03","","No","4","Yes","Yes","Mid -Senior Career","No","5 Years","https://timespro.com/executive-education/iim-calcutta-executive-programme-in-business-management","v2"
"Times Pro","IIM Kozhikode- Professional Certificate Programme In Entrepreneurship And New Venture Creation - Batch 06","₹ 1,85,000","8 Months","Live","High","2025-08-30","2026-04-01","No","10","No","No","Entrepreners/New Business Laeaders","No","1 Years","https://timespro.com/executive-education/iim-kozhikode-professional-certificate-programme-in-entrepreneurship-and-new-venture-creation","v2"
"Times Pro","IIM Kozhikode -Post Graduate Certificate In Public Policy Management","₹ 3,50,000","12 Months","Hybrid","High","2023-03-24","2024-04-01","Yes","4","Yes","NO","Professionals with an interest in Public affair","No","2.3 Years","https://timespro.com/executive-education/iim-kozhikode-post-graduate-certificate-in-public-policy-management","v2"
"Times Pro","IIM Calcutta- Post Graduate Certificate Programme in Family Business Management - Batch 07","₹ 4,56,000","12 Months","Hybrid","High","2025-12-21","2026-12-01","Yes","8","Yes","Yes","Owners of Family Business","No","10 Years","https://timespro.com/executive-education/iim-calcutta-post-graduate-certificate-programme-in-family-business-management","v2"
"Times Pro","IIM Lucknow- Executive Programme In IT Management","₹ 2,29,000","9 Months","Hybrid","High","2023-09-03","2024-05-01","Yes","3","Yes","Yes","Professionals from IT Sector","No","5 Years","https://timespro.com/executive-education/iim-lucknow-executive-programme-in-it-management","v2"
"Times Pro","IIM Lucknow- Executive Certificate Programme In Global Business Management","₹ 2,42,500","11 Months","Hybrid","High","2023-05-14","2024-01-01","Yes","11","Yes","No","Mid-Senior Executives","No","2 Years","https://timespro.com/executive-education/iim-lucknow-executive-certificate-programme-in-global-business-management","v2"
"Times Pro","IM Indore -Certificate Programme in Project Management - Batch 15","₹ 1,68,000","6 Months","Hybrid","High","2025-09-27","2026-03-01","Yes","17","Yes","No","Professionals in Project Management","No","2 Years","https://timespro.com/executive-education/iim-indore-certificate-programme-in-project-management","v2"
"Times Pro","IIM Kozhikode -Professional Certificate Programme in Fintech – Batch 07","₹ 2,10,000","11 Months","Hybrid","High","2025-07-27","2026-06-01","Yes","8","Yes","No","Junior-Senior Executives","No","3 Years","https://timespro.com/executive-education/iim-kozhikode-professional-certificate-programme-in-fintech","v2"
"Times Pro","IIM Calcutta- Start up Readiness, Growth and Execution (SURGE) : An Entrepreneurship Programme - Batch 02","₹ 2,71,600","9 Months","Hybrid","High","2025-07-27","2026-04-01","Yes","8","Yes","Yes","Mid-Senior Executives","No","1 Years","https://timespro.com/executive-education/iim-calcutta-surge-an-entrepreneurship-programme","v2"
"Times Pro","IIM Indore- Certificate Programme in Digital Marketing & Strategy - Batch 07","₹ 1,70,000","12 Months","Hybrid","High","2025-08-17","2026-08-01","Yes","13","Yes","Yes","Senior Executives","No","2 Years","https://timespro.com/executive-education/iim-indore-certificate-programme-in-digital-marketing-and-strategy","v2"
"Times Pro","IIM Calcutta- Senior Management Programme - Batch 25","₹ 8,45,000","12 Months","Hybrid","High","2025-08-31","2026-09-01","Yes","6","Yes","No","Senior Executives","No","","https://timespro.com/executive-education/iim-calcutta-senior-management-programme","v2"
"Times Pro","IIM Indore- Certificate Programme in Leadership and Change Management - Batch 08","₹ 1,98,000","8 Months","Hybrid","High","2025-09-14","2026-05-01","Yes","23","Yes","No","Mid-Senior Professionals","No","3 Years","https://timespro.com/executive-education/iim-indore-certificate-programme-in-leadership-and-change-management","v2"
"Times Pro","IIM Kozhikode- Professional Certificate Programme in Advanced Product Management - Batch 05","₹ 1,68,000","6 Months","Live","High","2025-09-14","2026-03-01","Yes","18","No","Yes","Mid-Senior Product Managers","No","5 Years","https://timespro.com/executive-education/iim-kozhikode-professional-certificate-programme-in-advanced-product-management","v2"
"Times Pro","IIM Calcutta -LEAD: Senior Leadership Programme for CXOs - Batch 06","₹ 9,42,000","12 Months","Classroom","High","2025-09-21","2026-09-01","Yes","4","Yes","No","CXOs/Senior Leaders","No","15 Years","https://timespro.com/executive-education/iim-calcutta-lead-an-advanced-management-programme","v2"
"Times Pro","IIM Indore- Executive Certificate Programme in Strategy and Leadership for Senior Professionals - Batch 09","₹ 3,15,000","12 Months","Blended","Moderate","2025-09-21","2026-09-01","Yes","7","Yes","No","Senior Leaders","No","10 Years","https://timespro.com/executive-education/iim-indore-executive-certificate-programme-in-strategy-and-leadership-for-senior-professionals","v2"
"Times Pro","IIM Indore- Senior Management Programme - Batch 05","₹ 4,50,000","12 Months","Hybrid","High","2025-09-21","2026-10-01","Yes","4","Yes","Yes","Senior Managers","No","10 Years","https://timespro.com/executive-education/iim-indore-senior-management-programme","v2"
"Times Pro","IIM Calcutta- Transitioning Into Leadership: A Programme For Women Executives - Batch 09","₹ 4,38,000","12 Months","Hybrid","High","2025-09-27","2026-10-01","Yes","9","Yes","No","Women Professionals","No","5 Years","https://timespro.com/executive-education/iim-calcutta-transitioning-into-leadership-a-programme-for-women-executives","v2"
"Times Pro","IIM Kozhikode- Strategic Management Programme for CXOs","₹ 4,90,000","10 Months","Hybrid","HIgh","2025-09-28","2026-07-01","Yes","6","Yes","Yes","CXOs/Senior Leaders","No","10 Years","https://timespro.com/executive-education/iim-kozhikode-strategic-management-programme-for-cxos","v2"
"Times Pro","IIM Indore -Chief Executive Officers Programme - Batch 02","₹ 4,71,000","11 Months","Hybrid","High","2025-06-28","2026-09-01","Yes","5","Yes","Yes","CXOs/Senior Leaders","No","8 Years","https://timespro.com/executive-education/iim-indore-chief-executive-officers-programme","v2"
"Times Pro","IIM Indore- Executive Programme In Operations & Supply Chain Management - Batch 07","₹ 3,00,000","12 Months","Hybrid","High","2025-10-12","2026-10-01","Yes","15","Yes","No","Mid-Senior Career","No","2 Years","https://timespro.com/executive-education/iim-indore-executive-programme-in-operations-and-supply-chain-management","v2"
"Times Pro","IIM Calcutta -Executive Programme In Operations Management - Batch 07","₹ 4,30,000","12 Months","Hybrid","High","2025-10-12","2026-10-01","Yes","6","Yes","Yes","Mid-Senior Managers","No","3 Years","https://timespro.com/executive-education/iim-calcutta-executive-programme-in-operations-management","v2"
"Times Pro","IIM Calcutta -Executive Programme In Growth Strategies For Business Leaders","₹ 5,35,000","12 Months","Hybrid","High","2025-03-16","2026-03-01","Yes","5","Yes","No","Mid-Senior Managers","No","10 years","https://timespro.com/executive-education/iim-calcutta-executive-programme-in-growth-strategies-for-business-leaders","v2"
"Times Pro","IIM Lucknow -Executive Certificate Programme in Leadership and Change Management","₹ 1,97,500","8 Months","Hybrid","High","2025-10-12","2026-05-01","No","8","Yes","Yes","CXOs/Senior Leaders","No","5 Years","https://timespro.com/executive-education/iim-lucknow-executive-certificate-programme-in-leadership-and-change-management","v2"
"Times Pro","IIM Indore -Master Of Management Studies - Batch 02","₹ 14,00,000","2 Years","Hybrid","High","2025-03-23","","Yes","6","Yes","Yes","Mid-Senior Managers","No","2 Years","https://timespro.com/executive-education/iim-indore-master-of-management-studies","v2"
"Times Pro","IIM Calcutta- Executive Programme In Strategic Human Resource Management - Batch 06","₹ 4,66,000","12 Months","Hybrid","High","2025-02-23","2026-02-01","Yes","6","Yes","No","Mid-Senior Managers","No","7 Years","https://timespro.com/executive-education/iim-calcutta-executive-programme-in-strategic-human-resource-management","v2"
"Times Pro","IIM Calcutta- Executive Programme in Business Analytics - Batch 14","₹ 5,64,000","12 Months","Hybrid","High","2025-03-16","2026-03-01","Yes","16","Yes","Yes","Mid - Career","No","2 Years","https://timespro.com/executive-education/iim-calcutta-executive-programme-in-business-analytics-epba","v2"
"Emeritus","IIM Indore-Executive Programme in Digital Marketing","₹1,05,000","18 Weeks","Online","Low","2025-09-25","","Yes","14","No","Yes","Senior Leaders","No","Graduate or Diploma Holder","https://iimindore.emeritus.org/iimi-executive-programme-in-digital-marketing?src_trk=em680a3aebd165d2.302877921583281779&utm_campaign=organic&utm_medium=EmWebsite&utm_source=google&_gl=1*n12ywv*_gcl_au*MTA2NjM2MDUyNy4xNzQ1NTA3MDc5*_ga*NjQ2NjMxNzg4LjE3NDU1MDExMzM.*_ga_Q6TD6R55VD*czE3NTA1NzY2OTUkbzI1JGcxJHQxNzUwNTc3MTkwJGoyOSRsMCRoMTY5MzczMjQyOQ..","v2"
"Emeritus","IIM Indore- Certificate Programme in Digital Transformation and AI for Leaders","₹1,25,000","22 Weeks","Online","Low","2025-09-25","","Yes","18","No","Yes","Senior Leaders","No","Graduate or Diploma Holder","https://iimindore.emeritus.org/iimi-certificate-programme-in-digital-transformation-and-innovation?src_trk=em680a3aebd165d2.302877921583281779&utm_campaign=organic&utm_medium=EmWebsite&utm_source=google&_gl=1*bt4pgs*_gcl_au*MTA2NjM2MDUyNy4xNzQ1NTA3MDc5*_ga*NjQ2NjMxNzg4LjE3NDU1MDExMzM.*_ga_Q6TD6R55VD*czE3NTA1OTMyNTckbzI2JGcxJHQxNzUwNTkzNTg2JGo2MCRsMCRoNDA2ODUyNjM.","v2"
"Emeritus","IIM Kozhikode-Professional Certificate Programme in Design Thinking and Innovation with AI","₹1,39,000","25 Weeks","Hybrid","High","2025-09-25","","Yes","24","Yes","Yes","Designers/CXOs/Senior leaders","No","Graduate or Diploma Holder","https://iimkozhikode.emeritus.org/iimk-design-thinking-and-innovation-ai-programme?src_trk=em680a3aebd165d2.302877921583281779&utm_campaign=organic&utm_medium=EmWebsite&utm_source=google&_gl=1*bq62uh*_gcl_au*MTA2NjM2MDUyNy4xNzQ1NTA3MDc5*_ga*NjQ2NjMxNzg4LjE3NDU1MDExMzM.*_ga_Q6TD6R55VD*czE3NTA1OTYwOTgkbzI3JGcwJHQxNzUwNTk2MDk4JGo2MCRsMCRoMTA0NzExNTg1NA..","v2"
"Emeritus","IIM Kozhikode-General Management Programme: For Future Leaders","₹2,10,000","11 Months","Hybrid","High","2025-06-26","","No","15","Yes","No","Mid-Senior Managers","No","Graduate or Diploma Holder","https://iimkozhikode.emeritus.org/general-management-programme-for-future-leaders?src_trk=em680a3aebd165d2.302877921583281779&utm_campaign=organic&utm_medium=EmWebsite&utm_source=google&_gl=1*17bf3zd*_gcl_au*MTA2NjM2MDUyNy4xNzQ1NTA3MDc5*_ga*NjQ2NjMxNzg4LjE3NDU1MDExMzM.*_ga_Q6TD6R55VD*czE3NTA1OTYwOTgkbzI3JGcxJHQxNzUwNTk2NjgyJGo2MCRsMCRoMTA0NzExNTg1NA..","v2"
"Emeritus","IIM Kozhikode-Executive Presence, Influence, and Storytelling Programme","₹1,10,000","12 Weeks","Hybrid","High","2025-06-26","","No","12","Yes","Yes","CXOs/Senior Leaders","No","Graduate or Diploma Holder","https://iimkozhikode.emeritus.org/iimk-executive-presence-influence-and-storytelling?src_trk=em680a3aebd165d2.302877921583281779&utm_campaign=organic&utm_medium=EmWebsite&utm_source=google&_gl=1*163keda*_gcl_au*MTA2NjM2MDUyNy4xNzQ1NTA3MDc5*_ga*NjQ2NjMxNzg4LjE3NDU1MDExMzM.*_ga_Q6TD6R55VD*czE3NTA1OTYwOTgkbzI3JGcxJHQxNzUwNTk2OTg0JGo2MCRsMCRoMTA0NzExNTg1NA..","v2"
"Emeritus","IIM Kozhikode-Chief Product Officer Programme","₹6,09,000","12 Months","Hybrid","High","2025-06-28","","Yes","3","Yes","Yes","Product Leaders/New Evolving CPOs","No","8 Years Of Work Experience","https://iimkozhikode.emeritus.org/chief-product-officer?src_trk=em680a3aebd165d2.302877921583281779&utm_campaign=organic&utm_medium=EmWebsite&utm_source=google&_gl=1*1amcp50*_gcl_au*MTA2NjM2MDUyNy4xNzQ1NTA3MDc5*_ga*NjQ2NjMxNzg4LjE3NDU1MDExMzM.*_ga_Q6TD6R55VD*czE3NTA1OTYwOTgkbzI3JGcxJHQxNzUwNTk3MDUzJGo2MCRsMCRoMTA0NzExNTg1NA..","v2"
"Emeritus","IIM Kozhikode-Chief Operations Officer Programme","₹6,76,000","12 months","Hybrid","High","2025-09-30","","Yes","4","Yes","Yes","CXOs/Senior Leaders","No","10 Years of Work Experience","https://iimkozhikode.emeritus.org/iimk-chief-operations-officer-programme?src_trk=em680a3aebd165d2.302877921583281779&utm_campaign=organic&utm_medium=EmWebsite&utm_source=google&_gl=1*1q0gwen*_gcl_au*MTA2NjM2MDUyNy4xNzQ1NTA3MDc5*_ga*NjQ2NjMxNzg4LjE3NDU1MDExMzM.*_ga_Q6TD6R55VD*czE3NTA1OTYwOTgkbzI3JGcxJHQxNzUwNTk3MjY0JGo2MCRsMCRoMTA0NzExNTg1NA..","v2"
"Emeritus","IIM Kozhikode-Advanced Strategic Management Programme","₹2,98,000","1 Year","Hybrid","High","2025-09-28","","Yes","10","Yes","Yes","Mid-Senior Professionals","No","5 Years of Work Experience","https://iimkozhikode.emeritus.org/iimk-advanced-strategic-management-programme?src_trk=em680a3aebd165d2.302877921583281779&utm_campaign=organic&utm_medium=EmWebsite&utm_source=google&_gl=1*1fd8l2w*_gcl_au*MTA2NjM2MDUyNy4xNzQ1NTA3MDc5*_ga*NjQ2NjMxNzg4LjE3NDU1MDExMzM.*_ga_Q6TD6R55VD*czE3NTA1OTYwOTgkbzI3JGcxJHQxNzUwNTk3Mzc4JGo2MCRsMCRoMTA0NzExNTg1NA..","v2"
"Emeritus","IIM Kozhikode-Chief Financial Officer Programme","₹6,58,000","12 months","Hybrid","High","2025-06-28","","Yes","14","Yes","Yes","CXOs/Senior Leaders","No","10 Years of Work Experience","https://iimkozhikode.emeritus.org/iimk-chief-financial-officer-programme?src_trk=em680a3aebd165d2.302877921583281779&utm_campaign=organic&utm_medium=EmWebsite&utm_source=google&_gl=1*1db29n8*_gcl_au*MTA2NjM2MDUyNy4xNzQ1NTA3MDc5*_ga*NjQ2NjMxNzg4LjE3NDU1MDExMzM.*_ga_Q6TD6R55VD*czE3NTA1OTYwOTgkbzI3JGcxJHQxNzUwNTk3NzUyJGo2MCRsMCRoMTA0NzExNTg1NA..","v2"
"Emeritus","IIM Calcutta-Executive Programme in Leadership & Management","₹6,70,000","1 Year","Hybrid","High","2025-06-28","","Yes","8","Yes","Yes","Senior Leaders","No","10 Years of Work Experience","https://iimcalcutta.emeritus.org/iimc-executive-programme-in-leadership-management?src_trk=em680a3aebd165d2.302877921583281779&utm_campaign=organic&utm_medium=EmWebsite&utm_source=google&_gl=1*9bgd3w*_gcl_au*MTA2NjM2MDUyNy4xNzQ1NTA3MDc5*_ga*NjQ2NjMxNzg4LjE3NDU1MDExMzM.*_ga_Q6TD6R55VD*czE3NTA1OTYwOTgkbzI3JGcxJHQxNzUwNTk3OTkwJGo2MCRsMCRoMTA0NzExNTg1NA..","v2"
"Emeritus","IIM Kozhikode-Advanced Data Analytics for Managers","₹1,98,500","10 Months","Live","High","2025-06-28","","Yes","10","No","Yes","Mid-Senior Professionals","No","1 Years of Work Experience","https://iimkozhikode.emeritus.org/iimk-advanced-data-analytics-for-managers?src_trk=em680a3aebd165d2.302877921583281779&utm_campaign=organic&utm_medium=EmWebsite&utm_source=google&_gl=1*13j6u5v*_gcl_au*MTA2NjM2MDUyNy4xNzQ1NTA3MDc5*_ga*NjQ2NjMxNzg4LjE3NDU1MDExMzM.*_ga_Q6TD6R55VD*czE3NTA1OTYwOTgkbzI3JGcxJHQxNzUwNTk4MDkwJGo2MCRsMCRoMTA0NzExNTg1NA..","v2"
"Emeritus","IIM Kozhikode-Senior Management Programme","₹6,23,000","1 Year","Hybrid","High","2025-09-28","","Yes","13","Yes","No","Senior Leaders","No","10 Years of Work Experience","https://iimkozhikode.emeritus.org/iimk-senior-management-programme?src_trk=em680a3aebd165d2.302877921583281779&utm_campaign=organic&utm_medium=EmWebsite&utm_source=google&_gl=1*vk1wft*_gcl_au*MTA2NjM2MDUyNy4xNzQ1NTA3MDc5*_ga*NjQ2NjMxNzg4LjE3NDU1MDExMzM.*_ga_Q6TD6R55VD*czE3NTA1OTYwOTgkbzI3JGcxJHQxNzUwNTk4Mzg2JGo2MCRsMCRoMTA0NzExNTg1NA..","v2"
"Emeritus","IIM Indore-Executive Programme in Business Management","₹2,37,500","10 Months","Hybrid","High","2025-06-28","","Yes","7","Yes","Yes","Mid - Career","No","2 Years of Work Experience","https://iimindore.emeritus.org/iimi-executive-programme-in-business-management?src_trk=em680a3aebd165d2.302877921583281779&utm_campaign=organic&utm_medium=EmWebsite&utm_source=google&_gl=1*1n4mb0o*_gcl_au*MTA2NjM2MDUyNy4xNzQ1NTA3MDc5*_ga*NjQ2NjMxNzg4LjE3NDU1MDExMzM.*_ga_Q6TD6R55VD*czE3NTA1OTYwOTgkbzI3JGcxJHQxNzUwNTk4NDk4JGo2MCRsMCRoMTA0NzExNTg1NA..","v2"
"Emeritus","IIM Calcutta-Executive Programme in Human Resource Management","₹3,60,000","12 Months","Hybrid","High","2025-06-28","","Yes","7","Yes","Yes","Mid - Career","No","2 Years of Work Experience","https://iimcalcutta.emeritus.org/iimc-executive-programme-in-human-resource-management?src_trk=em680a3aebd165d2.302877921583281779&utm_campaign=organic&utm_medium=EmWebsite&utm_source=google&_gl=1*17290j8*_gcl_au*MTA2NjM2MDUyNy4xNzQ1NTA3MDc5*_ga*NjQ2NjMxNzg4LjE3NDU1MDExMzM.*_ga_Q6TD6R55VD*czE3NTA1OTYwOTgkbzI3JGcxJHQxNzUwNTk4NjM5JGo2MCRsMCRoMTA0NzExNTg1NA..","v2"
"Emeritus","IIM Calcutta-Executive Programme in Public Policy and Management","₹3,35,000","12 Months","Hybrid","High","2025-06-28","","Yes","10","Yes","Yes","Mid - Career","No","3 Years of Work Experience","https://iimcalcutta.emeritus.org/iimc-executive-programme-in-public-policy-and-management?src_trk=em680a3aebd165d2.302877921583281779&utm_campaign=organic&utm_medium=EmWebsite&utm_source=google&_gl=1*107c2zs*_gcl_au*MTA2NjM2MDUyNy4xNzQ1NTA3MDc5*_ga*NjQ2NjMxNzg4LjE3NDU1MDExMzM.*_ga_Q6TD6R55VD*czE3NTA1OTYwOTgkbzI3JGcxJHQxNzUwNTk4Nzk3JGo2MCRsMCRoMTA0NzExNTg1NA..","v2"
"Emeritus","IIM Calcutta-Advanced Programme in Supply Chain Management","₹4,60,000","12 Months","Hybrid","High","2025-06-29","","Yes","14","Yes","Yes","Mid-Senior Level Professionals","No","3 Years of Work Experience","https://iimcalcutta.emeritus.org/iimc-advanced-programme-in-supply-chain-management?src_trk=em680a3aebd165d2.302877921583281779&utm_campaign=organic&utm_medium=EmWebsite&utm_source=google&_gl=1*v9gq0k*_gcl_au*MTA2NjM2MDUyNy4xNzQ1NTA3MDc5*_ga*NjQ2NjMxNzg4LjE3NDU1MDExMzM.*_ga_Q6TD6R55VD*czE3NTA1OTYwOTgkbzI3JGcxJHQxNzUwNTk5MTAyJGo2MCRsMCRoMTA0NzExNTg1NA..","v2"
"Emeritus","IIM Kozhikode-Healthcare Management and AI Applications","₹2,20,500","10 Months","Hybrid","High","2025-06-29","","Yes","6","Yes","Yes","Healthcare Professionals","No","3 Years of Work Experience","http://iimkozhikode.emeritus.org/iimk-healthcare-management-and-analytics?src_trk=em680a3aebd165d2.302877921583281779&utm_campaign=organic&utm_medium=EmWebsite&utm_source=google&_gl=1*n6e6us*_gcl_au*MTA2NjM2MDUyNy4xNzQ1NTA3MDc5*_ga*NjQ2NjMxNzg4LjE3NDU1MDExMzM.*_ga_Q6TD6R55VD*czE3NTA1OTYwOTgkbzI3JGcxJHQxNzUwNTk5MjMzJGo2MCRsMCRoMTA0NzExNTg1NA..","v2"
"Emeritus","IIM Calcutta-Strategic Marketing for Leaders: Leveraging AI for Growth","₹1,49,900","18 Weeks","Blended","Moderate","2025-06-30","","No","8","Yes","Yes","Mid-Senior Professionals","No","Graduate or Diploma Holder","https://iimcalcutta.emeritus.org/iimc-strategic-marketing-for-leaders-leveraging-ai-for-growth?src_trk=em680a3aebd165d2.302877921583281779&utm_campaign=organic&utm_medium=EmWebsite&utm_source=google&_gl=1*dyqyjr*_gcl_au*MTA2NjM2MDUyNy4xNzQ1NTA3MDc5*_ga*NjQ2NjMxNzg4LjE3NDU1MDExMzM.*_ga_Q6TD6R55VD*czE3NTA1OTYwOTgkbzI3JGcxJHQxNzUwNTk5MzYzJGo2MCRsMCRoMTA0NzExNTg1NA..","v2"
"Emeritus","IIM Calcutta-Advanced Programme in Strategic Project Management","₹3,87,000","9 Months","Hybrid","High","2025-06-30","","Yes","3","YEs","Yes","Mid-Senior Executives","No","9","https://iimcalcutta.emeritus.org/iimc-advanced-programme-in-strategic-project-management?src_trk=em680a3aebd165d2.30287792886357090&utm_campaign=organic&utm_medium=EmWebsite&utm_source=google&_gl=1*1gyn4mk*_gcl_au*MTA2NjM2MDUyNy4xNzQ1NTA3MDc5*_ga*NjQ2NjMxNzg4LjE3NDU1MDExMzM.*_ga_Q6TD6R55VD*czE3NTA2MDM2MzEkbzI4JGcxJHQxNzUwNjAzNjM3JGo1NCRsMCRoMTI5NjEwOTE5MQ..","v2"
"Emeritus","IIM Kozhikode-AI Officer Programme","₹3,15,000","30 Weeks","Blended","Moderate","2025-09-27","","No","5","Yes","Yes","Managers & Leaders of Tech","No","7","https://iimkozhikode.emeritus.org/iimk-ai-officer-programme?src_trk=em680a3aebd165d2.30287792886357090&utm_campaign=organic&utm_medium=EmWebsite&utm_source=google&_gl=1*ng5wsf*_gcl_au*MTA2NjM2MDUyNy4xNzQ1NTA3MDc5*_ga*NjQ2NjMxNzg4LjE3NDU1MDExMzM.*_ga_Q6TD6R55VD*czE3NTA2MDM2MzEkbzI4JGcxJHQxNzUwNjAzODQxJGo2MCRsMCRoMTI5NjEwOTE5MQ..","v2"
"Emeritus","IIM Kozhikode-Chief Executive Officer Programme","₹7,02,000","12 months","Hybrid","High","2025-09-30","","Yes","4","Yes","Yes","CXOs/Senior Leaders","No","10","https://iimkozhikode.emeritus.org/iimk-chief-executive-officer-programme?src_trk=em680a3aebd165d2.30287792886357090&utm_campaign=organic&utm_medium=EmWebsite&utm_source=google&_gl=1*1fftlez*_gcl_au*MTA2NjM2MDUyNy4xNzQ1NTA3MDc5*_ga*NjQ2NjMxNzg4LjE3NDU1MDExMzM.*_ga_Q6TD6R55VD*czE3NTA2MDM2MzEkbzI4JGcxJHQxNzUwNjA0MDgxJGo2MCRsMCRoMTI5NjEwOTE5MQ..","v2"
"Emeritus","IIM Kozhikode-Professional Certificate Programme in Data Science and Artificial Intelligence for Managers","₹1,79,900","32 Weeks","Online","Low","2025-09-30","","No","32","No","No","Mid-Senior Managers","No","Graduate or Diploma Holder","https://iimkozhikode.emeritus.org/iimk-data-science-machine-learning-and-artificial-intelligence?src_trk=em680a3aebd165d2.30287792886357090&utm_campaign=organic&utm_medium=EmWebsite&utm_source=google&_gl=1*1kez55q*_gcl_au*MTA2NjM2MDUyNy4xNzQ1NTA3MDc5*_ga*NjQ2NjMxNzg4LjE3NDU1MDExMzM.*_ga_Q6TD6R55VD*czE3NTA2MDM2MzEkbzI4JGcxJHQxNzUwNjA0MTcyJGo2MCRsMCRoMTI5NjEwOTE5MQ..","v2"
"Emeritus","IIM Kozhikode-Leadership Coaching for High Performance and Talent Management","₹1,50,000","4 Days","Classroom","High","2025-09-10","2025-09-13","No","7","Yes","No","CXOs/Senior Leaders","No","10","https://iimkozhikode.emeritus.org/leadership-coaching-for-high-performance-and-talent-management?src_trk=em680a3aebd165d2.30287792886357090&utm_campaign=organic&utm_medium=EmWebsite&utm_source=google&_gl=1*1lr433l*_gcl_au*MTA2NjM2MDUyNy4xNzQ1NTA3MDc5*_ga*NjQ2NjMxNzg4LjE3NDU1MDExMzM.*_ga_Q6TD6R55VD*czE3NTA2MDM2MzEkbzI4JGcxJHQxNzUwNjA0MzcwJGoxNiRsMCRoMTI5NjEwOTE5MQ..","v2"
"Emeritus","Data Analytics for Business Strategy: Essential Tools and Applications","₹2,10,000","10 Months","Hybrid","High","2025-09-28","","Yes","10","Yes","No","Mid-Career","No","1 Years of Work Experience","https://iimkozhikode.emeritus.org/iimk-professional-certificate-programme-in-data-analytics-for-business-strategy?src_trk=em680a3aebd165d2.30287792886357090&utm_campaign=organic&utm_medium=EmWebsite&utm_source=google&_gl=1*qqq71a*_gcl_au*MTA2NjM2MDUyNy4xNzQ1NTA3MDc5*_ga*NjQ2NjMxNzg4LjE3NDU1MDExMzM.*_ga_Q6TD6R55VD*czE3NTA2MDM2MzEkbzI4JGcxJHQxNzUwNjA0NjM5JGo0MiRsMCRoMTI5NjEwOTE5MQ..","v2"
"Emeritus","General Management Programme for Business Excellence","₹2,48,500","10 Months","Online","Low","2025-09-28","","Yes","11","No","Yes","Mid-Career","No","1 Years of Work Experience","https://iimkozhikode.emeritus.org/iimk-general-management-programme-for-business-excellence?src_trk=em680a3aebd165d2.30287792886357090&utm_campaign=organic&utm_medium=EmWebsite&utm_source=google&_gl=1*1lvhrp3*_gcl_au*MTA2NjM2MDUyNy4xNzQ1NTA3MDc5*_ga*NjQ2NjMxNzg4LjE3NDU1MDExMzM.*_ga_Q6TD6R55VD*czE3NTA2MDM2MzEkbzI4JGcxJHQxNzUwNjA1NjUwJGo2MCRsMCRoMTI5NjEwOTE5MQ..","v2"
"Emeritus","IIM Calcutta-Mastering Storytelling for Leadership Communication and Influence","₹1,50,000","20 Weeks","Blended","Moderate","2025-09-30","","Yes","12","Yes","Yes","Senior Managers","No","Graduate or Diploma Holder","https://iimcalcutta.emeritus.org/iimc-mastering-storytelling-for-leadership-communication-and-influence?src_trk=em680a3aebd165d2.30287792886357090&utm_campaign=organic&utm_medium=EmWebsite&utm_source=google&_gl=1*rukftf*_gcl_au*MTA2NjM2MDUyNy4xNzQ1NTA3MDc5*_ga*NjQ2NjMxNzg4LjE3NDU1MDExMzM.*_ga_Q6TD6R55VD*czE3NTA2MDM2MzEkbzI4JGcxJHQxNzUwNjA2NTg5JGo2MCRsMCRoMTI5NjEwOTE5MQ..","v2"
"Emeritus","IIM Calcutta-Executive Programme in FinTech and AI","₹1,49,900","19 Weeks","Blended","Moderate","2025-09-30","","Yes","10","No","Yes","Mid-Senior Career","No","","https://iimcalcutta.emeritus.org/iimc-executive-programme-in-fintech-and-ai?src_trk=em680a3aebd165d2.30287792886357090&utm_campaign=organic&utm_medium=EmWebsite&utm_source=google&_gl=1*oosyib*_gcl_au*MTA2NjM2MDUyNy4xNzQ1NTA3MDc5*_ga*NjQ2NjMxNzg4LjE3NDU1MDExMzM.*_ga_Q6TD6R55VD*czE3NTA2MDM2MzEkbzI4JGcxJHQxNzUwNjA2OTA5JGo2MCRsMCRoMTI5NjEwOTE5MQ..","v2"
"Emeritus","IIM Kozhikode-Women Leadership Programme","₹3,50,000","10 Months","Hybrid","High","2025-03-31","","Yes","7","Yes","Yes","Mid-Senior Professional - Women","No","5 Years","https://iimkozhikode.emeritus.org/lp-iimk-wlp-women-leadership-programme?src_trk=em680a3aebd165d2.30287792886357090&utm_campaign=organic&utm_medium=EmWebsite&utm_source=google&_gl=1*gf1kw8*_gcl_au*MTA2NjM2MDUyNy4xNzQ1NTA3MDc5*_ga*NjQ2NjMxNzg4LjE3NDU1MDExMzM.*_ga_Q6TD6R55VD*czE3NTA2MDM2MzEkbzI4JGcxJHQxNzUwNjA3NTM4JGo2MCRsMCRoMTI5NjEwOTE5MQ..","v2"
"Emeritus","IIM Kozhikode-Chief Technology Officer Programme","₹6,78,000","12 Months","Hybrid","High","2025-09-30","","Yes","5","Yes","Yes","CXOs/Senior Leaders","No","10","https://iimkozhikode.emeritus.org/chief-technology-officer-programme?src_trk=em680a3aebd165d2.30287792886357090&utm_campaign=organic&utm_medium=EmWebsite&utm_source=google&_gl=1*qb6pth*_gcl_au*MTA2NjM2MDUyNy4xNzQ1NTA3MDc5*_ga*NjQ2NjMxNzg4LjE3NDU1MDExMzM.*_ga_Q6TD6R55VD*czE3NTA2MDM2MzEkbzI4JGcxJHQxNzUwNjA3ODk1JGo2MCRsMCRoMTI5NjEwOTE5MQ..","v2"
"Emeritus","Professional Certificate in Instructional Design","₹3,02,000","5 months","Online","Low","","","No","6","No","Yes","Professionals of Education","No","","https://admissions.emeritus.org/programs/emeritus/professional-certificate-in-instructional-design?src_trk=em680a3aebd165d2.30287792886357090&utm_campaign=organic&utm_medium=EmWebsite&utm_source=google&_gl=1*1a2ahvo*_gcl_au*MTA2NjM2MDUyNy4xNzQ1NTA3MDc5*_ga*NjQ2NjMxNzg4LjE3NDU1MDExMzM.*_ga_Q6TD6R55VD*czE3NTA2MDM2MzEkbzI4JGcxJHQxNzUwNjA4NTg0JGozMSRsMCRoMTI5NjEwOTE5MQ..","v2"
"Emeritus","Professional Certificate in Data Engineering with Microsoft Azure","₹2,59,000","6 months","Blended","Moderate","","","No","3","No","Yes","Mid-Senior Career","No","","https://admissions.emeritus.org/programs/emeritus/professional-certificate-in-data-engineering-with-microsoft-azure?src_trk=em680a3aebd165d2.30287792886357090&utm_campaign=organic&utm_medium=EmWebsite&utm_source=google&_gl=1*ic5z79*_gcl_au*MTA2NjM2MDUyNy4xNzQ1NTA3MDc5*_ga*NjQ2NjMxNzg4LjE3NDU1MDExMzM.*_ga_Q6TD6R55VD*czE3NTA2MDM2MzEkbzI4JGcxJHQxNzUwNjA4NTg0JGozMSRsMCRoMTI5NjEwOTE5MQ..","v2"
"Emeritus","IIM Kozhikode-Chief Marketing and Growth Officer Programme","₹5,00,000","10 months","Hybrid","High","","","Yes","10","Yes","Yes","CXOs/Senior Leaders","No","10","https://iimkozhikode.emeritus.org/iimk-chief-marketing-and-growth-officer-programme?src_trk=em680a3aebd165d2.30287792886357090&utm_campaign=organic&utm_medium=EmWebsite&utm_source=google&_gl=1*qigofr*_gcl_au*MTA2NjM2MDUyNy4xNzQ1NTA3MDc5*_ga*NjQ2NjMxNzg4LjE3NDU1MDExMzM.*_ga_Q6TD6R55VD*czE3NTA2MDM2MzEkbzI4JGcxJHQxNzUwNjA4NTg0JGozMSRsMCRoMTI5NjEwOTE5MQ..","v2"
"Emeritus","IIM Lucknow-Chief Technology Officer Programme","₹5,10,000","10 Months","HYbrid","High","","","Yes","5","Yes","Yes","CXOs/Senior Leaders","No","10","https://iimlucknow.emeritus.org/iiml-chief-technology-officer-programme?src_trk=em680a3aebd165d2.30287792886357090&utm_campaign=organic&utm_medium=EmWebsite&utm_source=google&_gl=1*82aflt*_gcl_au*MTA2NjM2MDUyNy4xNzQ1NTA3MDc5*_ga*NjQ2NjMxNzg4LjE3NDU1MDExMzM.*_ga_Q6TD6R55VD*czE3NTA2MTg2MjQkbzI5JGcwJHQxNzUwNjE4NzgwJGo2MCRsMCRoMTkyMzg5NzMxOA..","v2"
"Emeritus","IIM Kozhikode-Professional Certificate Programme in Public Policy Management","₹5,00,000","12 months","Hybrid","High","","","Yes","16","Yes","Yes","Mid-Senior Career","No","","https://iimkozhikode.emeritus.org/professional-certificate-programme-in-public-policy-management?src_trk=em680a3aebd165d2.30287792886357090&utm_campaign=organic&utm_medium=EmWebsite&utm_source=google&_gl=1*h5ejn*_gcl_au*MTA2NjM2MDUyNy4xNzQ1NTA3MDc5*_ga*NjQ2NjMxNzg4LjE3NDU1MDExMzM.*_ga_Q6TD6R55VD*czE3NTA2MTg2MjQkbzI5JGcxJHQxNzUwNjE4ODc1JGo2MCRsMCRoMTkyMzg5NzMxOA..","v2"
"Emeritus","IIM Lucknow-Chief Executive Officer programme","₹6,00,000","10 Months","HYbrid","High","","","Yes","4","Yes","Yes","CXOs/Senior Leaders","No","10","https://iimlucknow.emeritus.org/iiml-chief-executive-officer-programme?src_trk=em680a3aebd165d2.30287792886357090&utm_campaign=organic&utm_medium=EmWebsite&utm_source=google&_gl=1*8qkb17*_gcl_au*MTA2NjM2MDUyNy4xNzQ1NTA3MDc5*_ga*NjQ2NjMxNzg4LjE3NDU1MDExMzM.*_ga_Q6TD6R55VD*czE3NTA2MTg2MjQkbzI5JGcxJHQxNzUwNjE4OTk3JGo2MCRsMCRoMTkyMzg5NzMxOA..","v2"
"Emeritus","IIM Lucknow-Chief Human Resources Officer Programme","₹4,52,000","9 Months","Hybrid","High","2025-03-29","","Yes","9","Yes","Yes","CXOs/Senior Leaders","No","","https://iimlucknow.emeritus.org/iiml-chief-human-resources-officer-programme?src_trk=em680a3aebd165d2.302877921704543147&utm_campaign=organic&utm_medium=EmWebsite&utm_source=google&_gl=1*1vkq2t2*_gcl_au*MTA2NjM2MDUyNy4xNzQ1NTA3MDc5*_ga*NjQ2NjMxNzg4LjE3NDU1MDExMzM.*_ga_Q6TD6R55VD*czE3NTA2MTg2MjQkbzI5JGcxJHQxNzUwNjE5MDg5JGo1NSRsMCRoNjg1NjQ3NjQ2","v2"
"Emeritus","IIM Indore-Executive Programme in Business Strategy","","","Online","Low","","","Yes","20","No","No","Mid-Career","No","Graduate or Diploma Holder","https://iimindore.emeritus.org/iimi-executive-programme-in-business-strategy?src_trk=em680a3aebd165d2.302877921704543147&utm_campaign=organic&utm_medium=EmWebsite&utm_source=google&_gl=1*1k83xtp*_gcl_au*MTA2NjM2MDUyNy4xNzQ1NTA3MDc5*_ga*NjQ2NjMxNzg4LjE3NDU1MDExMzM.*_ga_Q6TD6R55VD*czE3NTA2MTg2MjQkbzI5JGcxJHQxNzUwNjE5MjQ2JGo2MCRsMCRoNjg1NjQ3NjQ2","v2"
"Emeritus","IIM Lucknow-Chief Operating Officer Programme","₹5,70,500","11 Months","Hybrid","High","2025-03-29","","Yes","9","Yes","Yes","CXOs/Senior Leaders","No","10 Years of Work Experience","https://iimlucknow.emeritus.org/iiml-chief-operating-officer-programme?src_trk=em680a3aebd165d2.302877921704543147&utm_campaign=organic&utm_medium=EmWebsite&utm_source=google&_gl=1*xcysrw*_gcl_au*MTA2NjM2MDUyNy4xNzQ1NTA3MDc5*_ga*NjQ2NjMxNzg4LjE3NDU1MDExMzM.*_ga_Q6TD6R55VD*czE3NTA2MTg2MjQkbzI5JGcxJHQxNzUwNjE5NDQ2JGo2MCRsMCRoNjg1NjQ3NjQ2","v2"
"Emeritus","IIM Kozhikode-Professional Certificate Programme in Advanced Operations Analytics and Supply Chain Management","₹2,05,000","11 Months","Live","High","","","Yes","12","No","Yes","Early- Mid Professionals","No","1 Years of Work Experience","https://iimkozhikode.emeritus.org/iimk-advanced-operations-analytics-and-supply-chain-management?src_trk=em680a3aebd165d2.302877921704543147&utm_campaign=organic&utm_medium=EmWebsite&utm_source=google&_gl=1*6ow50y*_gcl_au*MTA2NjM2MDUyNy4xNzQ1NTA3MDc5*_ga*NjQ2NjMxNzg4LjE3NDU1MDExMzM.*_ga_Q6TD6R55VD*czE3NTA2MTg2MjQkbzI5JGcxJHQxNzUwNjE5ODYxJGo0MiRsMCRoNjg1NjQ3NjQ2","v2"
"Emeritus","IIM Lucknow-Executive Programme in Project Management","₹2,15,000","9 Months","Hybrid","High","","","Yes","11","Yes","YEs","Mid- Senior Professionals","No","","https://iimlucknow.emeritus.org/iiml-executive-programme-in-project-management?src_trk=em680a3aebd165d2.302877921704543147&utm_campaign=organic&utm_medium=EmWebsite&utm_source=google&_gl=1*9njam6*_gcl_au*MTA2NjM2MDUyNy4xNzQ1NTA3MDc5*_ga*NjQ2NjMxNzg4LjE3NDU1MDExMzM.*_ga_Q6TD6R55VD*czE3NTA2MTg2MjQkbzI5JGcxJHQxNzUwNjIwMzUxJGo2MCRsMCRoNjg1NjQ3NjQ2","v2"
"Emeritus","IIM Lucknow-Executive Programme in Data Driven Product Management","₹2,10,000","8 Months","HYbrid","High","","","Yes","9","Yes","Yes","Professionals of All Work","No","","https://iimlucknow.emeritus.org/iiml-executive-programme-in-data-driven-product-management?src_trk=em680a3aebd165d2.302877921704543147&utm_campaign=organic&utm_medium=EmWebsite&utm_source=google&_gl=1*1u5edyf*_gcl_au*MTA2NjM2MDUyNy4xNzQ1NTA3MDc5*_ga*NjQ2NjMxNzg4LjE3NDU1MDExMzM.*_ga_Q6TD6R55VD*czE3NTA2MTg2MjQkbzI5JGcxJHQxNzUwNjIwMzU1JGo1NiRsMCRoNjg1NjQ3NjQ2","v2"
"Emeritus","IIM Lucknow-Global Executive Immersion: Silicon Valley","","6 Days","Hybrid","High","2025-10-12","2025-10-18","No","0","Yes","No","CXOs/Senior Leaders","No","","https://online.emeritus.org/global-executive-ai-immersion?src_trk=em680a3aebd165d2.302877921704543147&utm_campaign=organic&utm_medium=EmWebsite&utm_source=google&_gl=1*juyogx*_gcl_au*MTA2NjM2MDUyNy4xNzQ1NTA3MDc5*_ga*NjQ2NjMxNzg4LjE3NDU1MDExMzM.*_ga_Q6TD6R55VD*czE3NTA2MTg2MjQkbzI5JGcxJHQxNzUwNjIwNDk1JGo2MCRsMCRoNjg1NjQ3NjQ2","v2"
"Emeritus","IIM Lucknow-Digital Transformation and AI for Business Leaders","₹3,84,000","11 Months","Hybrid","HIgh","","","No","10","yes","Yes","CXOs/Senior Leaders","No","8","https://iimlucknow.emeritus.org/iiml-digital-transformation-and-ai-for-business-leaders?src_trk=em680a3aebd165d2.302877921704543147&utm_campaign=organic&utm_medium=EmWebsite&utm_source=google&_gl=1*eb6kr4*_gcl_au*MTA2NjM2MDUyNy4xNzQ1NTA3MDc5*_ga*NjQ2NjMxNzg4LjE3NDU1MDExMzM.*_ga_Q6TD6R55VD*czE3NTA2MTg2MjQkbzI5JGcxJHQxNzUwNjIwNzM2JGo2MCRsMCRoNjg1NjQ3NjQ2","v2"
"Emeritus","IIM Lucknow-Executive Programme in FinTech, Banking & Applied Risk Management","₹2,50,000","10 Months","Hybrid","High","2025-09-30","","No","7","Yes","Yes","Mid - Senior Leaders","No","1 Years of Work Experience","https://iimlucknow.emeritus.org/iiml-executive-programme-in-fintech-banking-applied-risk-management?src_trk=em680a3aebd165d2.302877921704543147&utm_campaign=organic&utm_medium=EmWebsite&utm_source=google&_gl=1*3xio1i*_gcl_au*MTA2NjM2MDUyNy4xNzQ1NTA3MDc5*_ga*NjQ2NjMxNzg4LjE3NDU1MDExMzM.*_ga_Q6TD6R55VD*czE3NTA2MTg2MjQkbzI5JGcxJHQxNzUwNjIwODk4JGo2MCRsMCRoNjg1NjQ3NjQ2","v2"
"Emeritus","IIM Lucknow-Senior Leadership Programme","₹5,50,000","10 Months","Hybrid","High","2025-09-30","","Yes","14","Yes","No","CXOs/Senior Leaders","No","7 Years of Work Experience","https://iimlucknow.emeritus.org/iiml-senior-leadership-programme?src_trk=em680a3aebd165d2.302877921704543147&utm_campaign=organic&utm_medium=EmWebsite&utm_source=google&_gl=1*2xten4*_gcl_au*MTA2NjM2MDUyNy4xNzQ1NTA3MDc5*_ga*NjQ2NjMxNzg4LjE3NDU1MDExMzM.*_ga_Q6TD6R55VD*czE3NTA2MTg2MjQkbzI5JGcxJHQxNzUwNjIxMDUzJGo2MCRsMCRoNjg1NjQ3NjQ2","v2"
"Emeritus","IIM Lucknow-Executive Programme in Strategic Management","₹1,56,000","7 Months","HYbrid","HIgh","","","No","7","Yes","Yes","Mid- Senior Professionals","No","5 Years of Work Experience","https://iimlucknow.emeritus.org/iiml-executive-programme-in-strategic-management?src_trk=em680a3aebd165d2.302877921704543147&utm_campaign=organic&utm_medium=EmWebsite&utm_source=google&_gl=1*aim2do*_gcl_au*MTA2NjM2MDUyNy4xNzQ1NTA3MDc5*_ga*NjQ2NjMxNzg4LjE3NDU1MDExMzM.*_ga_Q6TD6R55VD*czE3NTA2MTg2MjQkbzI5JGcxJHQxNzUwNjIxMjAzJGoxMyRsMCRoNjg1NjQ3NjQ2","v2"
"Emeritus","IIM Lucknow-Executive Programme in Data Science and AI for Managers","₹2,45,000","9 Months","Hybrid","High","","","Yes","3","Yes","No","Mid - Senior Leaders","No","","https://iimlucknow.emeritus.org/iiml-executive-programme-in-data-science?src_trk=em680a3aebd165d2.302877921704543147&utm_campaign=organic&utm_medium=EmWebsite&utm_source=google&_gl=1*3ezylz*_gcl_au*MTA2NjM2MDUyNy4xNzQ1NTA3MDc5*_ga*NjQ2NjMxNzg4LjE3NDU1MDExMzM.*_ga_Q6TD6R55VD*czE3NTA2MTg2MjQkbzI5JGcxJHQxNzUwNjIxMzI0JGo1JGwwJGg2ODU2NDc2NDY.","v2"
"Emeritus","IIM Lucknow-Executive Programme in Strategic Operations Management & Supply Chain Analytics","₹2,50,000","10 Months","Hybrid","High","2025-09-30","","Yes","10","Yes","Yes","Mid- Senior Professionals","No","1 Years of Work Experience","https://iimlucknow.emeritus.org/iiml-executive-programme-in-strategic-operations-management-supply-chain-analytics?src_trk=em680a3aebd165d2.302877921704543147&utm_campaign=organic&utm_medium=EmWebsite&utm_source=google&_gl=1*1ydg3wa*_gcl_au*MTA2NjM2MDUyNy4xNzQ1NTA3MDc5*_ga*NjQ2NjMxNzg4LjE3NDU1MDExMzM.*_ga_Q6TD6R55VD*czE3NTA2MTg2MjQkbzI5JGcxJHQxNzUwNjIxNDYxJGo2MCRsMCRoNjg1NjQ3NjQ2","v2"
"Emeritus","IIM Kozhikode-Professional Certificate Programme in Financial Analysis and Financial Management","₹2,60,000","12 Months","HYbrid","HIgh","2025-09-28","","Yes","9","Yes","Yes","Mid - Senior Managers","No","1 Years of Work Experience","https://iimkozhikode.emeritus.org/iimk-financial-analysis-and-financial-management?src_trk=em680a3aebd165d2.302877921704543147&utm_campaign=organic&utm_medium=EmWebsite&utm_source=google&_gl=1*ok0j89*_gcl_au*MTA2NjM2MDUyNy4xNzQ1NTA3MDc5*_ga*NjQ2NjMxNzg4LjE3NDU1MDExMzM.*_ga_Q6TD6R55VD*czE3NTA2MTg2MjQkbzI5JGcxJHQxNzUwNjIxNTMwJGo2MCRsMCRoNjg1NjQ3NjQ2","v2"
"Emeritus","IIM LucknowAdvanced Programme in Human Resource Management","₹2,40,000","11 Months","Hybrid","High","","","Yes","8","Yes","Yes","Mid- Senior Professionals","No","","https://iimlucknow.emeritus.org/iiml-advanced-programme-in-human-resource-management?src_trk=em680a3aebd165d2.302877921704543147&utm_campaign=organic&utm_medium=EmWebsite&utm_source=google&_gl=1*778c47*_gcl_au*MTA2NjM2MDUyNy4xNzQ1NTA3MDc5*_ga*NjQ2NjMxNzg4LjE3NDU1MDExMzM.*_ga_Q6TD6R55VD*czE3NTA2MTg2MjQkbzI5JGcxJHQxNzUwNjIxNjc1JGo2MCRsMCRoNjg1NjQ3NjQ2","v2"
"Emeritus","IIM Calcutta-Chief Financial Officer Programme","₹6,70,000","9 months","Hybrid","High","2025-09-30","","Yes","2","Yes","No","CXOs/Senior Leaders","No","","https://iimcalcutta.emeritus.org/iimc-chief-financial-officer-programme?src_trk=em680a3aebd165d2.302877921704543147&utm_campaign=organic&utm_medium=EmWebsite&utm_source=google&_gl=1*wj89i4*_gcl_au*MTA2NjM2MDUyNy4xNzQ1NTA3MDc5*_ga*NjQ2NjMxNzg4LjE3NDU1MDExMzM.*_ga_Q6TD6R55VD*czE3NTA2MTg2MjQkbzI5JGcxJHQxNzUwNjIxNzEyJGoyMyRsMCRoNjg1NjQ3NjQ2","v2"
"Emeritus","ISB-Leadership with AI","₹2,19,900","20 Weeks","Blended","Moderate","2025-07-30","","Yes","20","No","Yes","Senior Leaders","No","10 Years","https://online-em.isb.edu/leadership-with-ai?src_trk=em680a3aebd165d2.3028779295613785&utm_campaign=organic&utm_medium=EmWebsite&utm_source=google","v2"
"Emeritus","ISB-Product Management","₹1,59,900","16 Weeks","Blended","Moderate","2025-08-13","","Yes","16","No","Yes","Mid-Senior Managers","No","Diploma Holder","https://online-em.isb.edu/product-management?src_trk=em680a3aebd165d2.3028779295613785&utm_campaign=organic&utm_medium=EmWebsite&utm_source=google","v2"
"Emeritus","ISB-Digital Marketing and Analytics","₹1,15,000","13 Weeks","Blended","Moderate","2025-08-13","","Yes","12","No","Yes","Mid-Level Managers intrested in Digital Marketing","No","Diploma Holder","https://online-em.isb.edu/digital-marketing-and-analytics?src_trk=em680a3aebd165d2.3028779295613785&utm_campaign=organic&utm_medium=EmWebsite&utm_source=google","v2"
"Emeritus","Wharton-Chief Financial Officer Program – India","₹9,15,000","6 Months","Blended","Moderate","2025-09-18","","Yes","6","Yes","No","CXOs/Senior Leaders","No","10 Years","https://online-execed.wharton.upenn.edu/chief-financial-officer-india?src_trk=em680a3aebd165d2.3028779295613785&utm_campaign=organic&utm_medium=EmWebsite&utm_source=google","v2"
"Emeritus","ISB-IT Project Management","₹1,29,900","12 Weeks","Blended","Moderate","2025-09-26","","Yes","11","No","Yes","Mid-Senior Career Professionals","No","Diploma Holder","https://online-em.isb.edu/certificate-programme-in-it-project-management?src_trk=em680a3aebd165d2.3028779295613785&utm_campaign=organic&utm_medium=EmWebsite&utm_source=google","v2"
"Emeritus","ISB-ISB Venture Capital and Private Equity","₹4,61,000","22 Weeks","Blended","Moderate","2025-09-27","","Yes","3","No","Yes","Professionals who are intrested in VC & PE","No","5 Years","https://isbexecedu.isb.edu/venture-capital-and-private-equity?src_trk=em680a3aebd165d2.3028779295613785&utm_campaign=organic&utm_medium=EmWebsite&utm_source=google","v2"
"Emeritus","ISB-Chief Digital and AI Officer Programme","₹6,31,000","30 Weeks","Blended","Moderate","2025-09-27","","Yes","6","Yes","Yes","CXOs/Senior Leaders","No","10 Years","https://isbexecedu.isb.edu/chief-digital-and-ai-officer-programme?src_trk=em680a3aebd165d2.3028779295613785&utm_campaign=organic&utm_medium=EmWebsite&utm_source=google","v2"
"Emeritus","ISB -Chief Technology Officer Programme","₹6,31,000","24 Weeks","Blended","Moderate","2025-09-27","","Yes","4","Yes","Yes","CXOs/Senior Leaders","No","10 Years","https://isbexecedu.isb.edu/chief-technology-officer-programme?src_trk=em680a3aebd165d2.3028779295613785&utm_campaign=organic&utm_medium=EmWebsite&utm_source=google","v2"
"Emeritus","MIT x Pro-Post Graduate Program in Data Science and AI","₹2,60,000","9 Months","Blended","Moderate","2025-09-29","","Certificate of completion","24","No","Yes","Tech Professionals","No","Bachelor's Degree or Higher","https://executive-ed.xpro.mit.edu/post-graduate-program-in-data-science-and-ai?src_trk=em680a3aebd165d2.3028779295613785&utm_campaign=organic&utm_medium=EmWebsite&utm_source=google","v2"
"Emeritus","ISBCybersecurity for Leaders","₹1,49,900","16 Weeks","Blended","Moderate","2025-09-30","","Yes","16","No","Yes","Senior Leaders & Cybersecurity Leaders","No","10 Years","https://online-em.isb.edu/cybersecurity-for-leaders?src_trk=em680a3aebd165d2.3028779295613785&utm_campaign=organic&utm_medium=EmWebsite&utm_source=google","v2"
"Emeritus","MIT x Pro-Advanced Program in Technology Leadership and Innovation","₹3,85,000","9 Months","Blended","Moderate","2025-09-30","","Certificate of Completion","23","No","Yes","CXOs/Senior Leaders","No","Graduate or Diploma Holder","https://executive-ed.xpro.mit.edu/technology-leadership-and-innovation?src_trk=em680a3aebd165d2.3028779295613785&utm_campaign=organic&utm_medium=EmWebsite&utm_source=google","v2"
"Emeritus","MIT x Pro-Building AI Products and Services","₹1,91,000","12 Weeks","Online","Low","2025-09-30","","Certificate of completion","9","No","Yes","Technical Product Managers & Technology Professionals","No","No Prior Technical Knowledge Required","https://executive-ed.xpro.mit.edu/building-ai-products-and-services?src_trk=em680a3aebd165d2.3028779295613785&utm_campaign=organic&utm_medium=EmWebsite&utm_source=google","v2"
"Emeritus","Kellogg-AI Strategies and Applications for Leaders","₹1,65,000","12 Weeks","Blended","Moderate","2025-09-30","","Certificate of Completion","8","No","Yes","CXOs/Senior Leaders","No","Graduate or Diploma Holder","https://online.em.kellogg.northwestern.edu/kellogg-ai-strategies-and-applications-for-leaders?src_trk=em680a3aebd165d2.3028779295613785&utm_campaign=organic&utm_medium=EmWebsite&utm_source=google","v2"
"Emeritus","ISB-Transforming HR with Analytics and AI","₹1,49,900","16 Weeks","Blended","Moderate","2025-09-30","","Yes","16","No","Yes","Mid-Senior Managers & HR Professionals","No","Mid-Senior HR Professionals","https://online-em.isb.edu/transforming-hr-with-analytics-and-ai?src_trk=em680a3aebd165d2.3028779295613785&utm_campaign=organic&utm_medium=EmWebsite&utm_source=google","v2"
"Emeritus","ISB-Professional Certificate Programme in Digital Marketing","₹1,99,900","25 Weeks","Blended","Moderate","2025-09-30","","Yes","24","No","Yes","Early- Mid Professionals","No","Graduate or Diploma Holder","https://online-em.isb.edu/pcp-digital-marketing?src_trk=em680a3aebd165d2.3028779295613785&utm_campaign=organic&utm_medium=EmWebsite&utm_source=google","v2"
"Emeritus","ISB-Professional Certificate in Product Management","₹2,59,900","28 Weeks","Blended","Moderate","2025-09-30","","Yes","28","No","Yes","Business Heads & Early -Mid Level Professionals","No","Graduate or Diploma Holder","https://online-em.isb.edu/professional-certificate-in-product-management?src_trk=em680a3aebd165d2.3028779295613785&utm_campaign=organic&utm_medium=EmWebsite&utm_source=google","v2"
"Emeritus","ISB-Healthcare Management","₹1,23,000","12 Weeks","Blended","Moderate","2025-09-30","","Yes","12","No","Yes","Healthcare Professionals","No","Graduate or Diploma Holder","https://online-em.isb.edu/certificate-programme-in-healthcare-management?src_trk=em680a3aebd165d2.3028779295613785&utm_campaign=organic&utm_medium=EmWebsite&utm_source=google","v2"
"Emeritus","Kellogg-Post Graduate Certificate in Product Management","₹2,95,000","36 Weeks","Blended","Moderate","2025-09-30","","Certificate of completion","3","No","Yes","Mid-Senior Professionals","No","Graduate or Diploma Holder","https://online.em.kellogg.northwestern.edu/kellogg-post-graduate-certificate-in-product-management?src_trk=em680a3aebd165d2.3028779295613785&utm_campaign=organic&utm_medium=EmWebsite&utm_source=google","v2"
"Emeritus","ISB-Applied Business Analytics","₹1,15,000","14 Weeks","Blended","Moderate","2025-09-30","","Yes","14","No","Yes","Business Analytics Professionals","No","Graduate or Diploma Holder","https://online-em.isb.edu/applied-business-analytics?src_trk=em680a3aebd165d2.3028779295613785&utm_campaign=organic&utm_medium=EmWebsite&utm_source=google","v2"
"Emeritus","MIT x Pro-Post Graduate Certificate in Cybersecurity","₹2,61,000","10 Months","Blended","Moderate","2025-09-30","","Certificate of completion","24","No","Yes","Mid-Senior Career Professionals","No","Graduate or Diploma Holder","https://executive-ed.xpro.mit.edu/post-graduate-certificate-in-cybersecurity?src_trk=em680a3aebd165d2.3028779295613785&utm_campaign=organic&utm_medium=EmWebsite&utm_source=google","v2"
"Emeritus","Berkeley-Post Graduate Program in AI and Machine Learning","₹2,65,000","9 months","Blended","Moderate","2025-09-18","","Certificate of completion","3","No","Yes","Product Managers & Product Owners","No","Bachelor's Degree or Higher","https://em-executive.berkeley.edu/post-graduate-program-in-ai-and-ml?src_trk=em680a3aebd165d2.302877921058966122&utm_campaign=organic&utm_medium=EmWebsite&utm_source=google","v2"
"Emeritus","SP Jain-Executive Certificate Programme in AI for Business","₹1,25,000","7 Months","Blended","Moderate","2025-05-31","","Yes","6","Yes","Yes","Mid-Senior Managers","No","2 Years","https://spjimr.emeritus.org/spjimr-aib-executive-certificate-programme-in-ai-for-business?src_trk=em680a3aebd165d2.302877921058966122&utm_campaign=organic&utm_medium=EmWebsite&utm_source=google&_gl=1*cjk9jf*_gcl_au*MTA2NjM2MDUyNy4xNzQ1NTA3MDc5*_ga*NjQ2NjMxNzg4LjE3NDU1MDExMzM.*_ga_Q6TD6R55VD*czE3NTE2MTgzOTkkbzM2JGcxJHQxNzUxNjIyNjc0JGo1NCRsMCRoMTE0OTMyMzQ.","v2"
"Emeritus","Berkeley-Artificial Intelligence & GenAI: Business Strategies and Applications","₹1,49,000","3 Months","Blended","Moderate","2025-09-11","","Certificate of Completion","8","No","Yes","Mid-Senior Professionals","No","10 Years","https://em-executive.berkeley.edu/artificial-intelligence-and-genai-business-strategies-and-applications?src_trk=em680a3aebd165d2.302877921058966122&utm_campaign=organic&utm_medium=EmWebsite&utm_source=google","v2"
"Emeritus","SP Jain-Executive Certificate Programme in Fintech & Blockchain","₹1,25,000","7 Months","Live","High","2025-04-06","","Yes","6","No","Yes","Leaders & Banking Professionals","No","Graduate or Diploma Holder","https://spjimr.emeritus.org/spjimr-executive-certificate-programme-in-fintech-blockchain?src_trk=em680a3aebd165d2.302877921058966122&utm_campaign=organic&utm_medium=EmWebsite&utm_source=google&_gl=1*1wmh707*_gcl_au*MTA2NjM2MDUyNy4xNzQ1NTA3MDc5*_ga*NjQ2NjMxNzg4LjE3NDU1MDExMzM.*_ga_Q6TD6R55VD*czE3NTE2MTgzOTkkbzM2JGcxJHQxNzUxNjIzMTE2JGo1NyRsMCRoMTE0OTMyMzQ.","v2"
"Emeritus","Emeritus-Professional Certificate in Instructional Design","₹3,02,000","5 months","Online","Low","","","No","6","No","Yes","Educators & Sales Team","No","","https://admissions.emeritus.org/programs/emeritus/professional-certificate-in-instructional-design?src_trk=em680a3aebd165d2.302877921058966122&utm_campaign=organic&utm_medium=EmWebsite&utm_source=google&_gl=1*1f0g2wo*_gcl_au*MTA2NjM2MDUyNy4xNzQ1NTA3MDc5*_ga*NjQ2NjMxNzg4LjE3NDU1MDExMzM.*_ga_Q6TD6R55VD*czE3NTE2MTgzOTkkbzM2JGcxJHQxNzUxNjIzMzk4JGo2MCRsMCRoMTE0OTMyMzQ.","v2"
"Emeritus","Emeritus-Professional Certificate in Data Engineering with Microsoft Azure","₹2,59,000","6 months","Live","High","","","No","3","No","Yes","Early - Mid Career Professionals","No","","https://admissions.emeritus.org/programs/emeritus/professional-certificate-in-data-engineering-with-microsoft-azure?src_trk=em680a3aebd165d2.302877921058966122&utm_campaign=organic&utm_medium=EmWebsite&utm_source=google&_gl=1*1gjzk93*_gcl_au*MTA2NjM2MDUyNy4xNzQ1NTA3MDc5*_ga*NjQ2NjMxNzg4LjE3NDU1MDExMzM.*_ga_Q6TD6R55VD*czE3NTE2MTgzOTkkbzM2JGcxJHQxNzUxNjIzMzk4JGo2MCRsMCRoMTE0OTMyMzQ.","v2"
"Emeritus","Kellogg-Strategic Marketing Leadership Program","₹2,87,000","30 Weeks","Blended","Moderate","2025-03-27","","Certificate of Completion","5","No","Yes","Senior Leaders","No","","https://online.em.kellogg.northwestern.edu/kellogg-strategic-marketing-leadership-programme?src_trk=em680a3aebd165d2.302877921058966122&utm_campaign=organic&utm_medium=EmWebsite&utm_source=google","v2"
"Emeritus","Kellogg-Post Graduate Certificate in Digital Marketing","₹2,87,000","9 Months","Online","Low","2025-03-27","","Certificate of completion","19","No","Yes","Mid-Senior Career Professionals","No","","https://online.em.kellogg.northwestern.edu/kellogg-post-graduate-certificate-in-digital-marketing?src_trk=em680a3aebd165d2.302877921058966122&utm_campaign=organic&utm_medium=EmWebsite&utm_source=google","v2"
"Emeritus","Emeritus-Global Executive Immersion: Silicon Valley","","6 Days","Classroom","High","2025-10-12","2025-10-18","","","Yes","No","CXOs/Senior Leaders","Yes","","https://online.emeritus.org/global-executive-ai-immersion?src_trk=em680a3aebd165d2.302877921058966122&utm_campaign=organic&utm_medium=EmWebsite&utm_source=google&_gl=1*otwrei*_gcl_au*MTA2NjM2MDUyNy4xNzQ1NTA3MDc5*_ga*NjQ2NjMxNzg4LjE3NDU1MDExMzM.*_ga_Q6TD6R55VD*czE3NTE2MTgzOTkkbzM2JGcxJHQxNzUxNjI0Mzk1JGo2MCRsMCRoMTE0OTMyMzQ.","v2"
