"priority","school_slug","programme_name","url","fetch","reason"
"0","isb","Certificate Programme in Digital Transformation","https://online-er.isb.edu","fee;duration;next_start","missing fields"
"0","isb","Certificate Programme in Healthcare Leadership","https://online-er.isb.edu","fee;duration;next_start","missing fields"
"0","isb","Business Technology & Innovation with AI","https://online.isb.edu/","fee;next_start","missing fields"
"0","isb","EY-ISB Executive Program on Board Effectiveness for Women","https://www.ey.com/en_in/women-fast-forward/ey-isb-executive-program-on-board-effectiveness","duration;next_start","missing fields"
"0","isb","Fintech Innovations: From Blockchain to AI","https://online.isb.edu/","fee;next_start","missing fields"
"0","isb","Leadership Essentials","https://online.isb.edu/","fee;next_start","missing fields"
"0","isb","Management Essentials","https://online.isb.edu/","fee;next_start","missing fields"
"0","isb","AI for Leaders: Strategy to Action","https://execed.isb.edu","next_start","missing fields"
"0","isb","AI in Business: Fundamentals to Applications","https://execed.isb.edu","next_start","missing fields"
"0","isb","Accelerated General Management Programme","https://execed.isb.edu","next_start","missing fields"
"0","isb","Applied Business Analytics","https://online-em.isb.edu","next_start","missing fields"
"0","isb","Building High-performance Teams","https://execed.isb.edu","next_start","missing fields"
"0","isb","Business Storytelling and Executive Presence","https://execed.isb.edu","next_start","missing fields"
"0","isb","Business Strategy","https://online.isb.edu/business-strategy","next_start","missing fields"
"0","isb","Certificate Programme in Healthcare Management","https://online-em.isb.edu","next_start","missing fields"
"0","isb","Certificate Programme in IT Project Management","https://online-em.isb.edu","next_start","missing fields"
"0","isb","Chief Digital and AI Officer Programme","https://isbexecedu.isb.edu","next_start","missing fields"
"0","isb","Chief Financial Officer Programme","https://imarticus.org","next_start","missing fields"
"0","isb","Chief Growth & Marketing Officer Programme","https://execed.isb.edu","next_start","missing fields"
"0","isb","Chief Human Resources Officer Programme","https://execed.isb.edu","next_start","missing fields"
"0","isb","Chief Strategy Officer Programme","https://execed.isb.edu/for-individuals/c-suite-programmes/chief-strategy-officer-programme","next_start","missing fields"
"0","isb","Chief Technology Officer Programme","https://isbexecedu.isb.edu","next_start","missing fields"
"0","isb","Creating and Scaling Excellence","https://execed.isb.edu","next_start","missing fields"
"0","isb","Cybersecurity for Leaders","https://online-em.isb.edu","next_start","missing fields"
"0","isb","Digital Business Transformation with AI","https://execed.isb.edu","next_start","missing fields"
"0","isb","Digital Marketing and Analytics","https://online-em.isb.edu","next_start","missing fields"
"0","isb","Emerging Leaders Programme","https://execed.isb.edu","next_start","missing fields"
"0","isb","Essentials of Leadership","https://execed.isb.edu","next_start","missing fields"
"0","isb","Executive Programme in Business Management","https://execed.isb.edu","next_start","missing fields"
"0","isb","Executive Programme in Fintech and AI","https://execed.isb.edu","next_start","missing fields"
"0","isb","Executive Programme in Strategy and Leadership","https://execed.isb.edu","next_start","missing fields"
"0","isb","General Management Programme","https://execed.isb.edu/for-individuals/c-suite-programmes/general-management-programme","next_start","missing fields"
"0","isb","ISB-NUS Global Advanced Management Programme","https://online.isb.edu/lp/isb-nus-global-advanced-management-programme","next_start","missing fields"
"0","isb","Leadership with AI","https://online-em.isb.edu","next_start","missing fields"
"0","isb","Managing Sales Teams and Distribution Channels","https://execed.isb.edu","next_start","missing fields"
"0","isb","Mastering Executive Presence","https://execed.isb.edu","next_start","missing fields"
"0","isb","Mastering Negotiation and Influence","https://execed.isb.edu","next_start","missing fields"
"0","isb","Operational Excellence for Leaders","https://execed.isb.edu","next_start","missing fields"
"0","isb","Powering High-performance Boards Programme","https://execed.isb.edu","next_start","missing fields"
"0","isb","Product Management","https://online-em.isb.edu","next_start","missing fields"
"0","isb","Professional Certificate Programme in Digital Marketing","https://online-em.isb.edu","next_start","missing fields"
"0","isb","Professional Certificate in Product Management","https://online-em.isb.edu","next_start","missing fields"
"0","isb","Project Management","https://execed.isb.edu","next_start","missing fields"
"0","isb","Public Policy","https://execed.isb.edu","next_start","missing fields"
"0","isb","Senior Management Programme","https://execed.isb.edu","next_start","missing fields"
"0","isb","Strategic Digital Leadership Programme","https://execed.isb.edu","next_start","missing fields"
"0","isb","Strategy Formulation and Execution","https://execed.isb.edu","next_start","missing fields"
"0","isb","Transforming HR with Analytics and AI","https://online-em.isb.edu","next_start","missing fields"
"0","isb","Venture Capital and Private Equity Programme","https://isbexecedu.isb.edu","next_start","missing fields"
"0","isb","Women's Leadership Programme","https://execed.isb.edu","next_start","missing fields"
"1","iima","Analytics for Business Problem Solving","https://online.iima.ac.in/course/course-v1:IIMA+ODSFC102x+2026_09","fee;duration;next_start","missing fields"
"1","iima","Effective Service Sector Management","https://exed.iima.ac.in/effective-service-sector-management-programme","fee;duration;next_start","missing fields"
"1","iima","Executive Programme in Advanced Business Analytics","https://learn.vcnow.in/programmes/iima-executive-program-in-advanced-business-analytics/","fee;duration;next_start","missing fields"
"1","iima","Happiness Skills","https://online.iima.ac.in/course/course-v1:IIMA+OB102_x+2025_04","fee;duration;next_start","missing fields"
"1","iima","The Remains of the MBA","https://online.iima.ac.in/course/course-v1:IIMA+ODSFC102x+2025_11","fee;duration;next_start","missing fields"
"1","iima","Advanced Digital Transformation Specialization","https://online.iima.ac.in/course/course-v1:IIMA+ISSP101x+2023_12_SP","fee;next_start","missing fields"
"1","iima","Advanced Leadership Skills","https://online.iima.ac.in/course/course-v1:IIMA+OB103x+2026_04","fee;next_start","missing fields"
"1","iima","Economic Sutra: Modern Economic Policies and Ancient India","https://online.iima.ac.in/course/course-v1:IIMA+EC101x+2023_10","fee;next_start","missing fields"
"1","iima","High-Performance Leadership Specialization","https://online.iima.ac.in/course/course-v1:IIMA+OBSP101x+2026_04","fee;next_start","missing fields"
"1","iima","How to Transform Digitally?","https://online.iima.ac.in/course/course-v1:IIMA+IS103x+2024_02","fee;next_start","missing fields"
"1","iima","Leadership Skills","https://online.iima.ac.in/course/course-v1:IIMA+OB101x+1","fee;next_start","missing fields"
"1","iima","Leading with a Digital Strategy","https://online.iima.ac.in/course/course-v1:IIMA+IS102x+2023_11","fee;next_start","missing fields"
"1","iima","Organizations of the Future","https://online.iima.ac.in/course/course-v1:IIMA+HR102x+2025_10","fee;next_start","missing fields"
"1","iima","Pre MBA Statistics","https://online.iima.ac.in/course/course-v1:IIMA+PQM101x+1","fee;next_start","missing fields"
"1","iima","Pre-MBA Accounting","https://online.iima.ac.in/course/course-v1:IIMA+FAPMBA101x+2024_08","fee;next_start","missing fields"
"1","iima","Pre-MBA Quantitative Methods","https://online.iima.ac.in/course/course-v1:IIMA+ODS102x+2025_06","fee;next_start","missing fields"
"1","iima","Strategy and Game Theory for Management","https://online.iima.ac.in/course/course-v1:IIMA+EC102x+2024_07","fee;next_start","missing fields"
"1","iima","Supply Chain Digitization: Strategy and Design","https://online.iima.ac.in/course/course-v1:IIMA+ODSFC102x+2025_01","fee;next_start","missing fields"
"1","iima","Transforming Life and Organizations in the Digital Age","https://online.iima.ac.in/course/course-v1:IIMA+IS104x+2024_03","fee;next_start","missing fields"
"1","iima","3TP: Emerging Leaders' Programme","https://exed.iima.ac.in/programme-details.php?id=MTI3Ng==","next_start","added from team sheet; confirm it is still sold"
"1","iima","Accelerated General Management Programme-Blended Learning-Batch 16 (AGMP-BL17)","https://exed.iima.ac.in/programme-details.php?id=MTUwMw==","","added from team sheet; confirm it is still sold"
"1","iima","Advanced Programme in Quantitative Finance and Risk Management (Batch 2)","https://exed.iima.ac.in/advanced-programme-quantitative-finance-risk-management","next_start","missing fields"
"1","iima","Artificial Intelligence and Machine Learning For Business","https://exed.iima.ac.in/artificial-intelligence-machine-learning-for-business-programme","next_start","missing fields"
"1","iima","B2B Marketing","https://exed.iima.ac.in/b2b-marketing-programme","next_start","missing fields"
"1","iima","Becoming an Effective CIO","exed.iima.ac.in/programme-details.php?id=MTI3NA==","next_start","added from team sheet; confirm it is still sold"
"1","iima","CLIMB: Building Capability For Leadership Transitions","https://exed.iima.ac.in/climb-building-capability-leadership-transitions-programme","next_start","missing fields"
"1","iima","Contract Management","https://exed.iima.ac.in/contract-management-programme","next_start","missing fields"
"1","iima","Creative and Cultural Businesses Programme (CCBP)","https://exed.iima.ac.in/creative-cultural-businesses-programme","next_start","missing fields"
"1","iima","Designing and Operating Multisided Platforms","https://exed.iima.ac.in/designing-operating-multisided-platforms-programme","next_start","missing fields"
"1","iima","Developing Commercial And Financial Skills For Strategic Business Decisions","https://exed.iima.ac.in/developing-commercial-financial-skills-strategic-business-decisions-programme","next_start","missing fields"
"1","iima","Developing Excellence in Case Teaching and Writing","https://exed.iima.ac.in/developing-excellence-case-teaching-writing-programme","next_start","missing fields"
"1","iima","Digital Marketing: Business Models, Processes and Technologies (Batch 3)","https://exed.iima.ac.in/digital-marketing-business-models-processes-technologies-programme","next_start","missing fields"
"1","iima","Effective Management of Service Sector Firms","https://exed.iima.ac.in/programme-details.php?id=MTI5MA==","next_start","added from team sheet; confirm it is still sold"
"1","iima","Elephants and Cheetahs: Systems, Strategy and Bottlenecks","https://exed.iima.ac.in/systems-strategy-bottlenecks-programme","next_start","missing fields"
"1","iima","Enhancing Leadership Capacities and Potential among Professional Women","https://exed.iima.ac.in/enhancing-leadership-capacities-potential-among-professional-women-programme","next_start","missing fields"
"1","iima","Executive Certificate Programme in Public Policy Leadership and Strategy","https://exed.iima.ac.in/public-policy-leadership-strategy-executive-programme","next_start","missing fields"
"1","iima","Executive Programme in Business Finance (Batch 8)","https://exed.iima.ac.in/business-finance-executive-programme","next_start","missing fields"
"1","iima","Executive Programme in Financial Planning and Investment Advisory Services","https://exed.iima.ac.in/executive-programme-in-financial-planning-and-investment-advisory-services","next_start","missing fields"
"1","iima","Executive Programme in Healthcare Services Management (Batch 3)","https://exed.iima.ac.in/healthcare-services-management-programme","next_start","missing fields"
"1","iima","Executive Programme in Supply Chain and Logistics Management (Batch 4)","https://exed.iima.ac.in/executive-programme-in-supply-chain-and-logistics-management-batch-4","next_start","missing fields"
"1","iima","Financial Reporting and Corporate Governance (Batch 5)","https://exed.iima.ac.in/financial-reporting-corporate-governance-programme","next_start","missing fields"
"1","iima","HEAL: Mindful Leadership for Self and Organisational Transformation","https://exed.iima.ac.in/mindful-leadership-organisational-transformation-programme","next_start","missing fields"
"1","iima","Information Technology Management for Strategic Business Leadership: A Programme for Future CIOs and CTOs (Batch 2)","https://exed.iima.ac.in/information-technology-management-strategic-business-leadership-programme","next_start","missing fields"
"1","iima","Interpersonal Effectiveness And Team Building","https://exed.iima.ac.in/programme-details.php?id=MTMxNQ==","next_start","added from team sheet; confirm it is still sold"
"1","iima","Introduction to Case Pedagogy for Doctoral Students","https://exed.iima.ac.in/case-pedagogy-for-doctoral-students-programme","next_start","missing fields"
"1","iima","LEAP Entrepreneurs' Mentoring Board (LEAP-EMB) Programme","https://exed.iima.ac.in/leap-entrepreneurs-mentoring-board-programme","next_start","missing fields"
"1","iima","Leadership Development Program for Chief Legal Officers","https://exed.iima.ac.in/leadership-development-certification-programme-chief-legal-officers","next_start","missing fields"
"1","iima","Leadership Development Programme in Banking and Financial Services","https://exed.iima.ac.in/programme-details.php?id=MTI4OQ==","next_start","added from team sheet; confirm it is still sold"
"1","iima","Leadership and Change Management","https://exed.iima.ac.in/leadership-change-management-programme","next_start","missing fields"
"1","iima","Managing Global Value Chains in a Changing Business Environment","https://exed.iima.ac.in/programme-details.php?id=MTI3MQ==","next_start","added from team sheet; confirm it is still sold"
"1","iima","Managing IT Projects","https://exed.iima.ac.in/programme-details.php?id=MTI4Ng==","next_start","added from team sheet; confirm it is still sold"
"1","iima","Managing Internal Talent and Leadership Pipeline","https://exed.iima.ac.in/managing-internal-talent-leadership-pipeline-programme","next_start","missing fields"
"1","iima","Manufacturing Strategy","https://exed.iima.ac.in/manufacturing-strategy-programme","next_start","missing fields"
"1","iima","Nudges, Choices and Managing Human Behavior","https://exed.iima.ac.in/nudges-choices-managing-human-behavior-programme","next_start","missing fields"
"1","iima","Organisational Leadership for 21st Century","https://exed.iima.ac.in/programme-details.php?id=MTI5Mg==","next_start","added from team sheet; confirm it is still sold"
"1","iima","Project Management","https://exed.iima.ac.in/project-management-programme","next_start","missing fields"
"1","iima","Restaurant Design and Management","https://exed.iima.ac.in/restaurant-design-management-programme","next_start","missing fields"
"1","iima","Senior Management Programme-Blended Learning-Batch 16 (SMP-BL15)","https://exed.iima.ac.in/programme-details.php?id=MTI2NQ==","","added from team sheet; confirm it is still sold"
"1","iima","Strategic Communication","https://exed.iima.ac.in/programme-details.php?id=MTI5NA==","next_start","added from team sheet; confirm it is still sold"
"1","iima","Strategic Cost Management","https://exed.iima.ac.in/strategic-cost-management-programme","next_start","missing fields"
"1","iima","Strategic Human Resource Management","https://exed.iima.ac.in/programme-details.php?id=MTI3OA==","next_start","added from team sheet; confirm it is still sold"
"1","iima","Strategic Leadership for Schools in a Changing Environment","https://exed.iima.ac.in/strategic-leadership-schools-changing-environment-programme","next_start","missing fields"
"1","iima","Strategic Pricing Architecture for Profitable Growth","https://exed.iima.ac.in/strategic-pricing-architecture-profitable-growth-programme","next_start","missing fields"
"1","iima","Strategies For Winning In International Markets (SWIM)","https://exed.iima.ac.in/strategies-winning-international-markets-swim-programme","next_start","missing fields"
"1","iima","Strategies for Growth","https://exed.iima.ac.in/strategies-for-growth-programme","next_start","missing fields"
"1","iima","Strategy Implementation","https://exed.iima.ac.in/strategy-implementation-programme","next_start","missing fields"
"1","iima","Supply Chain Management","https://exed.iima.ac.in/programme-details.php?id=MTI3NQ==","next_start","added from team sheet; confirm it is still sold"
"1","iima","Taking People Along: Managing by Persuasion","https://exed.iima.ac.in/taking-people-along-managing-by-persuasion-programme","next_start","missing fields"
"1","iima","Understanding Bhagavad Gita: A Journey Towards Leadership Excellence","https://exed.iima.ac.in/programme-details.php?id=MTMxMA==","next_start","added from team sheet; confirm it is still sold"
"1","iima","Wealth Management","https://exed.iima.ac.in/wealth-management-programme","next_start","missing fields"
"1","iima","Young Entrepreneurs Programme","https://exed.iima.ac.in/young-entrepreneurs-programme","next_start","missing fields"
"1","iimb","Accounting and Finance","https://www.edx.org/learn/financial-accounting/indian-institute-of-management-bangalore-accounting-and-finance","fee;duration;next_start","missing fields"
"1","iimb","Accounting for Decision-Making","https://www.edx.org/learn/accounting/indian-institute-of-management-bangalore-accounting-for-decision-making","fee;duration;next_start","missing fields"
"1","iimb","Advanced Corporate Strategy","https://www.edx.org/learn/business-strategy/indian-institute-of-management-bangalore-advanced-corporate-strategy","fee;duration;next_start","missing fields"
"1","iimb","Behavioral Economics and Public Policy","https://www.edx.org/learn/behavioral-economics/indian-institute-of-management-bangalore-behavioral-economics-and-public-policy","fee;duration;next_start","missing fields"
"1","iimb","Brand Management","https://www.edx.org/learn/branding/indian-institute-of-management-bangalore-brand-management","fee;duration;next_start","missing fields"
"1","iimb","Brand and Marketing Research Strategy (Professional Certificate)","https://www.edx.org/certificates/professional-certificate/iimbx-brand-and-marketing-research-strategy","fee;duration;next_start","missing fields"
"1","iimb","Business Management (MicroMasters)","https://www.edx.org/masters/micromasters/iimbx-business-management","fee;duration;next_start","missing fields"
"1","iimb","Certified People Leader Program – Batch 7 (CPLP7)","https://eep.iimb.ac.in/course/certified-people-leader-program-batch-7-cplp7/","fee;duration;next_start","missing fields"
"1","iimb","Consumer Behaviour","https://www.edx.org/learn/marketing/indian-institute-of-management-bangalore-consumer-behaviour","fee;duration;next_start","missing fields"
"1","iimb","Corporate Finance","https://www.edx.org/learn/finance/indian-institute-of-management-bangalore-corporate-finance","fee;duration;next_start","missing fields"
"1","iimb","Crafting Realities: Work, Happiness, and Meaning","https://www.edx.org/learn/workplace-wellness/indian-institute-of-management-bangalore-crafting-realities-work-happiness-and-meaning","fee;duration;next_start","missing fields"
"1","iimb","Customer Relationship Management","https://www.edx.org/learn/customer-relationship-management/indian-institute-of-management-bangalore-customer-relationship-management","fee;duration;next_start","missing fields"
"1","iimb","Customer Relationship Management for Marketers (Professional Certificate)","https://www.edx.org/certificates/professional-certificate/iimbx-customer-relationship-management-for-marketers","fee;duration;next_start","missing fields"
"1","iimb","DO Your Venture: Entrepreneurship For Everyone","https://www.edx.org/learn/entrepreneurship/indian-institute-of-management-bangalore-do-your-venture-entrepreneurship-for-everyone","fee;duration;next_start","missing fields"
"1","iimb","Digital Marketing (Professional Certificate)","https://www.edx.org/certificates/professional-certificate/iimbx-digital-marketing-professional-certificate-program","fee;duration;next_start","missing fields"
"1","iimb","Digital Marketing Strategy","https://www.edx.org/learn/digital-marketing/indian-institute-of-management-bangalore-digital-marketing-strategy","fee;duration;next_start","missing fields"
"1","iimb","Dynamics of Financial Sector Regulation","https://eep.iimb.ac.in/course/dynamics-of-financial-sector-regulation/","fee;duration;next_start","missing fields"
"1","iimb","Enlightened Leadership [Batch-1]","https://eep.iimb.ac.in/course/enlightened-leadership-batch-1/","fee;duration;next_start","missing fields"
"1","iimb","Enterprise Innovation through Startups","https://eep.iimb.ac.in/course/enterprise-innovation-through-startups/","fee;duration;next_start","missing fields"
"1","iimb","Entrepreneurship (MicroMasters)","https://www.edx.org/masters/micromasters/iimbx-entrepreneurship","fee;duration;next_start","missing fields"
"1","iimb","Financial Accounting and Analysis","https://www.edx.org/learn/financial-accounting/indian-institute-of-management-bangalore-financial-accounting-and-analysis","fee;duration;next_start","missing fields"
"1","iimb","General Management Programme for IT Executives – Batch 20","https://eep.iimb.ac.in/view-all-programs/","fee;format;next_start","added from team sheet; confirm it is still sold"
"1","iimb","Health Communication","https://www.edx.org/school/iimbx","fee;duration;next_start","missing fields"
"1","iimb","Healthcare CEO Excellence Programme","https://eep.iimb.ac.in/course/healthcare-ceo-excellence-programme/","fee;duration;next_start","missing fields"
"1","iimb","Healthcare Senior Leadership Programme","https://eep.iimb.ac.in/course/healthcare-senior-leadership-programme/","fee;duration;next_start","missing fields"
"1","iimb","Influencer Marketing","https://eep.iimb.ac.in/course/influencer-marketing/","fee;duration;next_start","missing fields"
"1","iimb","Leadership Transformation (MicroMasters)","https://www.edx.org/masters/micromasters/iimbx-leadership-transformation","fee;duration;next_start","missing fields"
"1","iimb","Macroeconomics: Theory and Policy","https://www.edx.org/learn/macroeconomics/indian-institute-of-management-bangalore-macroeconomics-theory-and-policy","fee;duration;next_start","missing fields"
"1","iimb","Managing Family Businesses for Sustained Success","https://www.edx.org/learn/business-administration/indian-institute-of-management-bangalore-managing-family-businesses-for-sustained-success","fee;duration;next_start","missing fields"
"1","iimb","Managing Technological Innovation","https://eep.iimb.ac.in/course/managing-technological-innovation/","fee;duration;next_start","missing fields"
"1","iimb","Marketing Essentials","https://www.edx.org/learn/marketing/indian-institute-of-management-bangalore-marketing-essentials","fee;duration;next_start","missing fields"
"1","iimb","Marketing Management","https://www.edx.org/learn/marketing-management/indian-institute-of-management-bangalore-marketing-management","fee;duration;next_start","missing fields"
"1","iimb","Marketing Research for Startups & Managers","https://eep.iimb.ac.in/course/marketing-research-for-startups-managers/","fee;duration;next_start","missing fields"
"1","iimb","New Product Development","https://www.edx.org/learn/product-design/indian-institute-of-management-bangalore-new-product-development","fee;duration;next_start","missing fields"
"1","iimb","Operations Management","https://www.edx.org/learn/operations-management/indian-institute-of-management-bangalore-operations-management","fee;duration;next_start","missing fields"
"1","iimb","People Management for Entrepreneurs","https://www.edx.org/learn/business-management/indian-institute-of-management-bangalore-people-management-for-entrepreneurs-2","fee;duration;next_start","missing fields"
"1","iimb","People Management with Impact","https://www.edx.org/learn/management/indian-institute-of-management-bangalore-people-management","fee;duration;next_start","missing fields"
"1","iimb","Platform Business Models","https://www.edx.org/learn/business-model/indian-institute-of-management-bangalore-platform-business-models","fee;duration;next_start","missing fields"
"1","iimb","Product Marketing Strategy (MicroMasters)","https://www.edx.org/masters/micromasters/iimbx-product-marketing-strategy","fee;duration;next_start","missing fields"
"1","iimb","Quantitative Marketing Research","https://www.edx.org/learn/marketing/indian-institute-of-management-bangalore-quantitative-marketing-research","fee;duration;next_start","missing fields"
"1","iimb","Services Marketing Fundamentals (Professional Certificate)","https://www.edx.org/certificates/professional-certificate/iimbx-services-marketing-fundamentals","fee;duration;next_start","missing fields"
"1","iimb","Services Marketing: Concepts & Applications","https://www.edx.org/learn/marketing/indian-institute-of-management-bangalore-services-marketing-concepts-applications","fee;duration;next_start","missing fields"
"1","iimb","Strategic Management","https://www.edx.org/learn/strategic-management/indian-institute-of-management-bangalore-strategic-management","fee;duration;next_start","missing fields"
"1","iimb","Strategic Stewardship: Integrated Strategy to Create Sustainable Value","https://eep.iimb.ac.in/course/strategic-stewardship-integrated-strategy-to-create-sustainable-value/","fee;duration;next_start","missing fields"
"1","iimb","The Essence of Leadership: Explorations from Literature","https://www.edx.org/learn/leadership/indian-institute-of-management-bangalore-the-essence-of-leadership-explorations-from-literature","fee;duration;next_start","missing fields"
"1","iimb","AI & Consumer Persuasion","https://eep.iimb.ac.in/course/ai-consumer-persuasion/","fee;next_start","missing fields"
"1","iimb","Analytics for Market Research [Batch-1]","https://eep.iimb.ac.in/course/analytics-for-market-research/","fee;next_start","missing fields"
"1","iimb","Analytics for Strategic Choices [Batch -3]","https://eep.iimb.ac.in/course/analytics-for-strategic-choices/","fee;next_start","missing fields"
"1","iimb","Building Blocks of Marketing","https://eep.iimb.ac.in/course/building-blocks-of-marketing/","fee;next_start","missing fields"
"1","iimb","Building a Strong Employer Brand","https://eep.iimb.ac.in/view-all-programs/","fee;next_start","added from team sheet; confirm it is still sold"
"1","iimb","Building a Strong Employer Brand: Strategies for Sustainable Growth","https://eep.iimb.ac.in/course/building-a-strong-employer-brand-strategies-for-sustainable-growth/","fee;next_start","missing fields"
"1","iimb","Certificate Programme on Personal Finance and Wealth Advisory – PFWA","https://eep.iimb.ac.in/course/executive-programme-in-personal-finance-and-wealth-advisory/","fee;next_start","missing fields"
"1","iimb","Company Director's Programme: Board Best Practices","https://eep.iimb.ac.in/course/company-directors-programme-board-best-practices/","fee;next_start","missing fields"
"1","iimb","Creating Successful New Products","https://eep.iimb.ac.in/course/creating-successful-new-products/","fee;next_start","missing fields"
"1","iimb","Designing & Monetising Loyalty Programs [Batch 2]","https://eep.iimb.ac.in/course/designing-monetising-loyalty-programs/","fee;duration","missing fields"
"1","iimb","Digital Business Models and Strategy","https://eep.iimb.ac.in/view-all-programs/","fee;next_start","added from team sheet; confirm it is still sold"
"1","iimb","Digital Product Management [Batch -2]","https://eep.iimb.ac.in/course/digital-product-management/","fee;next_start","missing fields"
"1","iimb","Digital Social Media & AI Strategy: Driving Business Growth","https://eep.iimb.ac.in/course/digital-and-social-media-marketing-strategy-driving-business-growth/","fee;next_start","missing fields"
"1","iimb","ESG – Management, Reporting and Communication (Batch-3)","https://eep.iimb.ac.in/course/esg-management-reporting-and-communication-batch-3/","fee;next_start","missing fields"
"1","iimb","Faculty Development Programme on Research and Academic Publishing ""From Idea to Impact: Publishing in Top Journals – An Editorial and Authorial Perspective""","https://eep.iimb.ac.in/course/faculty-development-programme-on-research-and-academic-publishing-from-idea-to-impact-publishing-in-top-journals-an-editorial-and-authorial-perspective/","fee;next_start","missing fields"
"1","iimb","Leadership Skills for Engineers","https://eep.iimb.ac.in/view-all-programs/","fee;next_start","added from team sheet; confirm it is still sold"
"1","iimb","Leadership for Net-Zero Economy","https://eep.iimb.ac.in/course/leadership-for-net-zero-economy/","fee;next_start","missing fields"
"1","iimb","Leading Businesses Through Macroeconomic Uncertainty – A practical Playbook [Batch-1]","https://eep.iimb.ac.in/course/leading-businesses-through-macroeconomic-uncertainty-a-practical-playbook/","fee;next_start","missing fields"
"1","iimb","Leading Strategic Change","https://eep.iimb.ac.in/course/leading-strategic-change/","fee;next_start","missing fields"
"1","iimb","Managing and Sustaining Hospital Growth","https://eep.iimb.ac.in/course/managing-and-sustaining-hospital-growth/","fee;next_start","missing fields"
"1","iimb","Organizational Transformation and Leadership Agility [Batch 1]","https://eep.iimb.ac.in/course/organizational-transformation-and-leadership-agility-batch-1/","fee;duration","missing fields"
"1","iimb","Personal Growth & Team Building","https://eep.iimb.ac.in/view-all-programs/","fee;next_start","added from team sheet; confirm it is still sold"
"1","iimb","Programme on Data Science & AI (DSAI) – Batch 4","https://eep.iimb.ac.in/course/programme-on-data-science-ai/","fee;next_start","missing fields"
"1","iimb","Resilient Leadership (Batch-2)","https://eep.iimb.ac.in/course/resilient-leadership-batch-2/","fee;next_start","missing fields"
"1","iimb","Risks and Challenges in Global Banking Regulations","https://eep.iimb.ac.in/view-all-programs/","fee;next_start","added from team sheet; confirm it is still sold"
"1","iimb","Stepping up: Preparing for Leadership","https://eep.iimb.ac.in/view-all-programs/","fee;next_start","added from team sheet; confirm it is still sold"
"1","iimb","Storytelling for Business Managers","https://eep.iimb.ac.in/course/storytelling-for-business-managers-batch-2/","fee;next_start","missing fields"
"1","iimb","Strategic Analysis for Competitive Advantage","https://eep.iimb.ac.in/view-all-programs/","fee;next_start","added from team sheet; confirm it is still sold"
"1","iimb","Strategic Perspectives on the Design of Public Private Partnerships (PPPs)","https://eep.iimb.ac.in/course/strategic-perspectives-on-the-design-of-public-private-partnerships-ppps/","fee;next_start","missing fields"
"1","iimb","Strategic Sourcing and Supplier Management","https://eep.iimb.ac.in/course/strategic-sourcing-supplier-management/","fee;next_start","missing fields"
"1","iimb","Sustainability 360: A Tool for Business Transformation [Batch-1]","https://eep.iimb.ac.in/course/sustainability-360-a-tool-for-business-transformation/","fee;next_start","missing fields"
"1","iimb","Technology Leadership and Future of Work: Thriving Amidst Technological Change","https://eep.iimb.ac.in/view-all-programs/","fee;next_start","added from team sheet; confirm it is still sold"
"1","iimb","Understanding People through the lens of Behavioral Economics","https://eep.iimb.ac.in/course/understanding-people-through-the-lens-of-behavioral-economics/","fee;next_start","missing fields"
"1","iimb","Accelerating Your Leadership Journey – Leader As a Coach","https://eep.iimb.ac.in/course/leader-as-a-coach-accelerating-your-leadership-journey/","fee","missing fields"
"1","iimb","Advanced Business Negotiation Programme","https://eep.iimb.ac.in/course/advanced-business-negotiation-programme/","next_start","missing fields"
"1","iimb","Advanced Management Programme – Batch 21 (AMP21)","https://eep.iimb.ac.in/course/advanced-management-programme-amp/","fee","missing fields"
"1","iimb","Advanced Programme in Quantitative Finance (APQF1)","https://eep.iimb.ac.in/course/advanced-management-programme-in-quantitative-finance-ampqf1/","fee","missing fields"
"1","iimb","Artificial Intelligence (AI) and Analytics Based Business Strategy; Creating Business Value [Batch – 7]","https://eep.iimb.ac.in/course/artificial-intelligence-ai-and-analytics-based-business-strategy-creating-business-value/","fee","missing fields"
"1","iimb","Artificial Intelligence for Leaders (Batch-1)","https://eep.iimb.ac.in/course/artificial-intelligence-for-senior-leaders/?utm_campaign=S01710&utm_content=artificial-intelligence","next_start","added from team sheet; confirm it is still sold"
"1","iimb","Augmented Decisions: AI and Human Behavior [Batch-1]","https://eep.iimb.ac.in/course/augmented-decisions-ai-and-human-behavior-batch-1/","fee","missing fields"
"1","iimb","Business Analytics & Artificial Intelligence – Batch 17 (BAAI)","https://eep.iimb.ac.in/course/business-analytics-artificial-intelligence-baai/","next_start","missing fields"
"1","iimb","Business Analytics - The Science of Data Driven Decision Making","https://eep.iimb.ac.in/course/business-analytics-science-of-data-driven-decision-making/?utm_campaign=S00150&utm_content=business-analytics-science-of-data","next_start","added from team sheet; confirm it is still sold"
"1","iimb","Business Storytelling for Leaders","https://eep.iimb.ac.in/course/business-storytelling-for-leaders/","fee","missing fields"
"1","iimb","CEO Excellence Programme: Leading with Vision & Strategic Impact [Batch 1]","https://eep.iimb.ac.in/course/ceo-excellence-programme-leading-with-vision-strategic-impact-batch-1/","fee","missing fields"
"1","iimb","Competitive Marketing Strategy [Batch 19]","https://eep.iimb.ac.in/course/competitive-marketing-strategy/","fee","missing fields"
"1","iimb","Corporate Diplomacy","https://eep.iimb.ac.in/course/corporate-diplomacy-leading-in-a-turbulent-world/?utm_campaign=S02200&utm_content=corporate-diplomacy","next_start","added from team sheet; confirm it is still sold"
"1","iimb","Corporate Diplomacy: Leading in a Turbulent World","https://eep.iimb.ac.in/course/corporate-diplomacy-leading-in-a-turbulent-world/","fee","missing fields"
"1","iimb","Corporate Governance in the Age of AI: Challenges, Risks and Opportunities","https://eep.iimb.ac.in/course/corporate-governance-in-the-age-of-ai-challenges-risks-and-opportunities/","fee","missing fields"
"1","iimb","Data Visualization and Storytelling Through Data","https://eep.iimb.ac.in/course/data-visualization-and-storytelling-through-data/","next_start","missing fields"
"1","iimb","Decision Making and Conflict Management in Family Firms","https://eep.iimb.ac.in/course/decision-making-and-conflict-management-in-family-firms/","next_start","missing fields"
"1","iimb","Decision Making for Managerial Effectiveness","https://eep.iimb.ac.in/course/decision-making-for-managerial-effectiveness/","next_start","missing fields"
"1","iimb","Digital and Social Media Marketing Strategy: Driving Business Growth (Batch-1)","https://eep.iimb.ac.in/course/digital-and-social-media-marketing-strategy-driving-business-growth/?utm_campaign=S00640&utm_content=dsm","next_start","added from team sheet; confirm it is still sold"
"1","iimb","Ecosystem Strategy for Business Leaders","https://eep.iimb.ac.in/course/ecosystem-strategy-for-business-leaders/?utm_campaign=S02350&utm_content=ESBL","next_start","added from team sheet; confirm it is still sold"
"1","iimb","Entrepreneurial Leadership in Organizations","https://eep.iimb.ac.in/course/entrepreneurial-leadership-in-organizations-batch-3/","fee","missing fields"
"1","iimb","Executive Programme in Business Finance (EPBF-BL07)","https://eep.iimb.ac.in/course/entrepreneurial-leadership-in-organizations-batch-1/?utm_campaign=S02450&utm_content=ELO","next_start","added from team sheet; confirm it is still sold"
"1","iimb","Executive Programme in Luxury Fashion & Lifestyle Leadership – Batch 1 (EPLFL1)","https://eep.iimb.ac.in/course/executive-programme-in-luxury-fashion-lifestyle-leadership-batch-1-eplfl1/","fee","missing fields"
"1","iimb","Finance Master Class for Business Leadership [Batch-6]","https://eep.iimb.ac.in/course/finance-master-class-for-business-leadership-batch-6/","fee","missing fields"
"1","iimb","Finance for Decision Making (for Non-Finance Managers)","https://eep.iimb.ac.in/course/finance-for-managers/","fee","missing fields"
"1","iimb","Finance for Non-Finance Managers: A Primer for Decision Making – Batch 6 (FNFM6)","https://eep.iimb.ac.in/course/finance-for-non-finance-managers-fnfe/","fee","missing fields"
"1","iimb","From Data to Decisions","https://eep.iimb.ac.in/course/data-analytics-programme/","fee","missing fields"
"1","iimb","General Management Programme for Aerospace and Aviation Executives – Batch 12 (GMAE12)","https://eep.iimb.ac.in/course/general-management-programme-for-aerospace-and-aviation-executives-gmae/","next_start","missing fields"
"1","iimb","General Management Programme for Healthcare Executives – Batch 9 (GMHE9)","https://eep.iimb.ac.in/course/general-management-programme-for-healthcare-executives-gmhe/","fee","missing fields"
"1","iimb","Generative AI and Agentic AI (Batch-2)","https://eep.iimb.ac.in/course/generative-ai-and-agentic-ai-with-business-applications/?utm_campaign=S02471&utm_content=GenAI","next_start","added from team sheet; confirm it is still sold"
"1","iimb","Global Executive Master of Business Administration – Aerospace Management (GEMBA Batch 7)","https://eep.iimb.ac.in/course/global-executive-master-of-business-administration-aerospace-management-gemba-batch-6/","next_start","added from team sheet; confirm it is still sold"
"1","iimb","IIMB CREDAI Business Leadership Programme (BLP)","https://eep.iimb.ac.in/course/iimb-credai-business-leadership-programme-blp/","next_start","missing fields"
"1","iimb","Influencing Your Stakeholders Toward Collective Growth (Batch 2)","https://eep.iimb.ac.in/course/stakeholder-influence-course-iimb/","next_start","missing fields"
"1","iimb","Intellectual Property – Games and Strategies","https://eep.iimb.ac.in/course/intellectual-property-games-and-strategies/","fee","missing fields"
"1","iimb","Leadership Development Program to Build Resilient GCCs","https://eep.iimb.ac.in/course/leadership-development-program-to-build-resilient-gccs/","next_start","missing fields"
"1","iimb","Leadership in Extreme Environments (Batch-2)","https://eep.iimb.ac.in/course/leadership-in-extreme-environments-batch-2/","next_start","missing fields"
"1","iimb","Leading Digital Transformation – Batch 8 (LDT8)","https://eep.iimb.ac.in/course/leading-digital-transformation-ldt/","fee","missing fields"
"1","iimb","Learning From Corporate Failures","https://eep.iimb.ac.in/course/learning-from-corporate-failures-2/","next_start","missing fields"
"1","iimb","Machine Learning with Business Applications [Batch-08]","https://eep.iimb.ac.in/course/machine-learning-with-business-applications/","fee","missing fields"
"1","iimb","Management Programme for Entrepreneurs & Family Businesses (MPEFB) (Batch-17)","https://eep.iimb.ac.in/course/management-programme-for-entrepreneurs-family-businesses-batch-17/","next_start","missing fields"
"1","iimb","Mergers & Acquisitions, Corporate Restructuring, Buyouts and Divestitures [Batch 11]","https://eep.iimb.ac.in/course/http-eep-iimb-ac-in-course-product-management-utm_campaign8726bx001utm_contentpm/","next_start","missing fields"
"1","iimb","Mid-Career Transitions for Success","https://eep.iimb.ac.in/course/mid-career-professionals-building-career-strategy-for-success/","fee","missing fields"
"1","iimb","Mindfulness for Effective Leadership (Batch-2)","https://eep.iimb.ac.in/course/mindfulness-for-effective-leadership/","next_start","missing fields"
"1","iimb","Organizational Excellence Through Leadership","https://eep.iimb.ac.in/course/organizational-excellence-through-leadership-batch-23/","next_start","missing fields"
"1","iimb","Post Merger Integration for M&A Success","https://eep.iimb.ac.in/course/post-merger-integration-for-ma-success/","fee","missing fields"
"1","iimb","Predictive Analytics for Business Forecasting [Batch-7]","https://eep.iimb.ac.in/course/predictive-analytics-for-business-forecasting/","fee","missing fields"
"1","iimb","Private Equity and Capital Market Financing","https://eep.iimb.ac.in/course/private-equity-and-capital-market-financing/","fee","missing fields"
"1","iimb","Product Management [Batch-2]","https://eep.iimb.ac.in/course/product-management/","fee","missing fields"
"1","iimb","Programme on Capital Markets and Risk Management – Batch 3 (CMRM Batch-3)","https://eep.iimb.ac.in/course/programme-on-capital-markets-and-risk-management/","next_start","missing fields"
"1","iimb","Project, Program & Portfolio Management","https://eep.iimb.ac.in/course/project-program-portfolio-management-batch-2/","next_start","missing fields"
"1","iimb","Resource Optimisation for Decision Makers","https://eep.iimb.ac.in/course/resource-optimisation-for-decision-makers/","fee","missing fields"
"1","iimb","Senior Leadership Management Programme – Batch 1 (SLMP1)","https://eep.iimb.ac.in/course/senior-leadership-management-programme-batch-1-slmp1/","fee","missing fields"
"1","iimb","Social Media Marketing","https://eep.iimb.ac.in/course/social-media-marketing/","fee","missing fields"
"1","iimb","Strategic Leadership Development Programme (SLDP-8)","https://eep.iimb.ac.in/course/strategic-leadership-development-programme-sldp/","fee","missing fields"
"1","iimb","Strategic Leadership Programme For IT Companies","https://eep.iimb.ac.in/course/strategic-leadership-programme-for-it-companies/","fee","missing fields"
"1","iimb","Strategic Leadership and Innovation in the Digital Era (Batch-4)","https://eep.iimb.ac.in/course/strategic-leadership-and-innovation-in-the-digital-era/","fee","missing fields"
"1","iimb","Strategic Management of Innovation [Batch-8]","https://eep.iimb.ac.in/course/strategic-management-of-innovation/","fee","missing fields"
"1","iimb","Strategy and Leadership in VUCA World","https://eep.iimb.ac.in/course/strategy-and-leadership-in-vuca-world/","fee","missing fields"
"1","iimb","Workplace Conflict: An Opportunity for Growth (Batch 5)","https://eep.iimb.ac.in/course/workplace-conflict-an-opportunity-for-growth-batch-5/","next_start","missing fields"
"1","iimc","Leadership Programme in Building Executive Presence and Influence","https://talentsprint.com/course/executive-presence-and-influence-iim-calcutta","fee;next_start","missing fields"
"1","iimc","AI-Powered Product Management (AIPPM)","https://www.iimcal.ac.in/ldp/ai-powered-product-management-aippm","fee","missing fields"
"1","iimc","AIM - Artificial Intelligence for Managers","https://www.iimcal.ac.in/mdp/aim-artificial-intelligence-for-managers","next_start","added from team sheet; confirm it is still sold"
"1","iimc","Advacned Programme in Supply Chain Management","https://www.iimcal.ac.in/ldp/advanced-programme-supply-chain-management-apscm","next_start","added from team sheet; confirm it is still sold"
"1","iimc","Advanced Marketing Analytics for Decision Making","https://www.iimcal.ac.in/mdp/advanced-marketing-analytics-for-decision-making","next_start","added from team sheet; confirm it is still sold"
"1","iimc","Advanced Programme for Marketing and Sales Professionals (APMP)","https://www.iimcal.ac.in/ldp/advanced-programme-for-marketing-and-sales-professionals-apmp-transformative-journey-c-suite","fee","missing fields"
"1","iimc","Advanced Programme for Marketing and Sales Professionals: Transformative Journey to c-Suite Roles","https://www.iimcal.ac.in/ldp/advanced-programme-for-marketing-and-sales-professionals-apmp-transformative-journey-c-suite","next_start","added from team sheet; confirm it is still sold"
"1","iimc","Advanced Programme in Strategic Management for Corporate Leaders (APSMCL)","https://www.iimcal.ac.in/ldp/advanced-programme-strategic-management-for-corporate-leaders-apsmcl","next_start","added from team sheet; confirm it is still sold"
"1","iimc","Advanced Programme in Strategic Project Management","https://www.iimcal.ac.in/ldp/advanced-programme-strategic-project-management-apspm","next_start","added from team sheet; confirm it is still sold"
"1","iimc","Advanced Programmes for Marketing Professionals","https://www.iimcal.ac.in/ldp/advanced-programme-for-marketing-professionals-apmp","next_start","added from team sheet; confirm it is still sold"
"1","iimc","Advanced Strategy and Leadership hacks for Family Business","https://www.iimcal.ac.in/mdp/advanced-strategy-and-leadership-hacks-for-family-business","next_start","added from team sheet; confirm it is still sold"
"1","iimc","Analytical Communication and Data Presentattion","https://www.iimcal.ac.in/mdp/analytical-communication-and-data-presentation","next_start","added from team sheet; confirm it is still sold"
"1","iimc","Being More Creative","https://www.iimcal.ac.in/mdp/being-more-creative#programme-content","next_start","added from team sheet; confirm it is still sold"
"1","iimc","Business Analytics for Strategic and Tactical Level Decision Making","https://www.iimcal.ac.in/mdp/business-analytics-for-strategic-and-tactical-level-decision-making","next_start","added from team sheet; confirm it is still sold"
"1","iimc","Business Leadership Programme - Module I, II, III","https://www.iimcal.ac.in/mdp/business-leadership-programme-module-I-II-III","next_start","added from team sheet; confirm it is still sold"
"1","iimc","Chief Financial Officer Programme (CFO)","https://www.iimcal.ac.in/ldp/chief-financial-officer-programme-cfo","next_start","missing fields"
"1","iimc","Chief Revenue Officer Programme (CRO)","https://www.iimcal.ac.in/ldp/chief-revenue-officer-programme-cro","fee","missing fields"
"1","iimc","Corporate Social Innovation","https://www.iimcal.ac.in/mdp/corporate-social-innovation","next_start","added from team sheet; confirm it is still sold"
"1","iimc","Customer-Centric Leadership","https://www.iimcal.ac.in/mdp/customer-centric-leadership","next_start","added from team sheet; confirm it is still sold"
"1","iimc","Cyber Leadership for Successful Business Operations","https://www.iimcal.ac.in/mdp/cyber-leadership-for-successful-business-operations","next_start","added from team sheet; confirm it is still sold"
"1","iimc","Data Science for Business - Enabling Objective and Superior Managerial Decisions","https://www.iimcal.ac.in/mdp/data-science-for-business-enabling-objective-and-superior-managerial-decisions","next_start","added from team sheet; confirm it is still sold"
"1","iimc","Digital Technology Management for Business Execellence","https://www.iimcal.ac.in/mdp/digital-technology-management-for-business-excellence","next_start","added from team sheet; confirm it is still sold"
"1","iimc","Digital and AI - Driven Marketing - formally Known as EPDSMMS","https://www.iimcal.ac.in/ldp/digital-and-ai-driven-marketing-digiaim","next_start","added from team sheet; confirm it is still sold"
"1","iimc","Digital and AI-Driven Marketing (DigiAIM)","https://www.iimcal.ac.in/ldp/digital-and-ai-driven-marketing-digiaim","fee","missing fields"
"1","iimc","Digital and Social Media Marketing","https://www.iimcal.ac.in/mdp/digital-and-social-media-marketing","next_start","added from team sheet; confirm it is still sold"
"1","iimc","Embracing ESG through Responsible Leadership","https://www.iimcal.ac.in/mdp/embracing-esg-through-responsible-leadership","next_start","added from team sheet; confirm it is still sold"
"1","iimc","Executive Leadership Programme for Women (ELPW)","https://www.iimcal.ac.in/ldp/executive-leadership-programme-for-women-elpw-formerly-known-tlpwe","fee","missing fields"
"1","iimc","Executive Programme in Communication Strategies for Corporate Leaders","https://www.iimcal.ac.in/ldp/executive-programme-communication-strategies-for-corporate-leaders-epcscl","next_start","added from team sheet; confirm it is still sold"
"1","iimc","Executive Programme in Marketing Strategy with AI","https://www.iimcal.ac.in/programs/async/smlag","fee","missing fields"
"1","iimc","Executive Programme in Supply Chain Management (EPSCM)","https://www.iimcal.ac.in/ldp/executive-programme-supply-chain-management-epscm","fee","missing fields"
"1","iimc","Executive Programme in Wealth Management & Planning (EPWMP)","https://www.iimcal.ac.in/ldp/executive-programme-wealth-management-planning-epwmp","fee","missing fields"
"1","iimc","Executive Programme on Business Analytics","https://www.iimcal.ac.in/ldp/executive-programme-business-analytics-epba","next_start","added from team sheet; confirm it is still sold"
"1","iimc","Finance For Non - Finance Executives","https://www.iimcal.ac.in/mdp/finance-for-non-finance-executives","next_start","added from team sheet; confirm it is still sold"
"1","iimc","Fintech Disruption in Banking & Digital lending","https://www.iimcal.ac.in/mdp/fintech-disruption-in-Banking-digital-lending","next_start","added from team sheet; confirm it is still sold"
"1","iimc","Gen AI: Implementing Enterprise Level Applications","https://www.iimcal.ac.in/mdp/gen-ai-implementing-enterprise-level-applications","next_start","added from team sheet; confirm it is still sold"
"1","iimc","HR Analytics for Effective Management of Human Resources","https://www.iimcal.ac.in/mdp/hr-analytics-for-effective-management-of-human-resources","next_start","added from team sheet; confirm it is still sold"
"1","iimc","Impact Investing, Climate Risk and Sustainable Finance","https://www.iimcal.ac.in/mdp/impact-investing-climate-risk-and-sustainable-finance","next_start","added from team sheet; confirm it is still sold"
"1","iimc","Industry 4.0 and Internet (IoT) - What Every Manager Needs to Know about them","https://www.iimcal.ac.in/mdp/industry-4.0-and-internet-of-things-what-every-manager-needs-to-know-about-them","next_start","added from team sheet; confirm it is still sold"
"1","iimc","Innovation by Design : The playbook for new age Leadership","https://www.iimcal.ac.in/mdp/innovation-by-design-the-playbook-for-new-age-leadership","next_start","added from team sheet; confirm it is still sold"
"1","iimc","LEAD : Senior Leadership Programme for CXOs","https://www.iimcal.ac.in/ldp/lead-senior-leadership-programme-for-cxos","next_start","added from team sheet; confirm it is still sold"
"1","iimc","LEAD: Advanced Management Programme for Enterprise Leadership","https://www.iimcal.ac.in/ldp/lead-advanced-management-programme-for-enterprise-leadership","fee","missing fields"
"1","iimc","Leading with Strategic Insights : The India Way","https://www.iimcal.ac.in/mdp/leading-with-strategic-insights-the-india-way","next_start","added from team sheet; confirm it is still sold"
"1","iimc","Leveraging New Growth Strategies for Marketing","https://www.iimcal.ac.in/mdp/leveraging-new-growth-strategies-for-marketing","next_start","added from team sheet; confirm it is still sold"
"1","iimc","Mergers and Acquisitions – Legal, Financial and Strategic Perspectives","https://www.iimcal.ac.in/mdp/mergers-and-acquisitions-legal-financial-and-strategic-perspectives","next_start","added from team sheet; confirm it is still sold"
"1","iimc","Personal Growth and Team Building","Personal Growth and Team Building | IIM Calcutta","next_start","added from team sheet; confirm it is still sold"
"1","iimc","Selling in the Digital Age","https://www.iimcal.ac.in/mdp/selling-in-the-digital-age","next_start","added from team sheet; confirm it is still sold"
"1","iimc","Senior Management Programme in Business Analytics","https://www.iimcal.ac.in/ldp/senior-management-programme-business-analytics-smpba","next_start","added from team sheet; confirm it is still sold"
"1","iimc","Start-Up Readiness, Growth and Execution (SURGE)","https://www.iimcal.ac.in/ldp/start-readiness-growth-and-execution-surge-entrepreneurship-programme","fee","missing fields"
"1","iimc","Start-up Readiness , Growth and Execution (SURGE) : An Entrepreneurship Programme","https://www.iimcal.ac.in/ldp/start-readiness-growth-and-execution-surge-entrepreneurship-programme","next_start","added from team sheet; confirm it is still sold"
"1","iimc","Strategic Brand Management for Business Excellence","https://www.iimcal.ac.in/mdp/strategic-brand-management-for-business-excellence","next_start","added from team sheet; confirm it is still sold"
"1","iimc","Strategic Leadership Programme in Analytics with AI (SLPAAI)","https://www.iimcal.ac.in/ldp/strategic-leadership-programme-analytics-ai-slpaai","fee","missing fields"
"1","iimc","Strategic Marketing for Leaders: Leveraging AI for Growth","https://iimcalcutta.emeritus.org/iimc-strategic-marketing-for-leaders-leveraging-ai-for-growth?src_trk=em680a3aebd165d2.302877921583281779&utm_campaign=organic&utm_medium=EmWebsite&utm_source=google&_gl=1*dyqyjr*_gcl_au*MTA2NjM2MDUyNy4xNzQ1NTA3MDc5*_ga*NjQ2NjMxNzg4LjE3NDU1MDExMzM.*_ga_Q6TD6R55VD*czE3NTA1OTYwOTgkbzI3JGcxJHQxNzUwNTk5MzYzJGo2MCRsMCRoMTA0NzExNTg1NA..","next_start","added from team sheet; confirm it is still sold"
"1","iimc","Strategic Project Management (SPM)","https://www.iimcal.ac.in/ldp/strategic-project-management-spm","fee","missing fields"
"1","iimc","Supply Chain Analytics: Insights for Competitive Advantage","https://www.iimcal.ac.in/mdp/supply-chain-analytics-insights-for-competitive-advantage","next_start","added from team sheet; confirm it is still sold"
"1","iimc","Transitioning into Leadership : A Programme for Women Executives","https://www.iimcal.ac.in/ldp/transitioning-leadership-programme-for-women-executives-tlpwe","next_start","added from team sheet; confirm it is still sold"
"1","iimc","Winning with customer - Centric Retailing Strategies","https://www.iimcal.ac.in/mdp/winning-with-customer-centric-retailing-strategies","next_start","added from team sheet; confirm it is still sold"
"1","iimi","Global Leadership Development Programme for Entrepreneurs (In collaboration with the University of Glasgow, Scotland)","Global Leadership Development Programme For Entrepreneurs (In collaboration with University of Glasgow, Scotland, UK) – IIM Indore","format;duration;next_start","added from team sheet; confirm it is still sold"
"1","iimi","Certificate Course in Business Management for Defence Officers","Certificate Course in Business Management for Defence Officers – IIM Indore","fee;next_start","added from team sheet; confirm it is still sold"
"1","iimi","Global Leadership Experience Programme (In collaboration with University of Denver, USA)","Global Leadership Experience Programme (In collaboration with University of Denver, Colorado, USA) – IIM Indore","duration;next_start","added from team sheet; confirm it is still sold"
"1","iimi","Global Sports Business Management Programme (In collaboration with the University of Liverpool)","Global Sports Business Management Programme (In collaboration with University of Liverpool, UK) – IIM Indore","format;next_start","added from team sheet; confirm it is still sold"
"1","iimi","Masters of Science in Data Management","Master of Science in Data Science and Management – IIM Indore","fee;next_start","added from team sheet; confirm it is still sold"
"1","iimi","Public Health Policy and Administration in Government Healthcare Initiatives","Public Health Policy and Administration in Government Healthcare initiatives – IIM Indore","duration;next_start","added from team sheet; confirm it is still sold"
"1","iimi","Strategic Leadership in Public Sector Governance","Strategic Leadership in Public Sector Governance – IIM Indore","duration;next_start","added from team sheet; confirm it is still sold"
"1","iimi","AI meets HRM","https://iimidr.ac.in/mdp-calendar/ai-meets-hrm-2/","next_start","added from team sheet; confirm it is still sold"
"1","iimi","Accelerate General Management Programme for Aspiring Leaders (Batch 01)","Accelerated General Management Programme for Aspiring Leaders (Batch-01) – IIM Indore","next_start","added from team sheet; confirm it is still sold"
"1","iimi","Accelerated Leadership Programme","Accelerated Leadership Programme – IIM Indore","next_start","added from team sheet; confirm it is still sold"
"1","iimi","Advanced Certificate Programme in Business and Data Analytics (Batch - 02)","Advanced Certificate Programme In Business and Data Analytics (Batch 02) – IIM Indore","next_start","added from team sheet; confirm it is still sold"
"1","iimi","Advanced Human Resource Management Programme for HR Leaders Batch 05","Advanced Human Resource Management Programme for HR Leaders (Batch 05) – IIM Indore","next_start","added from team sheet; confirm it is still sold"
"1","iimi","Advanced Management Programme","https://iimidr.ac.in/mdp-calendar/advanced-management-programme-4/","next_start","added from team sheet; confirm it is still sold"
"1","iimi","Advanced Management Programme for Corporate Leaders (Batch 05)","Advanced Management Programme for Corporate Leaders (Batch 05) – IIM Indore","next_start","added from team sheet; confirm it is still sold"
"1","iimi","Advanced Management Programme for Senior Leaders","AMPe2-sep24-feb35-1.pdf","next_start","added from team sheet; confirm it is still sold"
"1","iimi","Advanced Programme in CSR and Sustainable Strategic Leadership (Batch 01)","Advanced Programme in CSR and Sustainable Strategic Leadership (Batch 01) – IIM Indore","next_start","added from team sheet; confirm it is still sold"
"1","iimi","Advanced Programme in Corporate Stategy & Business Leadership (Batch 03)","Advance Programme in Corporate Strategy & Business Leadership (Batch 03) – IIM Indore","next_start","added from team sheet; confirm it is still sold"
"1","iimi","Building and Leading Teams","https://iimidr.ac.in/mdp-calendar/building-and-leading-teams-2/","next_start","added from team sheet; confirm it is still sold"
"1","iimi","Business Models for Managers","https://iimidr.ac.in/mdp-calendar/business-models-for-managers/","next_start","added from team sheet; confirm it is still sold"
"1","iimi","Certificate Programme in Applied Financial Risk Management (CPAFRM Batch 03)","Certificate Programme in Applied Financial Risk Management (CPAFRM Batch 03) – IIM Indore","next_start","added from team sheet; confirm it is still sold"
"1","iimi","Certificate Programme in Design Thinking & Innovation for Business Excellence","Certificate Programme in Design Thinking & Innovation for Business Excellence – IIM Indore","next_start","added from team sheet; confirm it is still sold"
"1","iimi","Certificate Programme in Digital Marketing and Strategy (CPDMS) Batch 07","Certificate Programme in Digital Marketing and Strategy (CPDMS) Batch 07 – IIM Indore","next_start","added from team sheet; confirm it is still sold"
"1","iimi","Certificate Programme in Digital Transformation and AI for Leaders (Batch 08)","Certificate Programme in Digital Transformation and AI for Leaders – Batch 8 – IIM Indore","next_start","added from team sheet; confirm it is still sold"
"1","iimi","Certificate Programme in International Business Management (CPIBM) for Defence Officers","CPIBM-05-Brochure.pdf","next_start","added from team sheet; confirm it is still sold"
"1","iimi","Certificate Programme in Leadership and Change Management (CPLCM 08)","Certificate Programme in Leadership and Change Management (CPLCM 08) – IIM Indore","next_start","added from team sheet; confirm it is still sold"
"1","iimi","Certificate Programme in Project Management (CPPM) (Batch 15)","Certificate Programme in Project Management (CPPM) (Batch 15) – IIM Indore","next_start","added from team sheet; confirm it is still sold"
"1","iimi","Chief Digital Transformation Officer Programme (Batch 02)","Chief Digital Transformation Officer Programme (Batch 02) – IIM Indore","next_start","added from team sheet; confirm it is still sold"
"1","iimi","Chief Executive Officers Programme","Chief Executive Officers Programme – IIM Indore","next_start","added from team sheet; confirm it is still sold"
"1","iimi","Chief Operating Officer Programme, Batch 02 (COO-02)","Chief Operating Officer Programme, Batch 02 (COO-02) – IIM Indore","next_start","added from team sheet; confirm it is still sold"
"1","iimi","Chief Product Officer Programme (CPOP)","Chief Product Officer Programme (CPOP) – IIM Indore","next_start","added from team sheet; confirm it is still sold"
"1","iimi","Communication Skills for Managerial Success","https://iimidr.ac.in/mdp-calendar/communication-skills-for-managerial-success-2/","next_start","added from team sheet; confirm it is still sold"
"1","iimi","Communication, Presentation on Report Writing skills","Communication, Presentation on Report Writing skills – IIM Indore","next_start","added from team sheet; confirm it is still sold"
"1","iimi","Competitive Strategy for Leading Change","https://iimidr.ac.in/mdp-calendar/competitive-strategy-for-leading-change/","next_start","added from team sheet; confirm it is still sold"
"1","iimi","Corporate and Public Leadership in a VUCA World (Batch 02)","Corporate and Public Leadership in a VUCA World (Batch 02) – IIM Indore","next_start","added from team sheet; confirm it is still sold"
"1","iimi","Cybersecurity: A Critical Agenda for Boards and Management Teams","https://iimidr.ac.in/mdp-calendar/cybersecurity-a-critical-agenda-for-boards-and-management-teams/","next_start","added from team sheet; confirm it is still sold"
"1","iimi","Digital Supply Chain Management","https://iimidr.ac.in/mdp-calendar/digital-supply-chain-management-3/","next_start","added from team sheet; confirm it is still sold"
"1","iimi","Diversity and Inclusion in Organisations","https://iimidr.ac.in/mdp-calendar/diversity-and-inclusion-in-organisations-2/","next_start","added from team sheet; confirm it is still sold"
"1","iimi","Embracing AI in your Organisation: Challenges and Roadmap","Embracing AI in Your Organisation: Challenges and Roadmap – IIM Indore","next_start","added from team sheet; confirm it is still sold"
"1","iimi","Excellence in Operations Management","https://iimidr.ac.in/mdp-calendar/excellence-in-operations-management-2/","next_start","added from team sheet; confirm it is still sold"
"1","iimi","Excellence in Project Management","https://iimidr.ac.in/mdp-calendar/excellence-in-project-management/","next_start","added from team sheet; confirm it is still sold"
"1","iimi","Excellence in Supply Chain Management","Excellence in Supply Chain Management – IIM Indore","next_start","added from team sheet; confirm it is still sold"
"1","iimi","Executive Certificate Programme in General Management (Asynchronous) (Batch 07)","Executive Certificate Programme in General Management (Asynchronous) (Batch-7) – IIM Indore","next_start","added from team sheet; confirm it is still sold"
"1","iimi","Executive Certificate Programme in Strategy and Leadership for Senior Professionals (Batch 09)","Executive Certificate Programme in Strategy & Leadership for Senior Professionals (Batch 09) – IIM Indore","next_start","added from team sheet; confirm it is still sold"
"1","iimi","Executive Management Programme (EMP) (Batch 02)","Executive Management Programme (EMP)– Batch 02 – IIM Indore","next_start","added from team sheet; confirm it is still sold"
"1","iimi","Executive Management Programme - Government, Public Administration and Defence","Executive Management Programme – Government, Public Administration and Defence [EMP – (G&D)] – IIM Indore","next_start","added from team sheet; confirm it is still sold"
"1","iimi","Executive Post Graduate Certificate Programme in Management (EPGCPM) Batch 04","Executive Post Graduate Certificate Programme in Management (EPGCPM) Batch 04 – IIM Indore","next_start","added from team sheet; confirm it is still sold"
"1","iimi","Executive Post Graduate Diploma in Artificial Intelligence (04)","Executive Post Graduate Diploma Programme in Management & Artificial Intelligence (EPGDPM&AI) (Batch 04) – IIM Indore","next_start","added from team sheet; confirm it is still sold"
"1","iimi","Executive Programme in Artificial Intelligence and Cyber Security for Organizations (EPAI&CSO)","Executive Programme in Artificial Intelligence and Cyber Security for Organizations [EPAI&CSO] – IIM Indore","next_start","added from team sheet; confirm it is still sold"
"1","iimi","Executive Programme in Business Management Batch 02","Executive Programme in Business Management Batch 2 – IIM Indore","next_start","added from team sheet; confirm it is still sold"
"1","iimi","Executive Programme in Business Strategy (EPBS) (Asynchronous) (Batch 01)","Executive Programme in Business Strategy (EPBS) (Batch 01) (Asynchronous) – IIM Indore","next_start","added from team sheet; confirm it is still sold"
"1","iimi","Executive Programme in Digital Marketing (Asynchronous) (Batch 15)","Executive Programme in Digital Marketing (Asynchronous) (Batch 15) – IIM Indore","next_start","added from team sheet; confirm it is still sold"
"1","iimi","Executive Programme in Digital Transformation (EPDT) Batch 07","Executive Programme in Digital Transformation (EPDT) Batch 07 – IIM Indore","next_start","added from team sheet; confirm it is still sold"
"1","iimi","Executive Programme in Healthcare Management (EPHM) Batch 04","Executive Programme in Healthcare Management (EPHM) Batch 04 – IIM Indore","next_start","added from team sheet; confirm it is still sold"
"1","iimi","Executive Programme in Marktech and AI Driven Marketing","Executive Programme in Marktech and AI Driven Marketing – IIM Indore","next_start","added from team sheet; confirm it is still sold"
"1","iimi","Executive Programme in Operations and Supply Chain Management (EPO&SCM) Batch 07","Executive Programme in Operations and Supply Chain Management (EPO&SCM) Batch 07 – IIM Indore","next_start","added from team sheet; confirm it is still sold"
"1","iimi","Executive Programme in Sales & Marketing (Batch 05)","Executive Programme in Sales & Marketing (Batch 05) – IIM Indore","next_start","added from team sheet; confirm it is still sold"
"1","iimi","Finance for Non-Finance Executives","https://iimidr.ac.in/mdp-calendar/finance-for-non-finance-executives-6/","next_start","added from team sheet; confirm it is still sold"
"1","iimi","Future-ready Chief Finance Officer Program","https://iimidr.ac.in/mdp-calendar/future-ready-chief-finance-officer-program-3/","next_start","added from team sheet; confirm it is still sold"
"1","iimi","General Management Programme for Executives","General Management Programme for Executives (GMPE) – IIM Indore","next_start","added from team sheet; confirm it is still sold"
"1","iimi","General Management Programme for Executives in Other Middle East Countries","GMPe25-Brochure.pdf","next_start","added from team sheet; confirm it is still sold"
"1","iimi","Geo-Political Wicked Problems and Design Thinking Strategies","https://iimidr.ac.in/mdp-calendar/geo-political-wicked-problems-and-design-thinking-strategies/","next_start","added from team sheet; confirm it is still sold"
"1","iimi","Global Healthcare Professional Programme (GHPP) (In collaboration with the Arizona State University)","Global Healthcare Professional Programme (GHPP) (In collaboration with Arizona State University, USA) – IIM Indore","next_start","added from team sheet; confirm it is still sold"
"1","iimi","HR Skills for Line Managers","https://iimidr.ac.in/mdp-calendar/hr-skills-for-line-managers-2/","next_start","added from team sheet; confirm it is still sold"
"1","iimi","High Impact Leadership","High Impact Leadership – IIM Indore","next_start","added from team sheet; confirm it is still sold"
"1","iimi","Himalayan Explorations Decisions and Leadership","https://iimidr.ac.in/mdp-calendar/himalayan-explorations-decisions-and-leadership-7/","next_start","added from team sheet; confirm it is still sold"
"1","iimi","Integrated Leadership and Team Management","https://iimidr.ac.in/mdp-calendar/integrated-leadership-and-team-management/","next_start","added from team sheet; confirm it is still sold"
"1","iimi","Integrated Programme in Business Analytics (IPBA - 18)","Integrated Programme in Business Analytics (IPBA-18) – IIM Indore","next_start","added from team sheet; confirm it is still sold"
"1","iimi","Knowing the Financial Numbers","https://iimidr.ac.in/mdp-calendar/knowing-the-financial-numbers-2/","next_start","added from team sheet; confirm it is still sold"
"1","iimi","Leader as a Communicator","https://iimidr.ac.in/mdp-calendar/leader-as-a-communicator/","next_start","added from team sheet; confirm it is still sold"
"1","iimi","Leadership Competencies in Complex Organization","Leadership Competencies in Complex Organization – IIM Indore","next_start","added from team sheet; confirm it is still sold"
"1","iimi","Leadership Development Program for First Time Managers","https://iimidr.ac.in/mdp-calendar/leadership-development-program-for-first-time-managers-5/","next_start","added from team sheet; confirm it is still sold"
"1","iimi","Leadership Development Program for Women Managers","https://iimidr.ac.in/mdp-calendar/leadership-development-program-for-women-managers-3/","next_start","added from team sheet; confirm it is still sold"
"1","iimi","Leadership and Mindfulness","https://iimidr.ac.in/mdp-calendar/leadership-and-mindfulness/","next_start","added from team sheet; confirm it is still sold"
"1","iimi","Leading for Excellence at Work","https://iimidr.ac.in/mdp-calendar/leading-for-excellence-at-work-5/","next_start","added from team sheet; confirm it is still sold"
"1","iimi","Lean Six Sigma for Business Excellence","https://iimidr.ac.in/mdp-calendar/lean-six-sigma-for-business-excellence/","next_start","added from team sheet; confirm it is still sold"
"1","iimi","Learning to Read Behavioural Evidence - HR Analystics for Organisational Excellence","Learning To Read Behavioural Evidence-Hr Analytics For Organizational Excellence – IIM Indore","next_start","added from team sheet; confirm it is still sold"
"1","iimi","MSME Digitalisation Accelerator Programme","MSME Digitalization Accelerator Programme – IIM Indore","next_start","added from team sheet; confirm it is still sold"
"1","iimi","MSME Strategic Business Growth Accelerator Programme","MSME Strategic Business Growth Accelerator Programme – IIM Indore","next_start","added from team sheet; confirm it is still sold"
"1","iimi","Managerial Excellence","https://iimidr.ac.in/mdp-calendar/managerial-excellence-4/","next_start","added from team sheet; confirm it is still sold"
"1","iimi","Managing and Leading Teams","https://iimidr.ac.in/mdp-calendar/managing-and-leading-teams-4/","next_start","added from team sheet; confirm it is still sold"
"1","iimi","Master Of Management Studies - Batch 02","https://timespro.com/executive-education/iim-indore-master-of-management-studies","next_start","added from team sheet; confirm it is still sold"
"1","iimi","Mindfulness Based Leadership Programme","https://iimidr.ac.in/mdp-calendar/mindfulness-based-leadership-programme-4/","next_start","added from team sheet; confirm it is still sold"
"1","iimi","Motivation, Team Building and Leadership","https://iimidr.ac.in/mdp-calendar/motivation-team-building-and-leadership-2/","next_start","added from team sheet; confirm it is still sold"
"1","iimi","New Age Leadership","New Age Leadership – IIM Indore","next_start","added from team sheet; confirm it is still sold"
"1","iimi","Organizational Ethics & Values","https://iimidr.ac.in/mdp-calendar/organizational-ethics-values-3/","next_start","added from team sheet; confirm it is still sold"
"1","iimi","Persuasion and Negotiation","https://iimidr.ac.in/mdp-calendar/persuasion-and-negotiation-2/","next_start","added from team sheet; confirm it is still sold"
"1","iimi","Post Graduate Certificate Programme for Emerging CBO","Post Graduate Certificate Programme for Emerging CBO – IIM Indore","next_start","added from team sheet; confirm it is still sold"
"1","iimi","Post Graduate Certificate Programme for Emerging CFOs Batch 05","Post Graduate Certificate Programme for Emerging CFOs (Batch-05) – IIM Indore","next_start","added from team sheet; confirm it is still sold"
"1","iimi","Post Graduate Certificate Programme for Emerging Chief Human Resource Officers (CHROs, Batch 01)","Post Graduate Certificate Programme for Emerging Chief Human Resource Officers (CHROs, Batch 01) – IIM Indore","next_start","added from team sheet; confirm it is still sold"
"1","iimi","Post Graduate Certificate Programme in Branding & Advertising (PGCPBA)","Post Graduate Certificate Programme in Branding & Advertising (PGCPBA) – IIM Indore","next_start","added from team sheet; confirm it is still sold"
"1","iimi","Post Graduate Certificate Programme in Family Business Management & Entrepreneurship (PGCP -FBM&E) Batch 03","Post Graduate Certificate Programme in Family Business Management & Entrepreneurship (PGCP -FBM&E) Batch 03 – IIM Indore","next_start","added from team sheet; confirm it is still sold"
"1","iimi","Post Graduate Certificate Programme in Investment Banking (PGCPIB) Batch 07","Post Graduate Certificate Programme in Investment Banking (PGCPIB), Batch-07 – IIM Indore","next_start","added from team sheet; confirm it is still sold"
"1","iimi","Postgraduate Certificate Programme in Product Management (Batch-12)","Postgraduate Certificate Programme in Product Management (Batch-12) – IIM Indore","next_start","added from team sheet; confirm it is still sold"
"1","iimi","Public Policy and Administration: Design and Implementation for Public Value Creation","https://iimidr.ac.in/mdp-calendar/public-policy-and-administration-design-and-implementation-for-public/","next_start","added from team sheet; confirm it is still sold"
"1","iimi","Public Value Creation through Smart Technologies & Strategies: From Digital Transformation to Artificial Intelligence","Public Value Creation through Smart Technologies & Strategies: From Digital Transformation to Artificial Intelligence – IIM Indore","next_start","added from team sheet; confirm it is still sold"
"1","iimi","Senior Management Programme (SMP) Batch 05","Senior Management Programme (SMP) Batch 05 – IIM Indore","next_start","added from team sheet; confirm it is still sold"
"1","iimi","Sports Management","https://iimidr.ac.in/mdp-calendar/sports-management-2/","next_start","added from team sheet; confirm it is still sold"
"1","iimi","Statistics for Business Executives","Statistics for Business Executives – IIM Indore","next_start","added from team sheet; confirm it is still sold"
"1","iimi","Strategic Financial Management Programme for Executives","SFMe4-Sep24-to-Feb25.pdf","next_start","added from team sheet; confirm it is still sold"
"1","iimi","Strategic Leaders Program: Creating and Capturing value in a Dynamic Environment","https://iimidr.ac.in/mdp-calendar/strategic-leaders-program-creating-and-capturing-value-in-a-dynamic-environment-4/","next_start","added from team sheet; confirm it is still sold"
"1","iimi","Strategic Marketing Management Programme for Executives in the Digital World","FDDW 29Sept","next_start","added from team sheet; confirm it is still sold"
"1","iimi","Strategic Pricing","https://iimidr.ac.in/mdp-calendar/strategic-pricing-2/","next_start","added from team sheet; confirm it is still sold"
"1","iimi","Strategic Reward Management","https://iimidr.ac.in/mdp-calendar/strategic-reward-management-2/","next_start","added from team sheet; confirm it is still sold"
"1","iimi","Strategic Thinking","Strategic Thinking – IIM Indore","next_start","added from team sheet; confirm it is still sold"
"1","iimi","Train the Trainer","https://iimidr.ac.in/mdp-calendar/train-the-trainer-2/","next_start","added from team sheet; confirm it is still sold"
"1","iimi","Winning the Game through Strategic Marketing","https://iimidr.ac.in/mdp-calendar/winning-the-game-through-strategic-marketing-2/","next_start","added from team sheet; confirm it is still sold"
"1","iimi","Workshop on Power BI & Tableau","Workshop on Power BI & Tableau – IIM Indore","next_start","added from team sheet; confirm it is still sold"
"1","iimi","Young Leaders Certificate Programme in Business Excellence","Young Leaders Certificate Programme in Business Excellence – IIM Indore","next_start","added from team sheet; confirm it is still sold"
"1","iimi","Young Leadership Programme Batch 01","Young Leadership Programme (Batch-01) – IIM Indore","next_start","added from team sheet; confirm it is still sold"
"1","iimk","Advanced Data Science for Managers","https://emeritus.org/in/universities-and-institutes/iim-kozhikode/","fee;duration;next_start","missing fields"
"1","iimk","Senior Management Programme in Healthcare Management","https://emeritus.org/in/universities-and-institutes/iim-kozhikode/","fee;duration;next_start","missing fields"
"1","iimk","Applied Analytics and Gen AI for Business Decisions","https://iimk.ac.in/academic-programmes/E-MDP/course-calender","fee;duration","missing fields"
"1","iimk","Applied Data Analytics & AI for Managers","https://iimk.ac.in/academic-programmes/E-MDP/course-calender","fee;duration","missing fields"
"1","iimk","Chief AI Officer (CAIO) Programme","https://iimk.ac.in/uploads/courseDetails/2034223437_2026-05-20_10-48-05.pdf","fee;duration","missing fields"
"1","iimk","Chief Revenue Officer Programme","https://iimk.ac.in/academic-programmes/E-MDP/course-calender","fee;duration","missing fields"
"1","iimk","Executive Programme in Product Innovation with AI & Agentic AI","https://iimk.ac.in/uploads/courseDetails/1452553478_2026-07-09_04-32-50.pdf","fee;duration","missing fields"
"1","iimk","General Management Programme in the Age of AI","https://iimk.ac.in/academic-programmes/E-MDP/course-calender","fee;duration","missing fields"
"1","iimk","Marketing and Brand Management for New Age Business","https://iimk.ac.in/academic-programmes/E-MDP/course-calender","fee;duration","missing fields"
"1","iimk","New Age Management Programme for Senior Professionals","https://iimk.ac.in/academic-programmes/E-MDP/course-calender","fee;duration","missing fields"
"1","iimk","Professional Certificate Programme in AI Powered Decision Making","https://iimk.ac.in/academic-programmes/E-MDP/course-calender","fee;duration","missing fields"
"1","iimk","Professional Certificate Programme in AI Product Development & Innovation","https://iimk.ac.in/academic-programmes/E-MDP/course-calender","fee;duration","missing fields"
"1","iimk","Professional Certificate Programme in AI for Business Strategy","https://iimk.ac.in/academic-programmes/E-MDP/course-calender","fee;duration","missing fields"
"1","iimk","Professional Certificate Programme in Chief Human Resource Officer","https://iimk.ac.in/academic-programmes/E-MDP/course-calender","fee;duration","missing fields"
"1","iimk","Professional Certificate Programme in Data Analytics for Business Strategy (Essential Tools and Applications)","https://iimk.ac.in/academic-programmes/E-MDP/course-calender","fee;duration","missing fields"
"1","iimk","Professional Certificate Programme in Management of Social Initiatives","https://iimk.ac.in/academic-programmes/E-MDP/course-calender","fee;duration","missing fields"
"1","iimk","Professional Certificate in Agentic AI for Leaders","https://iimk.ac.in/uploads/courseDetails/1597730534_2026-07-10_10-26-29.pdf","fee;duration","missing fields"
"1","iimk","Professional Certificate in Data Analytics for Business with Generative AI","https://iimk.ac.in/uploads/courseDetails/1705833185_2026-07-10_10-21-12.pdf","fee;duration","missing fields"
"1","iimk","AI-Enabled Supply Chain & Operations Management","https://iimk.ac.in/academic-programmes/E-MDP/course-calender","duration","missing fields"
"1","iimk","Art of Business Communication (ABC) for Corporate Professionals","IIMK DMPG Brochure 04 25 Feb 2025","next_start","added from team sheet; confirm it is still sold"
"1","iimk","Chief Marketing and Growth Officer Programme","https://emeritus.org/in/universities-and-institutes/iim-kozhikode/","next_start","missing fields"
"1","iimk","Chief Product & AI-Driven Strategy Officer (CPAIO) Programme","https://iimk.ac.in/academic-programmes/E-MDP/course-calender","duration","missing fields"
"1","iimk","Chief Product Officer (CPO) Programme","IIMK CPO_Brochure Batch 4","next_start","added from team sheet; confirm it is still sold"
"1","iimk","Creating value through Corporate financial decisions","https://iimk.ac.in/academic-programmes/OPEN-MDP/course-calender","fee","missing fields"
"1","iimk","Data Analytics for Business Strategy: Essential Tools and Applications","IIMK Healthcare Management Course | Healthcare Management Program","next_start","added from team sheet; confirm it is still sold"
"1","iimk","Digital Marketing for Performance & Growth","https://www.jaroeducation.com/professional-certificate-programme-in-digital-marketing-for-performance-growth-iim-kozhikode/","next_start","added from team sheet; confirm it is still sold"
"1","iimk","Emotional Intelligence: Harnessing your Emotional Energy","https://iimk.ac.in/academic-programmes/OPEN-MDP/course-calender","fee","missing fields"
"1","iimk","Emotional Intelligence: Harnessing your Emotional Energy for Superior Performance","https://iimk.ac.in/uploads/courseDetails/1190067966_2025-05-24_05-58-05.pdf","next_start","added from team sheet; confirm it is still sold"
"1","iimk","Executive Presence, Influence, and Story Telling (online)","https://iimk.ac.in/uploads/courseDetails/885575363_2026-07-07_02-27-58.pdf","duration","missing fields"
"1","iimk","Healthcare Management for Senior Executives","https://iimkozhikode.emeritus.org/professional-certificate-programme-in-public-policy-management?src_trk=em680a3aebd165d2.302877921138128596&utm_campaign=organic&utm_medium=EmWebsite&utm_source=google&_gl=1*1aqqdxi*_gcl_au*MTA2NjM2MDUyNy4xNzQ1NTA3MDc5*_ga*NjQ2NjMxNzg4LjE3NDU1MDExMzM.*_ga_Q6TD6R55VD*czE3NTAzMjQzMjYkbzIyJGcxJHQxNzUwMzI4MjEyJGo2MCRsMCRoMTg2NjIxNjM5MA..","next_start","added from team sheet; confirm it is still sold"
"1","iimk","Infrastructure Finance","https://iimk.ac.in/uploads/courseDetails/1836039994_2025-05-24_05-58-49.pdf","next_start","added from team sheet; confirm it is still sold"
"1","iimk","Leadership Coaching for High Performance & Talent Management","https://emeritus.org/in/universities-and-institutes/iim-kozhikode/","next_start","missing fields"
"1","iimk","MDP on Gender, Work and Technology","https://iimk.ac.in/academic-programmes/OPEN-MDP/course-calender","fee","missing fields"
"1","iimk","Managing Talent & Coaching for High-Performance Leadership","258137815_2025-08-21_12-54-33.pdf","next_start","added from team sheet; confirm it is still sold"
"1","iimk","Post Graduate Certificate In Public Policy Management","https://timespro.com/executive-education/iim-kozhikode-post-graduate-certificate-in-public-policy-management","next_start","added from team sheet; confirm it is still sold"
"1","iimk","Professional Certificate Program in AI Powered Marketing, Analytics and Sales","https://iimk.ac.in/academic-programmes/E-MDP/course-calender","duration","missing fields"
"1","iimk","Professional Certificate Programme in AI for Business Professionals","https://iimk.ac.in/uploads/courseDetails/1962144709_2026-07-24_12-24-01.pdf","duration","missing fields"
"1","iimk","Professional Certificate Programme in Advanced Data Analytics for Managers","IIMK-DTAI_Brochure_B2C_FY25Q3","next_start","added from team sheet; confirm it is still sold"
"1","iimk","Professional Certificate Programme in Business Management","https://iimk.ac.in/academic-programmes/E-MDP/course-calender","duration","missing fields"
"1","iimk","Professional Certificate Programme in Gen AI, Agentic System & Intelligent Decision-Making","https://iimk.ac.in/academic-programmes/E-MDP/course-calender","duration","missing fields"
"1","iimk","Professional Certificate Programme in Growth Strategy and Business Transformation","https://iimk.ac.in/academic-programmes/E-MDP/course-calender","duration","missing fields"
"1","iimk","Professional Certificate Programme in Investment Banking","https://www.jaroeducation.com/professional-certificate-programme-in-investment-banking-iim-kozhikode/","next_start","added from team sheet; confirm it is still sold"
"1","iimk","Professional Certificate Programme in Investment Banking, Risk & Capital Markets","https://iimk.ac.in/academic-programmes/E-MDP/course-calender","duration","missing fields"
"1","iimk","Professional Certificate Programme in Marketing and Brand Management for New Age Businesses","771159467_2025-05-20_04-41-03.pdf","next_start","added from team sheet; confirm it is still sold"
"1","iimk","Professional Certificate Programme in Project Management","https://iimk.ac.in/academic-programmes/E-MDP/course-calender","duration","missing fields"
"1","iimk","Professional Certificate Programme in Strategic Competencies for CHROs","IIM K MB Brochure Batch 2","next_start","added from team sheet; confirm it is still sold"
"1","iimk","Professional Certificate Programme on Strategic Management Programme for CXOs","IIMK_HR Analytics-Domestic","next_start","added from team sheet; confirm it is still sold"
"1","iimk","Professional Certificate in Applied Finance","https://emeritus.org/in/universities-and-institutes/iim-kozhikode/","next_start","missing fields"
"1","iimk","Professional Certificate in Public Policy Management","https://emeritus.org/in/universities-and-institutes/iim-kozhikode/","next_start","missing fields"
"1","iimk","Social Impact Assessment for Decision-Making","https://iimk.ac.in/academic-programmes/OPEN-MDP/course-calender","fee","missing fields"
"1","iimk","Strategic Excellence in the Insurance Sector: Navigating Business Growth & Decision-Making","https://iimk.ac.in/academic-programmes/OPEN-MDP/course-calender","next_start","added from team sheet; confirm it is still sold"
"1","iiml","Advanced Program in Integrated Marketing Strategy (APIMS)","Long Duration Blended Programs | Official Website of Indian Institute of Management,Lucknow","fee;format;duration;next_start","added from team sheet; confirm it is still sold"
"1","iiml","Advanced Program in Leadership for Business Excellence (APLBE)","Long Duration Blended Programs | Official Website of Indian Institute of Management,Lucknow","fee;format;duration;next_start","added from team sheet; confirm it is still sold"
"1","iiml","Executive Program in Marketing Analytics (EPMA)","Long Duration Blended Programs | Official Website of Indian Institute of Management,Lucknow","fee;format;duration;next_start","added from team sheet; confirm it is still sold"
"1","iiml","Executive Programme in Data Science (EPDS)","Long Duration Blended Programs | Official Website of Indian Institute of Management,Lucknow","fee;format;duration;next_start","added from team sheet; confirm it is still sold"
"1","iiml","GMP for Defence Officers (DGMP)","Long Duration Blended Programs | Official Website of Indian Institute of Management,Lucknow","fee;format;duration;next_start","added from team sheet; confirm it is still sold"
"1","iiml","IIML -Wiley Executive Programme on Business and Data Analytics","Long Duration Blended Programs | Official Website of Indian Institute of Management,Lucknow","fee;format;duration;next_start","added from team sheet; confirm it is still sold"
"1","iiml","Nurturing Future Leadership Program : Malaviya Mission Teacher Training Programme -Batch -7","https://www.iiml.ac.in/sites/default/files/2025-06/NFLP%20Batch%207%20July%2028%20-%20August%2001,%202025_compressed.pdf","fee;format;duration;next_start","added from team sheet; confirm it is still sold"
"1","iiml","IIM Lucknow Executive Programme in Advanced General Management","https://www.shiksha.com/college/timespro-jogeshwari-east-mumbai-36985/course-online-iim-lucknow-executive-programme-in-advanced-general-management-1193925","fee;duration;next_start","missing fields"
"1","iiml","IIM Lucknow Executive Programme in Business Analytics","https://www.shiksha.com/college/timespro-jogeshwari-east-mumbai-36985/course-online-iim-lucknow-executive-programme-in-business-analytics-1193903","fee;duration;next_start","missing fields"
"1","iiml","IIM Lucknow Executive Programme in IT Management","https://www.shiksha.com/college/timespro-jogeshwari-east-mumbai-36985/course-online-iim-lucknow-executive-programme-in-it-management-1047975","fee;duration;next_start","missing fields"
"1","iiml","IIM Lucknow Executive Programme in Sales & Marketing","https://www.shiksha.com/college/timespro-jogeshwari-east-mumbai-36985/course-online-executive-programme-in-sales-marketing-iim-lucknow-1049203","fee;duration;next_start","missing fields"
"1","iiml","IIM Lucknow General Management Programme for IT Professionals","https://www.shiksha.com/college/timespro-jogeshwari-east-mumbai-36985/course-online-iim-lucknow-general-management-programme-for-it-professionals-1193923","fee;duration;next_start","missing fields"
"1","iiml","Advanced Certification Programme in Design Thinking and Innovation Management for Leaders","https://www.iiml.ac.in/executive-education","format;next_start","added from team sheet; confirm it is still sold"
"1","iiml","Advanced Program in Strategic Management for Business Excellence Batch-05","https://www.iiml.ac.in/executive-education","format;next_start","added from team sheet; confirm it is still sold"
"1","iiml","Executive Program in Strategic Finance for CFO and FP&A Leaders -Batch-7","","format;next_start","added from team sheet; confirm it is still sold"
"1","iiml","Executive Programme in Supply Chain Management during Uncertain Times Batch-04","https://www.iiml.ac.in/executive-education","format;next_start","added from team sheet; confirm it is still sold"
"1","iiml","Global Executive Immersion: Silicon Valley","https://online.emeritus.org/global-executive-ai-immersion?src_trk=em680a3aebd165d2.302877921704543147&utm_campaign=organic&utm_medium=EmWebsite&utm_source=google&_gl=1*juyogx*_gcl_au*MTA2NjM2MDUyNy4xNzQ1NTA3MDc5*_ga*NjQ2NjMxNzg4LjE3NDU1MDExMzM.*_ga_Q6TD6R55VD*czE3NTA2MTg2MjQkbzI5JGcxJHQxNzUwNjIwNDk1JGo2MCRsMCRoNjg1NjQ3NjQ2","fee;next_start","added from team sheet; confirm it is still sold"
"1","iiml","AI for Managers","https://www.iiml.ac.in/admission/mdp/mdpCalendar","next_start","added from team sheet; confirm it is still sold"
"1","iiml","Advanced Program for Public Human Resource Management","https://iiml.ac.in/sites/default/files/2025-05/APPHRM%20Group%20A%20GoI%20September%207,%202025.pdf","next_start","added from team sheet; confirm it is still sold"
"1","iiml","Advanced Program in Leadership in the Digital Era Batch -04","https://iimlucknow.verandahighered.com/advanced-leadership-program","next_start","added from team sheet; confirm it is still sold"
"1","iiml","Advanced Programme for Senior Marketing Professionals Batch-2","https://timespro.com/executive-education/iim-lucknow-advanced-programme-for-senior-marketing-professionals?action=apply_now&programNo=P-00543","next_start","added from team sheet; confirm it is still sold"
"1","iiml","Analytics for Effective Marketing Decision","https://www.iiml.ac.in/admission/mdp/mdpCalendar","next_start","missing fields"
"1","iiml","Analytics for Leadership","https://www.iiml.ac.in/admission/mdp/mdpCalendar","next_start","added from team sheet; confirm it is still sold"
"1","iiml","Analytics for Managers: Data Driven Decision Making","https://www.iiml.ac.in/admission/mdp/mdpCalendar","next_start","added from team sheet; confirm it is still sold"
"1","iiml","B2B Marketing Bootcamp: From Basics to Brilliance","https://www.iiml.ac.in/admission/mdp/mdpCalendar","next_start","added from team sheet; confirm it is still sold"
"1","iiml","Chief Digital & AI Officer Programme (CDAIO)","https://accredian.com/programs/iiml-chief-digital-ai-officer-programme-the-cdaio-program","next_start","missing fields"
"1","iiml","Chief Operating Officer Programme","https://iimlucknow.emeritus.org/iiml-chief-operating-officer-programme?src_trk=em680a3aebd165d2.302877921704543147&utm_campaign=organic&utm_medium=EmWebsite&utm_source=google&_gl=1*xcysrw*_gcl_au*MTA2NjM2MDUyNy4xNzQ1NTA3MDc5*_ga*NjQ2NjMxNzg4LjE3NDU1MDExMzM.*_ga_Q6TD6R55VD*czE3NTA2MTg2MjQkbzI5JGcxJHQxNzUwNjE5NDQ2JGo2MCRsMCRoNjg1NjQ3NjQ2","next_start","added from team sheet; confirm it is still sold"
"1","iiml","Chief Revenue Officer (CRO) Programme (Batch 01)","https://iimlucknow.emeritus.org/iiml-chief-revenue-officer-programme","next_start","missing fields"
"1","iiml","Chief Technology and AI Officer (CTAIO) Programme (Batch 05)","https://iimlucknow.emeritus.org/iiml-chief-technology-officer-programme","next_start","missing fields"
"1","iiml","Climate Risk and Sustainable Finance","https://www.iiml.ac.in/admission/mdp/mdpCalendar","next_start","missing fields"
"1","iiml","Content Marketing","https://www.iiml.ac.in/admission/mdp/mdpCalendar","next_start","added from team sheet; confirm it is still sold"
"1","iiml","Corporate Communication and Image Buliding","https://www.iiml.ac.in/admission/mdp/mdpCalendar","next_start","added from team sheet; confirm it is still sold"
"1","iiml","Corporate Governance and Board Effectiveness","https://www.iiml.ac.in/admission/mdp/mdpCalendar","next_start","added from team sheet; confirm it is still sold"
"1","iiml","Crafting and Delivering Impactful Public Policies","https://www.iiml.ac.in/admission/mdp/mdpCalendar","next_start","added from team sheet; confirm it is still sold"
"1","iiml","Creativity for Organisational Problem Solving and Decision Making","https://www.iiml.ac.in/admission/mdp/mdpCalendar","next_start","missing fields"
"1","iiml","Cybersecurity and Risk Management for Leaders","https://www.iiml.ac.in/admission/mdp/mdpCalendar","next_start","added from team sheet; confirm it is still sold"
"1","iiml","DEI by Design","https://www.iiml.ac.in/admission/mdp/mdpCalendar","next_start","added from team sheet; confirm it is still sold"
"1","iiml","Digital Marketing: Strategy and Application (Online Mode)","https://www.iiml.ac.in/admission/mdp/mdpCalendar","next_start","added from team sheet; confirm it is still sold"
"1","iiml","Digital Transformation and Supply Chain Analytics","https://www.iiml.ac.in/admission/mdp/mdpCalendar","next_start","missing fields"
"1","iiml","Digital Transformation in Healthcare","https://www.iiml.ac.in/admission/mdp/mdpCalendar","next_start","missing fields"
"1","iiml","Effective Risk Modelling","https://www.iiml.ac.in/admission/mdp/mdpCalendar","next_start","added from team sheet; confirm it is still sold"
"1","iiml","Enhancing Creativity and Problem Solving","https://www.iiml.ac.in/admission/mdp/mdpCalendar","next_start","added from team sheet; confirm it is still sold"
"1","iiml","Essential Labor Laws for Businesses","https://www.iiml.ac.in/admission/mdp/mdpCalendar","next_start","added from team sheet; confirm it is still sold"
"1","iiml","Executive Certificate Programme In Global Business Management","https://timespro.com/executive-education/iim-lucknow-executive-certificate-programme-in-global-business-management","next_start","added from team sheet; confirm it is still sold"
"1","iiml","Executive Programme In IT Management","https://timespro.com/executive-education/iim-lucknow-executive-programme-in-it-management","next_start","added from team sheet; confirm it is still sold"
"1","iiml","Executive Programme in Business Management","https://verandahighered.com/executive-programme-in-business-management-iim-lucknow-lp?utm_source=IIML_web&utm_medium=website&utm_campaign=IIML-BM-012","next_start","added from team sheet; confirm it is still sold"
"1","iiml","Executive Programme in Corporate and Investment Banking Batch-01","https://imarticus.org/executive-programme-in-corporate-and-investment-banking-iim-lucknow/","next_start","added from team sheet; confirm it is still sold"
"1","iiml","Executive Programme in Data Driven Product Management (Batch 13)","https://iimlucknow.emeritus.org/iiml-executive-programme-in-data-driven-product-management","next_start","missing fields"
"1","iiml","Executive Programme in Data Science and AI for Managers (Batch 10)","https://iimlucknow.emeritus.org/iiml-executive-programme-in-data-science","next_start","missing fields"
"1","iiml","Executive Programme in FinTech,Banking & Applied Risk Management Batch-11","https://iimlucknow.emeritus.org/iiml-executive-programme-in-fintech-banking-applied-risk-management?utm_source=xlri&utm_campaign=school_website&utm_medium=website","next_start","added from team sheet; confirm it is still sold"
"1","iiml","Executive Programme in HR Analytics (EPHRA) (Batch 05)","https://vcnow.in/IIML-hr-analytics-program-online/","next_start","missing fields"
"1","iiml","Executive Programme in Project Management -Batch-06","https://iimlucknow.emeritus.org/iiml-executive-programme-in-project-management?utm_source=iiml&utm_campaign=school_website&utm_medium=website","next_start","added from team sheet; confirm it is still sold"
"1","iiml","Executive Programme in Sales and Marketing Batch-05","https://talentsprint.com/course/sales-and-marketing-iim-lucknow?utm_source=partner_referral&utm_medium=website_banner&utm_campaign=iiml-epsm-partner_referral-awareness-partner_website_visitors&utm_content=iiml-epsm-partner_referral-website_banner","next_start","added from team sheet; confirm it is still sold"
"1","iiml","Executive Programme in Strategic Digital Marketing with MarTech & AI","https://imarticus.org/digital-marketing-with-martech-and-ai-program-iim-lucknow/","next_start","missing fields"
"1","iiml","Executive Programme in Strategic Management - Batch -06","https://iimlucknow.emeritus.org/iiml-executive-programme-in-strategic-management?utm_source=iiml&utm_campaign=school_website&utm_medium=website","next_start","added from team sheet; confirm it is still sold"
"1","iiml","Executive Programme in strategic Operations Management & Supply Chain Analytics - Batch-07","https://iimlucknow.emeritus.org/iiml-executive-programme-in-strategic-operations-management-supply-chain-analytics?utm_source=iiml&utm_campaign=school_website&utm_medium=website","next_start","added from team sheet; confirm it is still sold"
"1","iiml","IIM Lucknow Chief Executive Programme Batch-03","https://iimlucknow.emeritus.org/iiml-chief-executive-officer-programme?utm_source=iiml&utm_campaign=school_website&utm_medium=website","next_start","added from team sheet; confirm it is still sold"
"1","iiml","IIM Lucknow Chief Financial Officer Programme - Batch 08","https://timespro.com/executive-education/iim-lucknow-chief-financial-officer-programme","next_start","added from team sheet; confirm it is still sold"
"1","iiml","IIM Lucknow Chief Operations Officer Programme","https://iimlucknow.emeritus.org/iiml-chief-operating-officer-programme?utm_source=iiml&utm_campaign=school_website&utm_medium=website","next_start","added from team sheet; confirm it is still sold"
"1","iiml","IIM Lucknow Chief Strategy Officer Programme -Batch-10","https://timespro.com/executive-education/iim-lucknow-chief-strategy-officer-programme","next_start","added from team sheet; confirm it is still sold"
"1","iiml","IIM Lucknow Chief Technology Officer","https://iimlucknow.emeritus.org/iiml-chief-technology-officer-programme?utm_source=iiml&utm_campaign=school_website&utm_medium=website","next_start","added from team sheet; confirm it is still sold"
"1","iiml","IIM Lucknow Executive Programme in Healthcare Management - Batch-03","https://iiml.emeritus.org/iiml-executive-programme-in-healthcare-management/index.php?utm_source=iiml&utm_campaign=school_website&utm_medium=website","next_start","added from team sheet; confirm it is still sold"
"1","iiml","Leadership through Literature","https://www.iiml.ac.in/admission/mdp/mdpCalendar","next_start","added from team sheet; confirm it is still sold"
"1","iiml","Leading Strategy and Innovation for Managing Digital Disruption and Sustainability","https://www.iiml.ac.in/admission/mdp/mdpCalendar","next_start","missing fields"
"1","iiml","Leading Strategy for Managing Digital Disruption and Sustainability","https://www.iiml.ac.in/admission/mdp/mdpCalendar","next_start","added from team sheet; confirm it is still sold"
"1","iiml","Managing Channels of Distribution in India: Urban, Rural & Online","https://www.iiml.ac.in/admission/mdp/mdpCalendar","next_start","missing fields"
"1","iiml","Managing Stress and Wellbeing","https://www.iiml.ac.in/admission/mdp/mdpCalendar","next_start","missing fields"
"1","iiml","Marketing Mavericks: Redefining B2B Success","https://www.iiml.ac.in/admission/mdp/mdpCalendar","next_start","added from team sheet; confirm it is still sold"
"1","iiml","Marketing and Distribution Excellence for Public Sector","https://www.iiml.ac.in/admission/mdp/mdpCalendar","next_start","added from team sheet; confirm it is still sold"
"1","iiml","Marketing and Sales Analytics","https://www.iiml.ac.in/admission/mdp/mdpCalendar","next_start","added from team sheet; confirm it is still sold"
"1","iiml","Marketing for Professional Service Firms","https://www.iiml.ac.in/admission/mdp/mdpCalendar","next_start","added from team sheet; confirm it is still sold"
"1","iiml","Masterclass for Procurement Leaders: Navigating the Data, Artificial Intelligence, and Agentic Era","https://www.iiml.ac.in/admission/mdp/mdpCalendar","next_start","missing fields"
"1","iiml","Navigating Governance Challenges for Delivering Public Goods","https://www.iiml.ac.in/admission/mdp/mdpCalendar","next_start","added from team sheet; confirm it is still sold"
"1","iiml","New Age Data Analytics for Marketing Professionals: From Intuition to Insight","https://www.iiml.ac.in/admission/mdp/mdpCalendar","next_start","missing fields"
"1","iiml","Platform Business: Managing New Business Ventures","https://www.iiml.ac.in/admission/mdp/mdpCalendar","next_start","added from team sheet; confirm it is still sold"
"1","iiml","Reskilling for the Future: Learning and Development in the AI Era","https://www.iiml.ac.in/admission/mdp/mdpCalendar","next_start","missing fields"
"1","iiml","Senior Leadership Programme for Group ""A"" Gol Officers","https://iiml.ac.in/sites/default/files/2025-05/SLP%20For%20Group%20A%20GOI%20Final%20Brochure.pdf","next_start","added from team sheet; confirm it is still sold"
"1","iiml","Service Operational Excellence in the Analytics Era","https://www.iiml.ac.in/admission/mdp/mdpCalendar","next_start","added from team sheet; confirm it is still sold"
"1","iiml","Strategic Management for Leadership Excellence","https://www.iiml.ac.in/admission/mdp/mdpCalendar","next_start","added from team sheet; confirm it is still sold"
"1","iiml","Strategic Thinking and Leadership","https://www.iiml.ac.in/admission/mdp/mdpCalendar","next_start","added from team sheet; confirm it is still sold"
"1","iiml","Understanding Startup Fundraising Valuation and Term Sheets","https://www.iiml.ac.in/admission/mdp/mdpCalendar","next_start","added from team sheet; confirm it is still sold"
"1","iiml","Warehousing and Logistics: Data-Driven Decision Making","https://www.iiml.ac.in/admission/mdp/mdpCalendar","next_start","added from team sheet; confirm it is still sold"
"1","spjain","Achieving Sales Excellence – Institutional Selling","","fee;duration;next_start","added from team sheet; confirm it is still sold"
"1","spjain","Fintech for Emerging Leaders","","fee;duration;next_start","added from team sheet; confirm it is still sold"
"1","spjain","Achieving Sales Growth in Pharma","https://executive-education.spjain.co.in/open-programs/pharma-organisations","duration;next_start","added from team sheet; confirm it is still sold"
"1","spjain","Application of AI and Gen AI Tools for Business Growth","https://executive-education.spjain.co.in/open-programs/application-of-ai-and-gen-ai-tools-for-business-growth-program","duration;next_start","added from team sheet; confirm it is still sold"
"1","spjain","Business Growth via New Product and Service Design","https://executive-education.spjain.co.in/open-programs/business-growth-via-new-product-and-service-design","duration;next_start","added from team sheet; confirm it is still sold"
"1","spjain","Change Management – Leading with Change","https://executive-education.spjain.co.in/open-programs/change-management-leading-with-change","duration;next_start","added from team sheet; confirm it is still sold"
"1","spjain","Communication Excellence In Leadership","https://executive-education.spjain.co.in/open-programs/leadership-communication","duration;next_start","added from team sheet; confirm it is still sold"
"1","spjain","Creating the Winning Teams through Coaching and Mentoring","https://executive-education.spjain.co.in/open-programs/creating-the-winning-teams-through-coaching-and-mentoring","duration;next_start","added from team sheet; confirm it is still sold"
"1","spjain","Data Driven Decision Making","https://executive-education.spjain.co.in/data-driven-decision-making","duration;next_start","added from team sheet; confirm it is still sold"
"1","spjain","Digital First For BFSI Leaders","https://executive-education.spjain.co.in/digital-first-for-bfsi-leaders-executive-education-program-by-sp-jain-global","duration;next_start","added from team sheet; confirm it is still sold"
"1","spjain","Digital Leadership","https://executive-education.spjain.co.in/open-programs/digital-leadership","duration;next_start","added from team sheet; confirm it is still sold"
"1","spjain","Digital Supply Chain","https://executive-education.spjain.co.in/open-programs/digital-supply-chain","duration;next_start","added from team sheet; confirm it is still sold"
"1","spjain","E-Business Strategies for Business Model Innovation and Digital Transformation","https://executive-education.spjain.co.in/open-programs/e-business-strategies-for-business-model-innovation-and-digital-transformation","duration;next_start","added from team sheet; confirm it is still sold"
"1","spjain","Effective Business Communication Strategies","https://executive-education.spjain.co.in/lp/effective-business-communication-strategies","duration;next_start","added from team sheet; confirm it is still sold"
"1","spjain","Emerging Leaders","https://executive-education.spjain.co.in/open-programs/emerging-leaders","duration;next_start","added from team sheet; confirm it is still sold"
"1","spjain","Emotional Intelligence and the Art of Negotiation","https://executive-education.spjain.co.in/open-programs/the-art-of-negotiation-and-conflict-resolution","duration;next_start","added from team sheet; confirm it is still sold"
"1","spjain","Enhancing Personal Effectiveness","https://executive-education.spjain.co.in/open-programs/enhancing-personal-effectiveness","duration;next_start","added from team sheet; confirm it is still sold"
"1","spjain","Financial Acumen for Non-Finance Managers","http://executive-education.spjain.co.in/financial-acumen-for-non-finance-managers","duration;next_start","added from team sheet; confirm it is still sold"
"1","spjain","Financial Literacy for Business Leaders","https://executive-education.spjain.co.in/open-programs/financial-literacy-for-business-leaders","duration;next_start","added from team sheet; confirm it is still sold"
"1","spjain","Global Board Readiness Program","https://executive-education.spjain.co.in/open-programs/global-board-readiness-program","duration;next_start","added from team sheet; confirm it is still sold"
"1","spjain","HR Analytics","https://executive-education.spjain.co.in/open-programs/hr-analytics","duration;next_start","added from team sheet; confirm it is still sold"
"1","spjain","HR as A Strategic Partner for Business Growth","https://executive-education.spjain.co.in/hr-as-a-strategic-partner-for-business-growth-sp-jain-executive-education","duration;next_start","added from team sheet; confirm it is still sold"
"1","spjain","Impactful Sales Negotiation Strategies","https://executive-education.spjain.co.in/open-programs/impactful-sales-negotiation-strategies","duration;next_start","added from team sheet; confirm it is still sold"
"1","spjain","Lean Six Sigma Green Belt Certification","https://executive-education.spjain.co.in/lean-six-sigma-green-belt-certification","duration;next_start","added from team sheet; confirm it is still sold"
"1","spjain","Manufacturing Excellence – World Class Manufacturing","https://executive-education.spjain.co.in/open-programs/manufacturing-excellence-world-class-manufacturing","duration;next_start","added from team sheet; confirm it is still sold"
"1","spjain","New PMP® Exam Preparatory Program","https://executive-education.spjain.co.in/project-management-professional","duration;next_start","added from team sheet; confirm it is still sold"
"1","spjain","Product Excellence","https://executive-education.spjain.co.in/open-programs/production-excellence","duration;next_start","added from team sheet; confirm it is still sold"
"1","spjain","Reimagine HR for Future of Work","https://executive-education.spjain.co.in/open-programs/reimagine-hr-for-future-of-work","duration;next_start","added from team sheet; confirm it is still sold"
"1","spjain","Service Excellence","https://executive-education.spjain.co.in/open-programs/service-excellence","duration;next_start","added from team sheet; confirm it is still sold"
"1","spjain","Strategic Branding Bootcamp","https://executive-education.spjain.co.in/open-programs/branding-bootcamp","duration;next_start","added from team sheet; confirm it is still sold"
"1","spjain","Strategic Leadership Program for High Potential Business Leaders","https://executive-education.spjain.co.in/lp/strategic-leadership#Program_Content","duration;next_start","added from team sheet; confirm it is still sold"
"1","spjain","Strategic Sourcing for Supply Chain Transformation","https://executive-education.spjain.co.in/strategic-sourcing-for-supply-chain-transformation","duration;next_start","added from team sheet; confirm it is still sold"
"1","spjain","Strategies for Coaching and Mentoring Teams","https://executive-education.spjain.co.in/open-programs/strategies-for-coaching-and-mentoring-teams","duration;next_start","added from team sheet; confirm it is still sold"
"1","spjain","Supply Chain Analytics","https://executive-education.spjain.co.in/open-programs/supply-chain-analytics","duration;next_start","added from team sheet; confirm it is still sold"
"1","spjain","Supply Chain Disruptions and Trends","https://executive-education.spjain.co.in/open-programs/supply-chain-disruptions-and-trends","duration;next_start","added from team sheet; confirm it is still sold"
"1","spjain","Women Leadership Program","https://executive-education.spjain.co.in/lp/women-leadership-program","duration;next_start","added from team sheet; confirm it is still sold"
"1","spjain","Executive Certificate Programme in AI for Business","https://spjimr.emeritus.org/spjimr-aib-executive-certificate-programme-in-ai-for-business?src_trk=em680a3aebd165d2.302877921058966122&utm_campaign=organic&utm_medium=EmWebsite&utm_source=google&_gl=1*cjk9jf*_gcl_au*MTA2NjM2MDUyNy4xNzQ1NTA3MDc5*_ga*NjQ2NjMxNzg4LjE3NDU1MDExMzM.*_ga_Q6TD6R55VD*czE3NTE2MTgzOTkkbzM2JGcxJHQxNzUxNjIyNjc0JGo1NCRsMCRoMTE0OTMyMzQ.","next_start","added from team sheet; confirm it is still sold"
"1","spjain","Executive Certificate Programme in Fintech & Blockchain","https://spjimr.emeritus.org/spjimr-executive-certificate-programme-in-fintech-blockchain?src_trk=em680a3aebd165d2.302877921058966122&utm_campaign=organic&utm_medium=EmWebsite&utm_source=google&_gl=1*1wmh707*_gcl_au*MTA2NjM2MDUyNy4xNzQ1NTA3MDc5*_ga*NjQ2NjMxNzg4LjE3NDU1MDExMzM.*_ga_Q6TD6R55VD*czE3NTE2MTgzOTkkbzM2JGcxJHQxNzUxNjIzMTE2JGo1NyRsMCRoMTE0OTMyMzQ.","next_start","added from team sheet; confirm it is still sold"
"1","spjain","Leadership Essentials for First Time Managers","Leadership Essentials for First Time Managers| SP Jain Executive Education","next_start","added from team sheet; confirm it is still sold"
"2","hbs","Aligning Strategy and Sales","https://www.exed.hbs.edu/aligning-strategy-sales","fee;duration;next_start","missing fields"
"2","hbs","Disruptive Innovation: Strategies for a Successful Enterprise","https://www.exed.hbs.edu/disruptive-innovation","fee;duration;next_start","missing fields"
"2","hbs","Driving Corporate Performance","https://www.exed.hbs.edu/driving-corporate-performance","fee;duration;next_start","missing fields"
"2","hbs","Driving Digital and AI Strategy","https://www.exed.hbs.edu/driving-digital-ai-strategy","fee;duration;next_start","missing fields"
"2","hbs","Investment Management Workshop","https://www.exed.hbs.edu/investment-management-workshop","fee;duration;next_start","missing fields"
"2","hbs","Strategic Negotiations: Dealmaking for the Long Term","https://www.exed.hbs.edu/strategic-negotiations","duration;next_start","missing fields"
"2","hbs","Advanced Corporate Director Seminar","https://www.exed.hbs.edu/advanced-corporate-director-seminar","duration","missing fields"
"2","hbs","Advanced Management Program","https://www.exed.hbs.edu/advanced-management-program","next_start","missing fields"
"2","hbs","Audit Committees in a New Era of Governance","Audit Committees in a New Era of Governance | Executive Education","next_start","added from team sheet; confirm it is still sold"
"2","hbs","Building a Legacy: Family Office Wealth Management","https://www.exed.hbs.edu/building-legacy-family-office-wealth-management","next_start","missing fields"
"2","hbs","China Leadership Renewal Program","https://www.exed.hbs.edu/china-leadership-renewal-program","next_start","missing fields"
"2","hbs","Compensation Committees: New Challenges, New Solutions","Compensation Committees: New Challenges, New Solutions | Executive Education","next_start","added from team sheet; confirm it is still sold"
"2","hbs","Competing in the Age of AI—Virtual","https://www.exed.hbs.edu/competing-age-ai-virtual","next_start","missing fields"
"2","hbs","Creating Brand Value","https://www.exed.hbs.edu/creating-brand-value","next_start","missing fields"
"2","hbs","Developing Yourself as a Leader","Developing Yourself as a Leader—Virtual | Executive Education","next_start","added from team sheet; confirm it is still sold"
"2","hbs","Driving Digital Strategy","Driving Digital Strategy | Executive Education","next_start","added from team sheet; confirm it is still sold"
"2","hbs","Driving Nonprofit Performance and Innovation—Virtual","https://www.exed.hbs.edu/driving-nonprofit-performance-innovation-virtual","next_start","missing fields"
"2","hbs","Executive Certificate Programme in AI for Business","https://tinyurl.com/msss99d5","next_start","added from team sheet; confirm it is still sold"
"2","hbs","Executive Certificate Programme in Fintech & Blockchain","https://www.exed.hbs.edu/general-management-program","next_start","added from team sheet; confirm it is still sold"
"2","hbs","Families in Business","https://www.exed.hbs.edu/families-in-business","next_start","missing fields"
"2","hbs","Finance for Senior Executives","https://www.exed.hbs.edu/finance-senior-executives","next_start","missing fields"
"2","hbs","Leading Family Business Strategy—Virtual","https://www.exed.hbs.edu/leading-family-business-strategy-virtual","duration","missing fields"
"2","hbs","Managing Healthcare Delivery","https://pll.harvard.edu/course/managing-health-care-delivery","next_start","added from team sheet; confirm it is still sold"
"2","hbs","Managing Turbulance","https://www.exed.hbs.edu/managing-turbulence","next_start","added from team sheet; confirm it is still sold"
"2","hbs","Mastering Strategy Essentials—Virtual","https://www.exed.hbs.edu/mastering-strategy-essentials-virtual","next_start","missing fields"
"2","hbs","Public Education Leadership Project","https://www.exed.hbs.edu/public-education-leadership-project","next_start","missing fields"
"2","hbs","Strategy: Building and Sustaining Competitive Advantage","https://www.exed.hbs.edu/strategy-building-sustaining-competitive-advantage","next_start","missing fields"
"2","hbs","Succeeding as a Strategic CFO","https://www.exed.hbs.edu/succeeding-strategic-cfo","next_start","missing fields"
"2","hec","Doing business in a complex world","https://www.hec.edu/en/executive-education/doing-business-complex-world#Brochure","fee;next_start","added from team sheet; confirm it is still sold"
"2","hec","Sustainable transition management","https://www.hec.edu/en/executive-education/sustainable-transition-management#Program","duration;next_start","added from team sheet; confirm it is still sold"
"2","hec","AI ready for business","https://www.hec.edu/en/executive-education/ai-ready-business#Profile","next_start","added from team sheet; confirm it is still sold"
"2","hec","Accompagner les transformations permanentes","https://www.hec.edu/en/executive-education/accompagner-les-transformations-permanentes#Program","next_start","added from team sheet; confirm it is still sold"
"2","hec","Business Strategy","https://www.hec.edu/en/executive-education/business-strategy","next_start","added from team sheet; confirm it is still sold"
"2","hec","Construire une stratégie Data et IA","https://www.hec.edu/en/executive-education/construire-une-strategie-data-et-ia","next_start","added from team sheet; confirm it is still sold"
"2","hec","Diriger dans l'incertitude","https://www.hec.edu/en/executive-education/diriger-dans-l-incertitude","next_start","added from team sheet; confirm it is still sold"
"2","hec","Développer son leadership par la posture coach","https://www.hec.edu/en/executive-education/developper-son-leadership-par-la-posture-coach","next_start","added from team sheet; confirm it is still sold"
"2","hec","Développer son potentiel de leader","https://www.hec.edu/en/executive-education/developper-son-potentiel-de-leader","next_start","added from team sheet; confirm it is still sold"
"2","hec","Développer un leadership durable","https://www.hec.edu/en/executive-education/developper-un-leadership-durable","next_start","added from team sheet; confirm it is still sold"
"2","hec","Elaborer Une Strategie Et Manager Sa Performance","https://www.hec.edu/en/executive-education/elaborer-une-strategie-et-manager-sa-performance","next_start","added from team sheet; confirm it is still sold"
"2","hec","Enhancing your leadership skills","https://www.hec.edu/en/executive-education/enhancing-your-leadership-skills","next_start","added from team sheet; confirm it is still sold"
"2","hec","Executive MSc in Change Leadership","https://www.hec.edu/en/executive-education/executive-msc-change-leadership","next_start","added from team sheet; confirm it is still sold"
"2","hec","Executive MSc in Finance","https://www.hec.edu/en/executive-education/executive-msc-finance#Profile","","added from team sheet; confirm it is still sold"
"2","hec","Executive MSc in Geopolitics and Geo-economics of Emerging Africa","https://www.hec.edu/en/executive-education/executive-msc-geopolitics-and-geo-economics-emerging-africa","","added from team sheet; confirm it is still sold"
"2","hec","Executive Master in Management - Change & sustainability","https://www.hec.edu/en/executive-education/executive-master-management-change-sustainability#Program","next_start","added from team sheet; confirm it is still sold"
"2","hec","Executive Master in Management - Finance","https://www.hec.edu/en/executive-education/executive-master-management-finance","next_start","added from team sheet; confirm it is still sold"
"2","hec","Executive Master in Management - Marketing & Business Development","https://www.hec.edu/en/executive-education/executive-master-management-marketing-business-development","next_start","added from team sheet; confirm it is still sold"
"2","hec","Executive Master in Management - Strategic Management - Abidjan","https://www.hec.edu/en/executive-education/executive-master-management-strategic-management-abidjan","next_start","added from team sheet; confirm it is still sold"
"2","hec","Executive Master in Management - Sustainable Leadership in Africa","https://www.hec.edu/en/executive-education/executive-master-management-sustainable-leadership-africa","next_start","added from team sheet; confirm it is still sold"
"2","hec","Executive Master in Management - general management","https://www.hec.edu/en/executive-education/executive-master-management-general-management","next_start","added from team sheet; confirm it is still sold"
"2","hec","Finance for executives","https://www.hec.edu/en/executive-education/finance-executives","next_start","added from team sheet; confirm it is still sold"
"2","hec","Finance pour non financiers","https://www.hec.edu/en/executive-education/finance-pour-non-financiers#Profile","next_start","added from team sheet; confirm it is still sold"
"2","hec","Fundamentals of Digital Transformation","https://www.hec.edu/en/executive-education/fundamentals-digital-transformation","next_start","added from team sheet; confirm it is still sold"
"2","hec","Gouvernance et Leadership","https://www.hec.edu/en/executive-education/gouvernance-et-leadership#Profile","next_start","added from team sheet; confirm it is still sold"
"2","hec","Gouvernance et Stratégie","https://www.hec.edu/en/executive-education/gouvernance-et-strategie","next_start","added from team sheet; confirm it is still sold"
"2","hec","Gouvernance et transmission","https://www.hec.edu/en/executive-education/gouvernance-et-transmission#Profile","next_start","added from team sheet; confirm it is still sold"
"2","hec","IA & data en marketing et ventes","https://www.hec.edu/en/executive-education/ia-data-en-marketing-et-ventes#Profile","next_start","added from team sheet; confirm it is still sold"
"2","hec","Inclusive leader in a diverse world","https://www.hec.edu/en/executive-education/inclusive-leader-diverse-world","next_start","added from team sheet; confirm it is still sold"
"2","hec","Intelligence collective et innovation collaborative","https://www.hec.edu/en/executive-education/intelligence-collective-et-innovation-collaborative#Profile","next_start","added from team sheet; confirm it is still sold"
"2","hec","Intégrer le développement durable dans la stratégie de l’entreprise","https://www.hec.edu/en/executive-education/integrer-le-developpement-durable-dans-la-strategie-de-l-entreprise#Profile","next_start","added from team sheet; confirm it is still sold"
"2","hec","Leadership Stratégique","https://www.hec.edu/en/executive-education/leadership-strategique","next_start","added from team sheet; confirm it is still sold"
"2","hec","Leadership au féminin","https://www.hec.edu/en/executive-education/leadership-au-feminin","next_start","added from team sheet; confirm it is still sold"
"2","hec","Leadership for Executives","https://www.hec.edu/en/executive-education/leadership-executives","next_start","added from team sheet; confirm it is still sold"
"2","hec","Leading with impact","https://www.hec.edu/en/executive-education/leading-impact#profile","next_start","added from team sheet; confirm it is still sold"
"2","hec","Maitriser le financement de l’entreprise et les opérations de Fusions-Acquisitions","https://www.hec.edu/en/executive-education/maitriser-le-financement-de-l-entreprise-et-les-operations-de-fusions-acquisitions","next_start","added from team sheet; confirm it is still sold"
"2","hec","Management de l'innovation","https://www.hec.edu/en/executive-education/management-de-l-innovation","next_start","added from team sheet; confirm it is still sold"
"2","hec","Management des équipes commerciales","https://www.hec.edu/en/executive-education/management-des-equipes-commerciales","next_start","added from team sheet; confirm it is still sold"
"2","hec","Management à distance","https://www.hec.edu/en/executive-education/management-distance#Profile","next_start","added from team sheet; confirm it is still sold"
"2","hec","Manager les équipes dans le changement","https://www.hec.edu/en/executive-education/manager-les-equipes-dans-le-changement","next_start","added from team sheet; confirm it is still sold"
"2","hec","Marketing Strategy","https://www.hec.edu/en/executive-education/marketing-strategy","next_start","added from team sheet; confirm it is still sold"
"2","hec","Marketing digital","https://www.hec.edu/en/executive-education/marketing-digital#Program","next_start","added from team sheet; confirm it is still sold"
"2","hec","Marketing stratégique","https://www.hec.edu/en/executive-education/marketing-strategique#Program","next_start","added from team sheet; confirm it is still sold"
"2","hec","Maîtriser les outils de management de la performance","https://www.hec.edu/en/executive-education/maitriser-les-outils-de-management-de-la-performance","next_start","added from team sheet; confirm it is still sold"
"2","hec","Mettre en oeuvre le développement durable dans les entreprises","https://www.hec.edu/en/executive-education/mettre-en-oeuvre-le-developpement-durable-dans-les-entreprises","next_start","added from team sheet; confirm it is still sold"
"2","hec","Mettre en oeuvre le management de la performance","https://www.hec.edu/en/executive-education/mettre-en-oeuvre-le-management-de-la-performance","next_start","added from team sheet; confirm it is still sold"
"2","hec","Nouvelles tendances en marketing","https://www.hec.edu/en/executive-education/nouvelles-tendances-en-marketing#Profile","next_start","added from team sheet; confirm it is still sold"
"2","hec","Pilotage de la performance commerciale","https://www.hec.edu/en/executive-education/pilotage-de-la-performance-commerciale#Program","next_start","added from team sheet; confirm it is still sold"
"2","hec","Piloter l'exécution de la stratégie de l'entreprise","https://www.hec.edu/en/executive-education/piloter-l-execution-de-la-strategie-de-l-entreprise","next_start","added from team sheet; confirm it is still sold"
"2","hec","Piloter la performance extra-financière et l’impact esg","https://www.hec.edu/en/executive-education/piloter-la-performance-extra-financiere-et-l-impact-esg#Profile","next_start","added from team sheet; confirm it is still sold"
"2","hec","Purpose & Performance","https://www.hec.edu/en/executive-education/purpose-performance","next_start","added from team sheet; confirm it is still sold"
"2","hec","Réussir ses négociations","https://www.hec.edu/en/executive-education/reussir-ses-negociations","next_start","added from team sheet; confirm it is still sold"
"2","hec","Scaling for Success","https://www.hec.edu/en/executive-education/scaling-success","next_start","added from team sheet; confirm it is still sold"
"2","hec","Stratégie commerciale","https://www.hec.edu/en/executive-education/strategie-commerciale","next_start","added from team sheet; confirm it is still sold"
"2","hec","Stratégie de prix","https://www.hec.edu/en/executive-education/strategie-de-prix#Program","next_start","added from team sheet; confirm it is still sold"
"2","hec","Stratégie financière pour décideurs","https://www.hec.edu/en/executive-education/strategie-financiere-pour-decideurs","next_start","added from team sheet; confirm it is still sold"
"2","hec","Women Leadership Program","https://www.hec.edu/en/executive-education/women-leadership-program#Profile","next_start","added from team sheet; confirm it is still sold"
"2","imd","Programme d'Excellence en Gouvernance des Conseils d'Administration","https://www.imd.org/governance/egca/gouvernance-conseils-administration/","fee;duration;next_start","missing fields"
"2","imd","Executive Certificate in AI and Digital Business Excellence","https://www.imd.org/programs-solutions/certification/digital-business-excellence/","fee;duration","missing fields"
"2","imd","Executive Certificate in Sustainable Business","https://www.imd.org/programs-solutions/certification/sustainable-business/","fee;duration","missing fields"
"2","imd","Online Executive Certificate in Digital Acceleration","https://www.imd.org/programs-solutions/certification/online-executive-certificate-digital-acceleration/","fee;duration","missing fields"
"2","imd","Online Executive Certificate in Leadership","https://www.imd.org/programs-solutions/certification/online-executive-certificate-leadership/","fee;duration","missing fields"
"2","imd","Online Executive Certificate in Strategy","https://www.imd.org/programs-solutions/certification/online-executive-certificate-strategy/","fee;duration","missing fields"
"2","imd","AI Strategies: From Analytics to Agents","https://www.imd.org/digital-transformation/aiso/ai-strategies-online-course/","next_start","missing fields"
"2","imd","AI Strategy and Implementation","https://www.imd.org/digital-transformation/aisi/ai-strategy-and-implementation/","next_start","missing fields"
"2","imd","Advanced Management Program (AMP)","https://www.imd.org/management/amp/advanced-management-program/","next_start","missing fields"
"2","imd","Breakthrough Program for Senior Executives","https://www.imd.org/management/bpse/executive-leadership-program/","next_start","missing fields"
"2","imd","Building Digital Ecosystems","https://www.imd.org/digital-transformation/bde/building-digital-ecosystems/","next_start","missing fields"
"2","imd","Business Analytics for Leaders","https://www.imd.org/digital-transformation/bal/business-analytics-course/","next_start","missing fields"
"2","imd","Business Creativity and Innovation Sprint","https://www.imd.org/sprint/business-creativity-innovation/","next_start","missing fields"
"2","imd","Business Finance","https://www.imd.org/finance/bf/online-finance-course/","next_start","missing fields"
"2","imd","C-Suite Program","https://www.imd.org/management/csp/c-suite-program/","next_start","missing fields"
"2","imd","Creating Value in the Circular Economy","https://www.imd.org/sustainability/cvce/creating-value-circular-economy/","next_start","missing fields"
"2","imd","Digital Transformation Sprint","https://www.imd.org/sprint/digital-transformation/","next_start","missing fields"
"2","imd","Digital Transformation in Practice","https://www.imd.org/digital-transformation/dtip/digital-transformation-in-practice/","next_start","missing fields"
"2","imd","Digital and AI Accelerator (Singapore)","https://www.imd.org/digital-transformation/dac/digital-accelerator/","next_start","missing fields"
"2","imd","Disruptive Innovation","https://www.imd.org/innovation/di/disruptive-innovation-course/","next_start","missing fields"
"2","imd","Driving Innovative Finance for Impact","https://www.imd.org/finance/difi/driving-innovative-finance-for-impact/","next_start","missing fields"
"2","imd","Driving Strategic Innovation","https://www.imd.org/innovation/dsi/driving-strategic-innovation/","next_start","missing fields"
"2","imd","Driving Strategic Innovation @MIT","https://www.imd.org/innovation/dsi/driving-strategic-innovation-usa/","next_start","missing fields"
"2","imd","Foundations for Business Leadership","https://www.imd.org/management/fbl/foundation-business-leadership/","next_start","missing fields"
"2","imd","Future Leaders","https://www.imd.org/management/fl/future-leaders-program/","next_start","missing fields"
"2","imd","Future Proofing your Business Family (Singapore)","https://www.imd.org/family-business/fpbf/future-proofing-business-family/","next_start","missing fields"
"2","imd","Generative AI Sprint","https://www.imd.org/sprint/generative-ai/","next_start","missing fields"
"2","imd","Global Management Foundations","https://www.imd.org/management/gmf/global-management-foundations/","next_start","missing fields"
"2","imd","IMD Executive Coaching Certificate","https://www.imd.org/leadership/iecc/executive-coaching-certificate/","duration","missing fields"
"2","imd","Innovate with AI and Tech","https://www.imd.org/digital-transformation/iait/innovate-ai-technologies/","next_start","missing fields"
"2","imd","Innovation in Action","https://www.imd.org/innovation/ia/innovation-course/","next_start","missing fields"
"2","imd","Inside China's Innovation Ecosystem: A Shenzhen Immersion","https://www.imd.org/strategy/icie/china-shenzhen-immersion","next_start","missing fields"
"2","imd","Integrating Sustainability into Strategy","https://www.imd.org/sustainability/iss/integrating-sustainability-strategy/","next_start","missing fields"
"2","imd","Leading Digital Execution","https://www.imd.org/digital-transformation/lde/leading-digital-execution/","next_start","missing fields"
"2","imd","Leading Digital and AI Transformation","https://www.imd.org/digital-transformation/ldait/leading-digital-ai-transformation/","next_start","missing fields"
"2","imd","Leading Sustainable Business Transformation","https://www.imd.org/sustainability/lsbt/leading-sustainable-business-transformation/","next_start","missing fields"
"2","imd","Leading your Family Business","https://www.imd.org/family-business/lfb/leading-your-family-business/","next_start","missing fields"
"2","imd","Leading your Family Office","https://www.imd.org/family-business/lfo/leading-your-family-office/","next_start","missing fields"
"2","imd","Lean Intrapreneurship","https://www.imd.org/innovation/li/corporate-entrepreneurship/","next_start","missing fields"
"2","imd","Marketing Strategy in the Digital Age","https://www.imd.org/marketing/msda/marketing-strategy-digital-age/","next_start","missing fields"
"2","imd","Measuring and Managing Sustainability Impact","https://www.imd.org/sustainability/mmsi/measuring-and-managing-sustainability-impact/","next_start","missing fields"
"2","imd","Negotiating for Value Creation","https://www.imd.org/negotiation/nvc/negotiation-course/","next_start","missing fields"
"2","imd","Orchestrating Winning Performance (OWP) Lausanne","https://www.imd.org/owp","next_start","missing fields"
"2","imd","Orchestrating Winning Performance (OWP) Singapore","https://www.imd.org/owp/sessions/singapore-2026/","next_start","missing fields"
"2","imd","Organizational Learning in Action","https://www.imd.org/human-resources/ola/organizational-learning/","next_start","missing fields"
"2","imd","Program for Executive Development (PED)","https://www.imd.org/management/ped/general-management-course/","next_start","missing fields"
"2","imd","Reinventing Luxury Lab","https://www.imd.org/luxury/rll/luxury-lab/","next_start","missing fields"
"2","imd","Strategic Finance","https://www.imd.org/finance/sf/strategic-finance-course/","next_start","missing fields"
"2","imd","Strategic Forum for Senior Executives","https://www.imd.org/management/bfse/executive-leadership-forum/","next_start","missing fields"
"2","imd","Strategy Execution","https://www.imd.org/strategy/se/strategy-execution-course/","next_start","missing fields"
"2","imd","Strategy for Future Readiness","https://www.imd.org/strategy/sfr/strategy-for-future-readiness-program/","next_start","missing fields"
"2","imd","Supply Chain for the AI Era","https://www.imd.org/supply-chain/sscl/strategic-supply-chain-leadership/","next_start","missing fields"
"2","imd","Transition to Business Leadership","https://www.imd.org/management/tbl/business-leadership-training/","next_start","missing fields"
"2","imd","Venture Capital Asset Management","https://www.imd.org/finance/vam/venture-capital-management/","next_start","missing fields"
"2","imd","Winning Sustainability Strategies","https://www.imd.org/sustainability/wss/sustainability-strategy-course/","next_start","missing fields"
"2","insead","Advanced Certificate in Corporate Governance","https://www.insead.edu/executive-education/insead-certification-directors","fee;duration;next_start","missing fields"
"2","insead","Building Strategic Partnerships and Ecosystems","https://www.insead.edu/executive-education/open-online-programmes/building-strategic-partnerships-ecosystems","fee;duration;next_start","missing fields"
"2","insead","Certificate in Corporate Governance","https://www.insead.edu/executive-education/insead-certification-directors","fee;duration;next_start","missing fields"
"2","insead","Chief Operating Officer (COO) Programme","https://www.insead.edu/executive-education/programmes-delivered-emeritus/COO-programme","fee;duration;next_start","missing fields"
"2","insead","Chief Strategy Officer (CSO) Programme","https://www.insead.edu/executive-education/programmes-delivered-emeritus/chief-strategy-officer-programme","fee;duration;next_start","missing fields"
"2","insead","Driving Digital Marketing Strategy","https://www.insead.edu/executive-education/open-online-programmes/driving-digital-marketing-strategy","fee;duration;next_start","missing fields"
"2","insead","Driving Innovation for Growth","https://www.insead.edu/executive-education/open-online-programmes/driving-innovation-growth","fee;duration;next_start","missing fields"
"2","insead","Future Food & Ag Leadership programme from Agrohub and INSEAD","https://www.insead.edu/executive-education/partner-programmes/future-food-ag-leadership-programme-agrohub-agfunder","fee;duration;next_start","missing fields"
"2","insead","IDP Connect - Boardroom in Practice","https://www.insead.edu/executive-education/corporate-governance/idp-connect-boardroom-practice","fee;duration;next_start","missing fields"
"2","insead","INSEAD Healthcare Ethics & Compliance Programme","https://www.insead.edu/executive-education/partner-programmes/insead-healthcare-ethics-compliance-programme","fee;duration;next_start","missing fields"
"2","insead","INSEAD and Scandinavian Executive Institute Partnership Programmes","https://www.insead.edu/executive-education/partner-programmes/insead-and-scandinavian-executive-institute-partnership","fee;duration;next_start","missing fields"
"2","insead","INSEAD for Impact","https://www.insead.edu/executive-education/leadership/insead-impact","fee;duration;next_start","missing fields"
"2","insead","Leading Through Change and Uncertainty","https://www.insead.edu/executive-education/open-online-programmes/leading-through-change-uncertainty","fee;duration;next_start","missing fields"
"2","insead","M&A Success Strategies","https://www.insead.edu/executive-education/programmes-delivered-emeritus/mergers-acquisitions-success-strategies","fee;duration;next_start","missing fields"
"2","insead","Mastering Creative Thinking","https://www.insead.edu/executive-education/open-online-programmes/mastering-creative-thinking","fee;duration;next_start","missing fields"
"2","insead","Negotiation Fundamentals","https://www.insead.edu/executive-education/open-online-programmes/negotiation-fundamentals","fee;duration;next_start","missing fields"
"2","insead","Rethinking Global Strategy","https://www.insead.edu/executive-education/programmes-delivered-emeritus/rethinking-global-strategy","fee;duration;next_start","missing fields"
"2","insead","SAL-INSEAD Legal Leadership and Strategy Programme","https://www.insead.edu/executive-education/partner-programmes/sal-insead-legal-leadership-and-strategy-programme","fee;duration;next_start","missing fields"
"2","insead","Supply Chain Strategies for Business","https://www.insead.edu/executive-education/programmes-delivered-emeritus/supply-chain-strategies-business","fee;duration;next_start","missing fields"
"2","insead","Sustainability Leadership Programme for Senior Executives","https://www.insead.edu/executive-education/programmes-delivered-emeritus/sustainability-leadership-programme-for-senior-executives","fee;duration;next_start","missing fields"
"2","insead","Sustainability Leadership and Strategy Programme","https://www.insead.edu/executive-education/programmes-delivered-emeritus/sustainability-leadership-strategy-programme","fee;duration;next_start","missing fields"
"2","insead","The Future of Work","https://www.insead.edu/executive-education/open-online-programmes/future-of-work","fee;duration;next_start","missing fields"
"2","insead","Virtual Executive Coaching","https://www.insead.edu/executive-education/insead-executive-coaching/coaching-sessions","fee;duration;next_start","missing fields"
"2","insead","AI for Boards","https://www.insead.edu/executive-education/corporate-governance/ai-boards","fee;next_start","missing fields"
"2","insead","AI for Business: Strategic Opportunities with AI","https://www.insead.edu/executive-education/digital-transformation-ai/ai-business-strategic-opportunities-ai","fee;next_start","missing fields"
"2","insead","AI for Business: from Strategy to Execution","https://www.insead.edu/executive-education/digital-transformation-ai/ai-business-strategy-execution","fee;next_start","missing fields"
"2","insead","CTAM Europe Executive Management Programme","https://www.insead.edu/executive-education/partner-programmes/ctam-europe-executive-management-programme","fee;next_start","missing fields"
"2","insead","Certificate in Global Management","https://www.insead.edu/executive-education/certificate-global-management","fee;next_start","missing fields"
"2","insead","Human Capital in the Age of AI","https://www.insead.edu/executive-education/top-management/human-capital-age-ai","fee;next_start","missing fields"
"2","insead","INSEAD Hans H. Wahl Impact Entrepreneurship Programme","https://www.insead.edu/executive-education/partner-programmes/insead-hans-h-wahl-impact-entrepreneurship-programme","fee;next_start","missing fields"
"2","insead","Product Leadership Programme","https://www.insead.edu/executive-education/partner-programmes/product-leadership-programme","fee;next_start","missing fields"
"2","insead","Reinventing Teams with AI","https://www.insead.edu/executive-education/leadership/reinventing-teams-ai","fee;next_start","missing fields"
"2","insead","Strategy in the Age of Digital and AI","https://www.insead.edu/executive-education/open-online-programmes/strategy-age-digital-ai","fee;next_start","missing fields"
"2","insead","AI for Business","https://www.insead.edu/executive-education/digital-transformation-ai/ai-business","next_start","added from team sheet; confirm it is still sold"
"2","insead","AVIRA: Awareness, Vision, Imagination, Role, Action","https://www.insead.edu/executive-education/top-management/avira-awareness-vision-imagination-role-action","next_start","missing fields"
"2","insead","Advanced International Corporate Finance","https://www.insead.edu/executive-education/finance/advanced-international-corporate-finance","next_start","missing fields"
"2","insead","Advanced Negotiations","https://www.insead.edu/executive-education/open-online-programmes/advanced-negotiations","next_start","added from team sheet; confirm it is still sold"
"2","insead","Advanced Programme in Coaching Groups","https://www.insead.edu/executive-education/coaching/advanced-programme-coaching-groups","next_start","missing fields"
"2","insead","Advancing Diversity and Inclusion","https://www.insead.edu/executive-education/open-online-programmes/advancing-diversity-inclusion","next_start","missing fields"
"2","insead","Aspiring Directors Programme","https://www.insead.edu/executive-education/corporate-governance/aspiring-directors-programme","next_start","missing fields"
"2","insead","Aspiring Women Leaders Programme","https://www.insead.edu/executive-education/leadership/aspiring-women-leaders-programme","next_start","added from team sheet; confirm it is still sold"
"2","insead","B2B Marketing Strategies","https://www.insead.edu/executive-education/marketing-sales/b2b-marketing-strategies","next_start","missing fields"
"2","insead","Business Strategy and Financial Performance","https://www.insead.edu/executive-education/open-online-programmes/business-strategy-financial-performance","next_start","missing fields"
"2","insead","Collaborative Leadership","https://www.insead.edu/executive-education/leadership/collaborative-leadership","next_start","missing fields"
"2","insead","Competitive Strategy","https://www.insead.edu/executive-education/strategy/competitive-strategy","next_start","missing fields"
"2","insead","Corporate Strategy for Board Members","https://www.insead.edu/executive-education/corporate-governance/corporate-strategy-board-members","next_start","missing fields"
"2","insead","Corporate Venturing and Innovation","https://www.insead.edu/executive-education/entrepreneurship/corporate-venturing-and-innovation","next_start","added from team sheet; confirm it is still sold"
"2","insead","Crisis Management for Boards","https://www.insead.edu/executive-education/corporate-governance/crisis-management-boards","next_start","missing fields"
"2","insead","Developing Emerging Leaders","https://www.insead.edu/executive-education/open-online-programmes/developing-emerging-leaders","next_start","missing fields"
"2","insead","Entrepreneurship: New Business Ventures","https://www.insead.edu/executive-education/entrepreneurship/entrepreneurship-new-business-ventures","next_start","missing fields"
"2","insead","Executive Presence and Influence","https://www.insead.edu/executive-education/open-online-programmes/executive-presence-influence","next_start","missing fields"
"2","insead","Finance for Executives","https://www.insead.edu/executive-education/finance/finance-executives","next_start","missing fields"
"2","insead","Financial Analysis for Non-Financial Managers","https://www.insead.edu/executive-education/open-online-programmes/financial-analysis-managers","next_start","missing fields"
"2","insead","High Impact Leadership Programme","https://www.insead.edu/executive-education/leadership/high-impact-leadership-programme","next_start","missing fields"
"2","insead","INSEAD Blue Ocean Strategy","https://www.insead.edu/executive-education/strategy/blue-ocean-strategy","next_start","missing fields"
"2","insead","INSEAD Business Sustainability Programme","https://www.insead.edu/executive-education/strategy/business-sustainability-programme","next_start","missing fields"
"2","insead","INSEAD Leadership Programme for Senior Executives – India","https://www.insead.edu/executive-education/partner-programmes/insead-leadership-programme-senior-executives-india","next_start","missing fields"
"2","insead","Impactful Communication for Leaders","https://www.insead.edu/executive-education/open-online-programmes/impactful-communication-leaders","next_start","missing fields"
"2","insead","International Directors Programme","https://www.insead.edu/executive-education/corporate-governance/international-directors-programme","next_start","missing fields"
"2","insead","LEAP: Leadership Excellence through Awareness and Practice","https://www.insead.edu/executive-education/top-management/leap-leadership-excellence-awareness-practice","next_start","missing fields"
"2","insead","Lead the Future","https://www.insead.edu/executive-education/open-online-programmes/lead-future","next_start","missing fields"
"2","insead","Leading AI and Digital Marketing Strategy","https://www.insead.edu/executive-education/marketing-sales/leading-ai-and-digital-marketing-strategy","next_start","missing fields"
"2","insead","Leading AI and Digital Transformation","https://www.insead.edu/executive-education/digital-transformation-ai/leading-ai-and-digital-transformation","next_start","missing fields"
"2","insead","Leading Across Borders and Cultures","https://www.insead.edu/executive-education/leadership/leading-across-borders-cultures","next_start","missing fields"
"2","insead","Leading Change in an Age of Digital Transformation","https://www.insead.edu/executive-education/leadership/leading-change-age-digital-transformation","next_start","missing fields"
"2","insead","Leading Organisations in Disruptive Times","https://www.insead.edu/executive-education/open-online-programmes/leading-organisations-disruptive-times","next_start","missing fields"
"2","insead","Leading Successful Change","https://www.insead.edu/executive-education/leadership/leading-successful-change","next_start","missing fields"
"2","insead","Leading Teams","https://www.insead.edu/executive-education/leadership/leading-teams","next_start","missing fields"
"2","insead","Leading for Results","https://www.insead.edu/executive-education/leadership/leading-results","next_start","missing fields"
"2","insead","Leading from the Chair","https://www.insead.edu/executive-education/corporate-governance/leading-from-the-chair","next_start","missing fields"
"2","insead","Leading the Effective Sales Force","https://www.insead.edu/executive-education/marketing-sales/leading-effective-sales-force","next_start","missing fields"
"2","insead","Learning to Lead","https://www.insead.edu/executive-education/leadership/learning-lead","next_start","missing fields"
"2","insead","M&As and Corporate Strategy","https://www.insead.edu/executive-education/strategy/merger-acquisition-corporate-strategy","next_start","missing fields"
"2","insead","Management Acceleration Programme","https://www.insead.edu/executive-education/general-management/management-acceleration-programme","next_start","missing fields"
"2","insead","Managing Partnerships and Strategic Alliances","https://www.insead.edu/executive-education/strategy/managing-partnerships-strategic-alliances","next_start","missing fields"
"2","insead","Negotiation Dynamics","https://www.insead.edu/executive-education/marketing-sales/negotiation-dynamics","next_start","missing fields"
"2","insead","Online Certificate in Business Essentials","https://www.insead.edu/executive-education/insead-online-certificates","next_start","missing fields"
"2","insead","Online Certificate in Digital Transformation","https://www.insead.edu/executive-education/insead-online-certificates","next_start","missing fields"
"2","insead","Online Certificate in Negotiation","https://www.insead.edu/executive-education/insead-online-certificates","next_start","missing fields"
"2","insead","Strategic Decision Making for Leaders","https://www.insead.edu/executive-education/leadership/strategic-decision-making-leaders","next_start","missing fields"
"2","insead","Strategic Management in Banking","https://www.insead.edu/executive-education/finance/strategic-management-banking","next_start","missing fields"
"2","insead","Strategic Marketing Programme","https://www.insead.edu/executive-education/marketing-sales/strategic-marketing-programme","next_start","missing fields"
"2","insead","Strategic Negotiations","https://www.insead.edu/executive-education/open-online-programmes/strategic-negotiations","next_start","added from team sheet; confirm it is still sold"
"2","insead","Strategic R&D Management","https://www.insead.edu/executive-education/rd-and-operations-management/strategic-rd-management","next_start","missing fields"
"2","insead","Strategy Execution Programme","https://www.insead.edu/executive-education/strategy/strategy-execution-programme","next_start","missing fields"
"2","insead","Strategy in the Age of AI and Digital Disruption","https://www.insead.edu/executive-education/open-online-programmes/strategy-age-digital-disruption","next_start","added from team sheet; confirm it is still sold"
"2","insead","Supply Chain Management","https://www.insead.edu/executive-education/rd-and-operations-management/supply-chain-management","next_start","missing fields"
"2","insead","The Challenge of Leadership","https://www.insead.edu/executive-education/top-management/challenge-leadership","next_start","missing fields"
"2","insead","Transition to General Management","https://www.insead.edu/executive-education/general-management/transition-general-management","next_start","missing fields"
"2","insead","Value Creation for Owners and Directors","https://www.insead.edu/executive-education/corporate-governance/value-creation-owners-directors","next_start","missing fields"
"2","insead","Women Leaders Programme","https://www.insead.edu/executive-education/leadership/women-leaders-programme","next_start","missing fields"
"2","kellogg","High-Impact Sales Strategy in a Digital World","https://www.kellogg.northwestern.edu/executive-education/individual-programs/executive-programs/salestrat/#upcomingsessions","fee;format;duration;next_start","added from team sheet; confirm it is still sold"
"2","kellogg","Forming Family Enterprise Governance","https://www.kellogg.northwestern.edu/executive-education/individual-programs/executive-programs/fameg/#upcomingsessions","fee;format;duration","added from team sheet; confirm it is still sold"
"2","kellogg","Turning Data into Revenue: Decision-Making Analytics for Sales Executives","https://www.kellogg.northwestern.edu/executive-education/individual-programs/executive-programs/salesana/#upcomingsessions","format;next_start","added from team sheet; confirm it is still sold"
"2","kellogg","AI Strategies and Applications for Leaders","https://online.em.kellogg.northwestern.edu/kellogg-ai-strategies-and-applications-for-leaders?src_trk=em680a3aebd165d2.3028779295613785&utm_campaign=organic&utm_medium=EmWebsite&utm_source=google","next_start","added from team sheet; confirm it is still sold"
"2","kellogg","AI at Scale: Driving Real Business Outcomes Across the Enterprise","https://www.kellogg.northwestern.edu/executive-education/individual-programs/executive-programs/aiscale/#upcomingsessions","next_start","added from team sheet; confirm it is still sold"
"2","kellogg","Advanced Marketing Management","https://www.kellogg.northwestern.edu/executive-education/individual-programs/executive-programs/admark/#upcomingsessions","next_start","added from team sheet; confirm it is still sold"
"2","kellogg","B2B Sales Force Strategy & Effectiveness in the Digital Age","https://www.kellogg.northwestern.edu/executive-education/individual-programs/executive-programs/sales/#upcomingsessions","next_start","added from team sheet; confirm it is still sold"
"2","kellogg","Business Marketing Strategy","https://www.kellogg.northwestern.edu/executive-education/individual-programs/executive-programs/btob/#upcomingsessions","next_start","added from team sheet; confirm it is still sold"
"2","kellogg","Competitive Strategy","https://www.kellogg.northwestern.edu/executive-education/individual-programs/executive-programs/compete/#upcomingsessions","next_start","added from team sheet; confirm it is still sold"
"2","kellogg","Constructive Collaboration","https://www.kellogg.northwestern.edu/executive-education/individual-programs/executive-programs/collaborate/#upcomingsessions","","added from team sheet; confirm it is still sold"
"2","kellogg","Corporate Finance","https://www.kellogg.northwestern.edu/executive-education/individual-programs/executive-programs/corpfin/#upcomingsessions","next_start","added from team sheet; confirm it is still sold"
"2","kellogg","Corporate Governance","https://www.kellogg.northwestern.edu/executive-education/individual-programs/executive-programs/director/#upcomingsessions","","added from team sheet; confirm it is still sold"
"2","kellogg","Creating and Managing Strategic Alliances","https://www.kellogg.northwestern.edu/executive-education/individual-programs/executive-programs/cmsa/#upcomingsessions","next_start","added from team sheet; confirm it is still sold"
"2","kellogg","Delivering Business Growth","https://www.kellogg.northwestern.edu/executive-education/individual-programs/executive-programs/bizgrowth/#upcomingsessions","next_start","added from team sheet; confirm it is still sold"
"2","kellogg","Driving Organizational Change","https://www.kellogg.northwestern.edu/executive-education/individual-programs/executive-programs/orgchange/#upcomingsessions","next_start","added from team sheet; confirm it is still sold"
"2","kellogg","Energizing People for Performance","https://www.kellogg.northwestern.edu/executive-education/individual-programs/executive-programs/people/#upcomingsessions","next_start","added from team sheet; confirm it is still sold"
"2","kellogg","Executive Development Program","https://www.kellogg.northwestern.edu/executive-education/individual-programs/executive-programs/edp/#upcomingsessions","","added from team sheet; confirm it is still sold"
"2","kellogg","Family Enterprise Boards","https://www.kellogg.northwestern.edu/executive-education/individual-programs/executive-programs/famboard/#upcomingsessions","","added from team sheet; confirm it is still sold"
"2","kellogg","Family Enterprise Leaders Forum 2025: Strategic Growth","https://www.kellogg.northwestern.edu/executive-education/individual-programs/executive-programs/famelf/","","added from team sheet; confirm it is still sold"
"2","kellogg","Finance for Executives","https://www.kellogg.northwestern.edu/executive-education/individual-programs/executive-programs/finexec/#upcomingsessions","next_start","added from team sheet; confirm it is still sold"
"2","kellogg","Governing Family Enterprises","https://www.kellogg.northwestern.edu/executive-education/individual-programs/executive-programs/family/#upcomingsessions","next_start","added from team sheet; confirm it is still sold"
"2","kellogg","Growth Marketing","https://www.kellogg.northwestern.edu/executive-education/individual-programs/executive-programs/growth/#upcomingsessions","next_start","added from team sheet; confirm it is still sold"
"2","kellogg","Kellogg on Branding","https://www.kellogg.northwestern.edu/executive-education/individual-programs/executive-programs/brand/#upcomingsessions","next_start","added from team sheet; confirm it is still sold"
"2","kellogg","Leading High-Impact Teams","https://www.kellogg.northwestern.edu/executive-education/individual-programs/executive-programs/team/#upcomingsessions","","added from team sheet; confirm it is still sold"
"2","kellogg","Leading and Sustaining a Culture of Innovation","https://www.kellogg.northwestern.edu/executive-education/individual-programs/executive-programs/innovate/#upcomingsessions","next_start","added from team sheet; confirm it is still sold"
"2","kellogg","Leading with AI","https://www.kellogg.northwestern.edu/executive-education/individual-programs/executive-programs/bigdata/#upcomingsessions","next_start","added from team sheet; confirm it is still sold"
"2","kellogg","Lean Operations","https://www.kellogg.northwestern.edu/executive-education/individual-programs/executive-programs/lean/#upcomingsessions","next_start","added from team sheet; confirm it is still sold"
"2","kellogg","Merger Week","https://www.kellogg.northwestern.edu/executive-education/individual-programs/executive-programs/mw/#upcomingsessions","next_start","added from team sheet; confirm it is still sold"
"2","kellogg","Negotiation Master Class","https://www.kellogg.northwestern.edu/executive-education/individual-programs/executive-programs/mneg/#upcomingsessions","next_start","added from team sheet; confirm it is still sold"
"2","kellogg","Operations Strategy","https://www.kellogg.northwestern.edu/executive-education/individual-programs/executive-programs/opstrat/#upcomingsessions","next_start","added from team sheet; confirm it is still sold"
"2","kellogg","Post Graduate Certificate in Digital Marketing","https://online.em.kellogg.northwestern.edu/kellogg-post-graduate-certificate-in-digital-marketing?src_trk=em680a3aebd165d2.302877921058966122&utm_campaign=organic&utm_medium=EmWebsite&utm_source=google","next_start","added from team sheet; confirm it is still sold"
"2","kellogg","Post Graduate Certificate in Product Management","https://online.em.kellogg.northwestern.edu/kellogg-post-graduate-certificate-in-product-management?src_trk=em680a3aebd165d2.3028779295613785&utm_campaign=organic&utm_medium=EmWebsite&utm_source=google","next_start","added from team sheet; confirm it is still sold"
"2","kellogg","Selling Yourself and Your Ideas","https://www.kellogg.northwestern.edu/executive-education/individual-programs/executive-programs/selling/#upcomingsessions","next_start","added from team sheet; confirm it is still sold"
"2","kellogg","Strategic Capabilities for Emerging Business Leaders","https://www.kellogg.northwestern.edu/executive-education/individual-programs/executive-programs/stratcap/","next_start","added from team sheet; confirm it is still sold"
"2","kellogg","Strategic Marketing Leadership Program","https://online.em.kellogg.northwestern.edu/kellogg-strategic-marketing-leadership-programme?src_trk=em680a3aebd165d2.302877921058966122&utm_campaign=organic&utm_medium=EmWebsite&utm_source=google","next_start","added from team sheet; confirm it is still sold"
"2","kellogg","Supply Chain Management","https://www.kellogg.northwestern.edu/executive-education/individual-programs/executive-programs/supply/#upcomingsessions","next_start","added from team sheet; confirm it is still sold"
"2","kellogg","The Customer-Focused Organization","https://www.kellogg.northwestern.edu/executive-education/individual-programs/executive-programs/focus/#upcomingsessions","next_start","added from team sheet; confirm it is still sold"
"2","kellogg","The Leader Within","https://www.kellogg.northwestern.edu/executive-education/individual-programs/executive-programs/lsphere/#upcomingsessions","next_start","added from team sheet; confirm it is still sold"
"2","kellogg","The Strategy of Leadership","https://www.kellogg.northwestern.edu/executive-education/individual-programs/executive-programs/newscience/#upcomingsessions","next_start","added from team sheet; confirm it is still sold"
"2","lbs","AI Masterclass for your organisation","https://www.london.edu/executive-education/ai/ai-masterclass-for-your-organisation","fee;duration;next_start","missing fields"
"2","lbs","AI Masterclass in partnership with the Financial Times","https://www.london.edu/executive-education/ai/ai-masterclass-in-partnership-with-financial-times","fee;duration;next_start","missing fields"
"2","lbs","Analytics and AI: From Data Insights to Strategic Impact","https://www.london.edu/executive-education/digital-transformation-and-innovation/analytics-and-ai-from-data-insights-to-strategic-impact","fee;duration;next_start","missing fields"
"2","lbs","Business Analytics with Generative AI","https://www.london.edu/lbs-online/business-analytics-with-generative-ai","fee;duration;next_start","missing fields"
"2","lbs","Certificate in Finance","https://www.london.edu/executive-education/certificates/certificate-in-finance","fee;duration;next_start","missing fields"
"2","lbs","Certificate in Management","https://www.london.edu/executive-education/certificates/certificate-in-management","fee;duration;next_start","missing fields"
"2","lbs","Chief Marketing Officer Programme","https://www.london.edu/executive-education/leadership/chief-marketing-officer-programme","fee;duration;next_start","missing fields"
"2","lbs","Cybersecurity, AI and Digital Trust","https://www.london.edu/lbs-online/cybersecurity-ai-and-digital-trust","fee;duration;next_start","missing fields"
"2","lbs","Executive Presence and Communication","https://www.london.edu/executive-education/leadership/executive-presence-and-communication","fee;duration;next_start","missing fields"
"2","lbs","Fintech Strategy: A Playbook from the Experts","https://www.london.edu/lbs-online/fintech-strategy-a-playbook-from-the-experts","fee;duration;next_start","missing fields"
"2","lbs","Generative AI for Leaders: From Insight to Implementation","https://www.london.edu/lbs-online/generative-ai-for-leaders-from-insight-to-implementation","fee;duration;next_start","missing fields"
"2","lbs","Leading through Crisis","https://www.london.edu/executive-education/leadership/leading-through-crisis","fee;duration;next_start","missing fields"
"2","lbs","Mastering Decision-making Through Better Judgement","https://www.london.edu/lbs-online/lbs-online-masterclasses/mastering-decision-making-through-better-judgement","fee;duration;next_start","missing fields"
"2","lbs","Product Management – Strategy and Innovation","https://www.london.edu/lbs-online/product-management-strategy-and-innovation","fee;duration;next_start","missing fields"
"2","lbs","Strategic Branding","https://www.london.edu/executive-education/marketing/strategic-branding","fee;duration;next_start","missing fields"
"2","lbs","Strategy Implementation for Saudi Leaders","https://www.london.edu/executive-education/strategy/strategy-implementation-for-saudi-leaders","fee;duration;next_start","missing fields"
"2","lbs","AI Product Development for Business Leaders","https://www.london.edu/lbs-online/lbs-online-masterclasses/ai-product-development-for-business-leaders","duration;next_start","missing fields"
"2","lbs","Building an AI Business: From Idea to Impact","https://www.london.edu/lbs-online/lbs-online-masterclasses/building-an-ai-business-from-idea-to-impact","duration;next_start","missing fields"
"2","lbs","Judgement at Work: Making Better Choices - Online","https://www.london.edu/lbs-online/insight-series/judgement-at-work-making-better-choices","duration;next_start","added from team sheet; confirm it is still sold"
"2","lbs","Accelerated Development Programme","https://www.london.edu/executive-education/general-management/accelerated-development-programme","next_start","missing fields"
"2","lbs","Accounting and Financial Analysis","https://www.london.edu/executive-education/finance/accounting-and-financial-analysis","next_start","missing fields"
"2","lbs","Beyond Pricing: Strategies for Business Growth","https://www.london.edu/executive-education/marketing/beyond-pricing-strategies-for-business-growth","next_start","missing fields"
"2","lbs","Building Diverse and Inclusive Teams","https://www.london.edu/lbs-online/building-diverse-and-inclusive-teams","next_start","missing fields"
"2","lbs","Business Analytics in the Age of Generative AI - Online","https://www.london.edu/lbs-online/business-analytics-in-the-age-of-generative-ai#how-you-learn","next_start","added from team sheet; confirm it is still sold"
"2","lbs","Chief Investment Officer Programme","https://online.london.edu/chief-investment-officer","fee","missing fields"
"2","lbs","Cybersecurity and Digital Trust for Leaders","https://www.london.edu/lbs-online/cybersecurity-and-digital-trust-for-leaders","next_start","missing fields"
"2","lbs","Data Science for Competitive Advantage","https://www.london.edu/executive-education/digital-transformation-and-innovation/data-science-for-competitive-advantage","next_start","added from team sheet; confirm it is still sold"
"2","lbs","Developing Strategy for Value Creation","https://www.london.edu/executive-education/strategy/developing-strategy-for-value-creation","next_start","missing fields"
"2","lbs","ESG Investing","https://www.london.edu/lbs-online/esg-investing","next_start","missing fields"
"2","lbs","Executing Strategy for Results","https://www.london.edu/executive-education/strategy/executing-strategy-for-results","next_start","missing fields"
"2","lbs","Executing Strategy for Saudi Leaders","https://www.london.edu/executive-education/strategy/executing-strategy-for-saudi-leaders#what-you-learn","next_start","added from team sheet; confirm it is still sold"
"2","lbs","Finance For Non-Finance Executives","https://www.london.edu/executive-education/finance/finance-for-non-finance-executives","next_start","missing fields"
"2","lbs","Financial Stability: Managing Risk and Driving Growth","https://www.london.edu/executive-education/finance/financial-stability-managing-risk-and-driving-growth","next_start","added from team sheet; confirm it is still sold"
"2","lbs","Financial Strategies for Value Creation","https://www.london.edu/executive-education/finance/financial-strategies-for-value-creation","next_start","missing fields"
"2","lbs","Fintech Forward: Strategies for Incumbents and Startups - Online","https://www.london.edu/lbs-online/fintech-forward-strategies-for-incumbents-and-startups","next_start","added from team sheet; confirm it is still sold"
"2","lbs","Global C-Suite Leadership Programme","https://online.london.edu/global-csuite-leadership","fee","missing fields"
"2","lbs","Global Executive Programme","https://www.london.edu/executive-education/general-management/global-executive-programme","next_start","missing fields"
"2","lbs","HR Strategy in Transforming Organisations","https://www.london.edu/executive-education/strategy/hr-strategy-in-transforming-organisations","next_start","missing fields"
"2","lbs","High Performance People Skills for Leaders","https://www.london.edu/executive-education/leadership/high-performance-people-skills-for-leaders","next_start","missing fields"
"2","lbs","Innovation Through Design Thinking","https://www.london.edu/lbs-online/innovation-through-design-thinking","next_start","missing fields"
"2","lbs","Leading Businesses into the Future","https://www.london.edu/executive-education/leadership/leading-businesses-into-the-future","next_start","missing fields"
"2","lbs","Leading Change for Organisational Transformation","https://www.london.edu/executive-education/leadership/leading-change","next_start","missing fields"
"2","lbs","Leading Digital Transformation","https://www.london.edu/lbs-online/leading-digital-transformation","next_start","missing fields"
"2","lbs","Leading Teams for Emerging Leaders","https://www.london.edu/executive-education/leadership/leading-teams-for-emerging-leaders","next_start","missing fields"
"2","lbs","Masterclass in Private Equity","https://www.london.edu/executive-education/finance/masterclass-in-private-equity","next_start","missing fields"
"2","lbs","Mastering Digital Transformation","https://www.london.edu/executive-education/digital-transformation-and-innovation/mastering-digital-transformation","next_start","missing fields"
"2","lbs","Mergers and Acquisitions","https://www.london.edu/executive-education/strategy/mergers-and-acquisitions","next_start","missing fields"
"2","lbs","Negotiating and Influencing Skills for Leaders","https://www.london.edu/lbs-online/negotiating-and-influencing-skills-for-leaders","next_start","missing fields"
"2","lbs","Next Generation Digital Strategy","https://www.london.edu/executive-education/digital-transformation-and-innovation/next-generation-digital-strategy","next_start","missing fields"
"2","lbs","Next-Level Leadership","https://www.london.edu/executive-education/leadership/next-level-leadership","next_start","missing fields"
"2","lbs","Private Equity Negotiations","https://www.london.edu/executive-education/finance/private-equity-negotiations","next_start","missing fields"
"2","lbs","Project and Infrastructure Finance","https://www.london.edu/executive-education/finance/project-and-infrastructure-finance","next_start","missing fields"
"2","lbs","Scenario Planning for Strategic Resilience","https://www.london.edu/lbs-online/scenario-planning-for-strategic-resilience","next_start","missing fields"
"2","lbs","Strategic Branding: From Behavioural Insights to Business Growth","https://www.london.edu/executive-education/marketing/strategic-branding","next_start","added from team sheet; confirm it is still sold"
"2","lbs","Strategic Investment Management","https://www.london.edu/executive-education/finance/strategic-investment-management","next_start","missing fields"
"2","lbs","Strategy for Emerging Leaders","https://www.london.edu/executive-education/strategy/strategy-for-emerging-leaders","next_start","missing fields"
"2","lbs","Supply Chain Executive Leadership","https://www.london.edu/executive-education/leadership/supply-chain-executive-leadership","next_start","missing fields"
"2","lbs","Sustainability Leadership and Corporate Responsibility","https://www.london.edu/lbs-online/sustainability-leadership-and-corporate-responsibility","next_start","missing fields"
"2","lbs","Valuation","https://www.london.edu/executive-education/finance/valuation","next_start","missing fields"
"2","lbs","Venture Capital: Financing the Entrepreneurial Business","https://www.london.edu/executive-education/finance/financing-the-entrepreneurial-business","next_start","missing fields"
"2","lbs","Women in Leadership","https://www.london.edu/executive-education/leadership/women-in-leadership","next_start","missing fields"
"2","stanford","Executive Program for Nonprofit Leaders","https://www.gsb.stanford.edu/exec-ed/programs/executive-program-nonprofit-leaders?program-location=in-person","fee;next_start","added from team sheet; confirm it is still sold"
"2","stanford","Launching a Startup","https://em-execed.stanford.edu/launching-a-startup?utm_source=stn&utm_campaign=school_website&utm_medium=website","fee;next_start","added from team sheet; confirm it is still sold"
"2","stanford","Sustainability Strategies: Develop Initiatives to Transform Your Business","https://em-execed.stanford.edu/sustainability-strategies?utm_source=stn&utm_campaign=school_website&utm_medium=website","fee;next_start","added from team sheet; confirm it is still sold"
"2","stanford","The AI-Powered Organization","https://www.gsb.stanford.edu/exec-ed/programs/ai-powered-organization?program-topic=design-thinking,entrepreneurship,innovation,strategy,technology--operations","duration;next_start","added from team sheet; confirm it is still sold"
"2","stanford","The Strategic Sustainability Leader Program","https://www.gsb.stanford.edu/exec-ed/programs/strategic-sustainability-leader-program","duration;next_start","added from team sheet; confirm it is still sold"
"2","stanford","Agile Leadership: Building Adaptability and Embracing Creativity","https://www.gsb.stanford.edu/exec-ed/programs/agile-leadership?program-location=online","next_start","added from team sheet; confirm it is still sold"
"2","stanford","Amplify Your Persuasive Impact","https://www.gsb.stanford.edu/exec-ed/programs/amplify-your-persuasive-impact?program-location=online","next_start","added from team sheet; confirm it is still sold"
"2","stanford","Asian Leadership Program","https://www.gsb.stanford.edu/exec-ed/programs/asian-leadership-program?program-location=in-person&program-location=online","next_start","added from team sheet; confirm it is still sold"
"2","stanford","Black Leaders Program","https://www.gsb.stanford.edu/exec-ed/programs/black-leaders-program?program-location=in-person","next_start","added from team sheet; confirm it is still sold"
"2","stanford","Coaching Skills for Effective Leadership","https://www.gsb.stanford.edu/exec-ed/programs/coaching-skills-effective-leadership?program-location=online","next_start","added from team sheet; confirm it is still sold"
"2","stanford","Create a Happy and Meaningful Life","https://www.gsb.stanford.edu/exec-ed/programs/create-happy-meaningful-life?program-location=online","next_start","added from team sheet; confirm it is still sold"
"2","stanford","Culture as a Competitive Advantage","https://www.gsb.stanford.edu/exec-ed/programs/culture-competitive-advantage?program-location=in-person","next_start","added from team sheet; confirm it is still sold"
"2","stanford","Customer-Focused Innovation","https://www.gsb.stanford.edu/exec-ed/programs/customer-focused-innovation?program-location=in-person","next_start","added from team sheet; confirm it is still sold"
"2","stanford","Demystify Decision Making","https://www.gsb.stanford.edu/exec-ed/programs/demystify-decision-making?program-location=online","next_start","added from team sheet; confirm it is still sold"
"2","stanford","Design Thinking Bootcamp: Make Impact and Drive Growth in Your Organization","https://www.gsb.stanford.edu/exec-ed/programs/design-thinking-bootcamp?program-location=in-person","next_start","added from team sheet; confirm it is still sold"
"2","stanford","Digital Transformation Playbook: Leverage Technology to Innovate Your Business","https://em-execed.stanford.edu/digital-transformation-playbook?utm_source=stn&utm_medium=website&utm_campaign=school_website","next_start","added from team sheet; confirm it is still sold"
"2","stanford","Digital Transformation: Leading Organizational Change in the Age of AI","https://www.gsb.stanford.edu/exec-ed/programs/digital-transformation?program-location=in-person","next_start","added from team sheet; confirm it is still sold"
"2","stanford","Directors’ Consortium","https://www.gsb.stanford.edu/exec-ed/programs/directors-consortium?program-location=in-person","next_start","added from team sheet; confirm it is still sold"
"2","stanford","Disrupt Your Business","https://www.gsb.stanford.edu/exec-ed/programs/disrupt-your-business?program-location=online","next_start","added from team sheet; confirm it is still sold"
"2","stanford","Driving Innovation and New Ventures in Established Organizations","https://www.gsb.stanford.edu/exec-ed/programs/driving-innovation-new-ventures-established-organizations?program-location=in-person","next_start","added from team sheet; confirm it is still sold"
"2","stanford","Executive Leadership Development","https://www.gsb.stanford.edu/exec-ed/programs/executive-leadership-development?program-location=in-person","next_start","added from team sheet; confirm it is still sold"
"2","stanford","Executive Program for Growing Companies","https://www.gsb.stanford.edu/exec-ed/programs/executive-program-growing-companies?program-location=in-person","next_start","added from team sheet; confirm it is still sold"
"2","stanford","Executive Program in Leadership: The Effective Use of Power","https://www.gsb.stanford.edu/exec-ed/programs/executive-program-leadership?program-location=in-person","next_start","added from team sheet; confirm it is still sold"
"2","stanford","Executive Program in Strategy and Organization","https://www.gsb.stanford.edu/exec-ed/programs/executive-program-strategy-organization?program-location=in-person","next_start","added from team sheet; confirm it is still sold"
"2","stanford","Executive Program in Women’s Leadership","https://www.gsb.stanford.edu/exec-ed/programs/executive-program-womens-leadership?program-location=in-person","next_start","added from team sheet; confirm it is still sold"
"2","stanford","Finance and Accounting for the Nonfinancial Executive","https://www.gsb.stanford.edu/exec-ed/programs/finance-accounting-nonfinancial-executive?program-location=in-person","next_start","added from team sheet; confirm it is still sold"
"2","stanford","Harnessing AI for Breakthrough Innovation and Strategic Impact","https://www.gsb.stanford.edu/exec-ed/programs/harnessing-ai-breakthrough-innovation-strategic-impact?program-location=in-person","next_start","added from team sheet; confirm it is still sold"
"2","stanford","High-Potential Women Leaders Program","https://www.gsb.stanford.edu/exec-ed/programs/high-potential-women-leaders-program?program-location=online","next_start","added from team sheet; confirm it is still sold"
"2","stanford","Influence and Negotiation Strategies Program","https://www.gsb.stanford.edu/exec-ed/programs/influence-negotiation-strategies-program?program-location=in-person","next_start","added from team sheet; confirm it is still sold"
"2","stanford","Innovative Product Leadership: The Emerging Chief Product Officer","https://www.gsb.stanford.edu/exec-ed/programs/innovative-product-leadership?program-location=in-person","next_start","added from team sheet; confirm it is still sold"
"2","stanford","Interpersonal Dynamics for High-Performance Executives","https://www.gsb.stanford.edu/exec-ed/programs/interpersonal-dynamics-high-performance-executives?program-location=in-person","next_start","added from team sheet; confirm it is still sold"
"2","stanford","LGBTQ Executive Leadership Program","https://www.gsb.stanford.edu/exec-ed/programs/lgbtq-executive-leadership-program?program-location=in-person","next_start","added from team sheet; confirm it is still sold"
"2","stanford","Leading Change and Organizational Renewal","https://www.gsb.stanford.edu/exec-ed/programs/leading-change-organizational-renewal?program-location=in-person","next_start","added from team sheet; confirm it is still sold"
"2","stanford","Leverage Diversity and Inclusion for Organizational Excellence","https://www.gsb.stanford.edu/exec-ed/programs/leverage-diversity-inclusion-organizational-excellence?program-location=online","next_start","added from team sheet; confirm it is still sold"
"2","stanford","Managing Risk and Reputation in a Complex World","https://www.gsb.stanford.edu/exec-ed/programs/managing-risk-reputation-complex-world?program-location=in-person","next_start","added from team sheet; confirm it is still sold"
"2","stanford","Managing Teams for Innovation and Success","https://www.gsb.stanford.edu/exec-ed/programs/managing-teams-innovation-success?program-location=in-person","next_start","added from team sheet; confirm it is still sold"
"2","stanford","Master Storytelling for Authentic Leadership","https://www.gsb.stanford.edu/exec-ed/programs/master-storytelling-authentic-leadership?program-location=online","next_start","added from team sheet; confirm it is still sold"
"2","stanford","Mergers and Acquisitions","https://www.gsb.stanford.edu/exec-ed/programs/mergers-acquisitions?program-location=in-person","next_start","added from team sheet; confirm it is still sold"
"2","stanford","People, Culture, and Performance: Strategies from Silicon Valley","https://www.gsb.stanford.edu/exec-ed/programs/people-culture-performance?program-location=in-person","next_start","added from team sheet; confirm it is still sold"
"2","stanford","Sharpen Your Communication Skills","https://www.gsb.stanford.edu/exec-ed/programs/sharpen-your-communication-skills?program-location=online","next_start","added from team sheet; confirm it is still sold"
"2","stanford","Stanford Executive Program","https://www.gsb.stanford.edu/exec-ed/programs/stanford-executive-program?program-location=online","next_start","added from team sheet; confirm it is still sold"
"2","stanford","Stanford Ignite – Full-Time","https://www.gsb.stanford.edu/exec-ed/programs/stanford-ignite-full-time?program-location=in-person","next_start","added from team sheet; confirm it is still sold"
"2","stanford","Stanford Ignite – Post-9/11 Veterans","https://www.gsb.stanford.edu/exec-ed/programs/stanford-ignite-veterans","next_start","added from team sheet; confirm it is still sold"
"2","stanford","Stanford LEAD Online Business Program","https://www.gsb.stanford.edu/exec-ed/programs/stanford-lead-online-business-program","next_start","added from team sheet; confirm it is still sold"
"2","stanford","Stanford-NUS Executive Program in International Management","https://www.gsb.stanford.edu/exec-ed/programs/stanford-nus-executive-program?program-location=in-person","next_start","added from team sheet; confirm it is still sold"
"2","stanford","The Emerging CFO: Strategic Financial Leadership Program","https://www.gsb.stanford.edu/exec-ed/programs/emerging-cfo?program-location=in-person","next_start","added from team sheet; confirm it is still sold"
"2","stanford","The Emerging CMO: Strategic Marketing Leadership","https://www.gsb.stanford.edu/exec-ed/programs/emerging-cmo?program-location=in-person","next_start","added from team sheet; confirm it is still sold"
"2","stanford","The Emerging COO: Driving Innovation and Operational Excellence","https://www.gsb.stanford.edu/exec-ed/programs/emerging-coo?program-location=online","next_start","added from team sheet; confirm it is still sold"
"2","stanford","The Innovative Technology Leader","https://www.gsb.stanford.edu/exec-ed/programs/innovative-technology-leader?program-location=in-person","next_start","added from team sheet; confirm it is still sold"
"2","stanford","The Strategic Chief Sustainability Officer Program","https://www.gsb.stanford.edu/exec-ed/programs/strategic-chief-sustainability-officer-program?program-location=online","next_start","added from team sheet; confirm it is still sold"
"2","wharton","ABA Stonier Graduate School of Banking Program","https://executiveeducation.wharton.upenn.edu/for-individuals/all-programs/aba-stonier-graduate-school-of-banking-program/","fee;duration;next_start","missing fields"
"2","wharton","AI Strategy and Decision Making","https://executiveeducation.wharton.upenn.edu/for-individuals/all-programs/ai-strategy-and-decision-making/","fee;duration;next_start","missing fields"
"2","wharton","International Foundation of Employee Benefit Plans: Investment Courses","https://executiveeducation.wharton.upenn.edu/for-individuals/all-programs/international-foundation-of-employee-benefit-plans/","fee;duration;next_start","missing fields"
"2","wharton","Managing Strategic Partnerships and Ecosystems","https://executiveeducation.wharton.upenn.edu/for-individuals/all-programs/managing-strategic-partnerships-and-ecosystems/","fee;duration;next_start","added from team sheet; confirm it is still sold"
"2","wharton","Net-Zero Transformation","https://executiveeducation.wharton.upenn.edu/for-individuals/all-programs/net-zero-transformation/","fee;duration;next_start","added from team sheet; confirm it is still sold"
"2","wharton","Securities Industry Institute®","https://executiveeducation.wharton.upenn.edu/for-individuals/all-programs/sifma-securities-industry-institute/","fee;duration;next_start","missing fields"
"2","wharton","Wharton/ASIS Program for Security Executives: Making the Business Case for Security","https://executiveeducation.wharton.upenn.edu/for-individuals/all-programs/wharton-asis-program-for-security-executives/","fee;duration;next_start","missing fields"
"2","wharton","Applied Value Investing Certificate Program","https://wallstreetprep.wharton.upenn.edu/applied-value-investing-certificate/","fee;duration","missing fields"
"2","wharton","C-Suite Leaders Program","https://online-execed.wharton.upenn.edu/c-suite-leaders-program-india","fee;next_start","missing fields"
"2","wharton","CUES CEO Institute 1: Strategic Planning Program","https://executiveeducation.wharton.upenn.edu/for-individuals/all-programs/cues-ceo-institute-1-strategic-planning-program/","fee;next_start","missing fields"
"2","wharton","Emerging Chief Product Officer Program","https://online-execed.wharton.upenn.edu/emerging-cpo-program","fee;next_start","missing fields"
"2","wharton","Entrepreneurship Acceleration Program","https://online-execed.wharton.upenn.edu/entrepreneurship?utm_medium=EmWebsite&utm_content=University&utm_term=Wharton-Executive-Education&utm_campaign=direct_EmWebsite_University_Wharton-Executive-Education","fee;next_start","added from team sheet; confirm it is still sold"
"2","wharton","Financial Planning & Analysis (FP&A) Certificate Program","https://wallstreetprep.wharton.upenn.edu/financial-planning-and-analysis-certificate/","fee;duration","missing fields"
"2","wharton","Leading a Technology-Driven Organization","https://online-execed.wharton.upenn.edu/leading-technology-driven-organization","fee;next_start","missing fields"
"2","wharton","Lucky by Design: How to Navigate Hidden Markets","https://executiveeducation.wharton.upenn.edu/for-individuals/all-programs/lucky-by-design-how-to-navigate-hidden-markets/","fee;duration","missing fields"
"2","wharton","Private Equity Certificate Program","https://wallstreetprep.wharton.upenn.edu/pe-certificate/","fee;duration","missing fields"
"2","wharton","Real Estate Investing & Analysis Certificate Program","https://wallstreetprep.wharton.upenn.edu/real-estate-investing-certificate/","fee;duration","missing fields"
"2","wharton","Restructuring and Distressed Investing Certificate","https://wallstreetprep.wharton.upenn.edu/restructuring-distressed-investing-certificate/","fee;duration","missing fields"
"2","wharton","Women's Executive Leadership: Business Strategies for Success","https://executiveeducation.wharton.upenn.edu/for-individuals/all-programs/womens-executive-leadership-business-strategies-for-success/","fee;next_start","missing fields"
"2","wharton","Advanced Finance Program","https://executiveeducation.wharton.upenn.edu/for-individuals/all-programs/advanced-finance-program/","duration","missing fields"
"2","wharton","Advancing Digital Innovation","https://executiveeducation.wharton.upenn.edu/for-individuals/all-programs/advancing-digital-innovation/","fee","missing fields"
"2","wharton","Asset Allocation","https://executiveeducation.wharton.upenn.edu/for-individuals/all-programs/asset-allocation/","fee","missing fields"
"2","wharton","Behavioral Economics: Consumer Choice and Decision Making","https://online-execed.wharton.upenn.edu/behavioral-economics","fee","missing fields"
"2","wharton","Board Readiness Program","https://online-execed.wharton.upenn.edu/board-readiness-program","fee","missing fields"
"2","wharton","Business Acumen for Executives","https://online-execed.wharton.upenn.edu/business-acumen-for-rising-executives","fee","missing fields"
"2","wharton","Business Analytics: From Data to Insights","https://online-execed.wharton.upenn.edu/business-analytics","next_start","missing fields"
"2","wharton","Chief Financial Officer (CFO) Program - India","https://online-execed.wharton.upenn.edu/chief-financial-officer-program-india","next_start","missing fields"
"2","wharton","Chief Human Resources Officer (CHRO) Program","https://online-execed.wharton.upenn.edu/chief-human-resources-officer-program","next_start","missing fields"
"2","wharton","Chief Revenue Officer (CRO) Program","https://online-execed.wharton.upenn.edu/chief-revenue-officer-program","next_start","missing fields"
"2","wharton","Corporate Governance: Maximize Your Effectiveness in the Boardroom","https://online-execed.wharton.upenn.edu/corporate-governance","fee","missing fields"
"2","wharton","Design Thinking for Problem Solving and Innovation","https://executiveeducation.wharton.upenn.edu/for-individuals/all-programs/design-thinking-for-problem-solving-and-innovation/","fee","missing fields"
"2","wharton","Driving Strategic Innovation: Leading Complex Initiatives for Impact","https://online-execed.wharton.upenn.edu/driving-strategic-innovation","fee","missing fields"
"2","wharton","Emerging CFO Program","https://online-execed.wharton.upenn.edu/emerging-cfo-program","fee","missing fields"
"2","wharton","Emerging COO Program","https://online-execed.wharton.upenn.edu/emerging-coo-program","fee","missing fields"
"2","wharton","Entrepreneurial Strategy: Acquisition, Commercialization, and Growth","https://executiveeducation.wharton.upenn.edu/for-individuals/all-programs/entrepreneurial-strategy-acquisition-commercialization-and-growth/","fee","missing fields"
"2","wharton","Executive Presence and Influence: Persuasive Leadership Development","https://online-execed.wharton.upenn.edu/executive-presence-influence","fee","missing fields"
"2","wharton","Executive Presence and Management Development Program","https://online-execed.wharton.upenn.edu/executive-presence-and-management-development-program","fee","missing fields"
"2","wharton","From Idea to Impact: Entrepreneurial Opportunity Identification","https://executiveeducation.wharton.upenn.edu/for-individuals/all-programs/from-idea-to-impact-entrepreneurial-opportunity-identification/","fee","missing fields"
"2","wharton","From Plan to Performance: Venture Implementation","https://executiveeducation.wharton.upenn.edu/for-individuals/all-programs/from-plan-to-performance-venture-implementation/","fee","missing fields"
"2","wharton","Fundamentals of Digital Marketing, Social Media, and E-Commerce","https://executiveeducation.wharton.upenn.edu/for-individuals/all-programs/fundamentals-of-digital-marketing-social-media-and-e-commerce/","fee","missing fields"
"2","wharton","Fundamentals of Portfolio Management","https://executiveeducation.wharton.upenn.edu/for-individuals/all-programs/fundamentals-of-portfolio-management/","fee","missing fields"
"2","wharton","Future of Work: Leading Modern Workplaces","https://online-execed.wharton.upenn.edu/future-work","fee","missing fields"
"2","wharton","General Management Program","https://executiveeducation.wharton.upenn.edu/for-individuals/all-programs/general-management-program/","duration","missing fields"
"2","wharton","Global C-Suite Program","https://online-execed.wharton.upenn.edu/global-c-suite-program","fee","missing fields"
"2","wharton","Global Supply Chain Management Program","https://online-execed.wharton.upenn.edu/global-supply-chain-management","fee","missing fields"
"2","wharton","HR Management and Analytics","https://online-execed.wharton.upenn.edu/hr-management","fee","missing fields"
"2","wharton","HR Management and Analytics: Unlock the Value of Human Capital","https://online-execed.wharton.upenn.edu/hr-management?utm_source=whartonweb","next_start","added from team sheet; confirm it is still sold"
"2","wharton","Hedge-Fund Shareholder Activism","https://executiveeducation.wharton.upenn.edu/for-individuals/all-programs/hedge-fund-shareholder-activism/","next_start","added from team sheet; confirm it is still sold"
"2","wharton","High-Impact Communication and Influence","https://online-execed.wharton.upenn.edu/high-impact-communication-and-influence","fee","missing fields"
"2","wharton","High-Impact Leadership Communication","https://online-execed.wharton.upenn.edu/high-impact-leadership-communication","fee","missing fields"
"2","wharton","Innovation Tournaments and the Process View","https://executiveeducation.wharton.upenn.edu/for-individuals/all-programs/innovation-tournaments-and-the-process-view/","fee","missing fields"
"2","wharton","Introduction to Innovation: Everyone Is an Innovator","https://executiveeducation.wharton.upenn.edu/for-individuals/all-programs/introduction-to-innovation-everyone-is-an-innovator/","fee","missing fields"
"2","wharton","Investment Products","https://executiveeducation.wharton.upenn.edu/for-individuals/all-programs/investment-products/","fee","missing fields"
"2","wharton","Leadership Program in AI and Analytics","https://online-execed.wharton.upenn.edu/leadership-program-in-ai-and-analytics","next_start","missing fields"
"2","wharton","Leadership Program in Operations and Supply Chain Strategy","https://online-execed.wharton.upenn.edu/leadership-program-in-operations-and-supply-chain-strategy","fee","missing fields"
"2","wharton","Leadership and Management Certificate Program & Courses","https://online.wharton.upenn.edu/leadership-and-management-certificate/","next_start","added from team sheet; confirm it is still sold"
"2","wharton","Leadership in the Age of Digital Disruption","https://executiveeducation.wharton.upenn.edu/for-individuals/all-programs/leadership-in-the-age-of-digital-disruption/","fee","missing fields"
"2","wharton","Leading and Managing High-Impact Teams","https://online-execed.wharton.upenn.edu/leading-and-managing-high-impact-teams-program","fee","missing fields"
"2","wharton","Leading the Digital Organization","https://executiveeducation.wharton.upenn.edu/for-individuals/all-programs/leading-the-digital-organization/","fee","missing fields"
"2","wharton","M&A and Corporate Development Strategies","https://online-execed.wharton.upenn.edu/mergers-acquisitions-corporate-development-strategies","fee","missing fields"
"2","wharton","Management Development Program","https://online-execed.wharton.upenn.edu/management-development-program","fee","missing fields"
"2","wharton","Managing and Motivating Talent","https://executiveeducation.wharton.upenn.edu/for-individuals/all-programs/managing-and-motivating-talent/","fee","missing fields"
"2","wharton","Managing in the Global Digital Economy","https://executiveeducation.wharton.upenn.edu/for-individuals/all-programs/managing-in-the-global-digital-economy/","fee","missing fields"
"2","wharton","Managing the Value of Customer Relationships","https://executiveeducation.wharton.upenn.edu/for-individuals/all-programs/managing-the-value-of-customer-relationships/","fee","missing fields"
"2","wharton","Marketing Analytics","https://online-execed.wharton.upenn.edu/marketing-analytics","fee","missing fields"
"2","wharton","Marketing Analytics: Data Tools and Techniques","https://executiveeducation.wharton.upenn.edu/for-individuals/all-programs/marketing-analytics-data-tools-and-techniques/","fee","missing fields"
"2","wharton","Mastering Executive Influence: Neuroscience-Driven Leadership Strategies","https://online-execed.wharton.upenn.edu/mastering-executive-influence-neuroscience-driven-leadership-strategies","fee","missing fields"
"2","wharton","Mastering Talent Management: Hiring, Engaging, and Rewarding A+ Talent","https://online-execed.wharton.upenn.edu/mastering-talent-management","fee","missing fields"
"2","wharton","Navigating Digital Disruption","https://executiveeducation.wharton.upenn.edu/for-individuals/all-programs/navigating-digital-disruption/","fee","missing fields"
"2","wharton","Owner/President/CEO Program","https://executiveeducation.wharton.upenn.edu/for-individuals/all-programs/owner-president-ceo-program/","duration","missing fields"
"2","wharton","People Management for Emerging Leaders","https://executiveeducation.wharton.upenn.edu/for-individuals/all-programs/people-management-for-emerging-leaders/","next_start","added from team sheet; confirm it is still sold"
"2","wharton","Product Management and Strategy","https://online-execed.wharton.upenn.edu/product-management-and-strategy","fee","missing fields"
"2","wharton","Product Strategy and Revenue Management","https://online-execed.wharton.upenn.edu/product-strategy-and-revenue-management","fee","missing fields"
"2","wharton","Removing Barriers to Change in Organizations","https://executiveeducation.wharton.upenn.edu/for-individuals/all-programs/removing-barriers-to-change-in-organizations/","fee","missing fields"
"2","wharton","Revenue Analytics: Price Optimization","https://online-execed.wharton.upenn.edu/revenue-analytics","fee","missing fields"
"2","wharton","Selling Ideas: How to Influence Others, and Get Your Message to Catch On","https://executiveeducation.wharton.upenn.edu/for-individuals/all-programs/selling-ideas-how-to-influence-others-and-get-your-message-to-catch-on/","fee","missing fields"
"2","wharton","Senior Management Program","https://online-execed.wharton.upenn.edu/senior-management-program","fee","missing fields"
"2","wharton","Strategic Management: Competitive and Corporate Strategy","https://executiveeducation.wharton.upenn.edu/for-individuals/all-programs/strategic-management-competitive-and-corporate-strategy/","fee","missing fields"
"2","wharton","Strategic Operations Management Program","https://online-execed.wharton.upenn.edu/strategic-operations-management-program","fee","missing fields"
"2","wharton","Technology Acceleration Program","https://online-execed.wharton.upenn.edu/technology-acceleration-program","fee","missing fields"
"2","wharton","Understanding the Brain: Using Neuroscience to Deliver Better Business Results","https://online-execed.wharton.upenn.edu/neuroscience-in-business","fee","missing fields"
"2","wharton","Wharton ESG Essentials","https://executiveeducation.wharton.upenn.edu/for-individuals/all-programs/esg-essentials/","next_start","added from team sheet; confirm it is still sold"
"2","wharton","Wharton ESG Executive Certificate for Senior Leaders","https://executiveeducation.wharton.upenn.edu/for-individuals/all-programs/esg-executive-certificate-for-senior-leaders/","next_start","added from team sheet; confirm it is still sold"
"3","emeritus","Global Executive Immersion: Silicon Valley","https://online.emeritus.org/global-executive-ai-immersion?src_trk=em680a3aebd165d2.302877921704543147&utm_campaign=organic&utm_medium=EmWebsite&utm_source=google&_gl=1*juyogx*_gcl_au*MTA2NjM2MDUyNy4xNzQ1NTA3MDc5*_ga*NjQ2NjMxNzg4LjE3NDU1MDExMzM.*_ga_Q6TD6R55VD*czE3NTA2MTg2MjQkbzI5JGcxJHQxNzUwNjIwNDk1JGo2MCRsMCRoNjg1NjQ3NjQ2","fee;next_start","added from team sheet; confirm it is still sold"
"3","emeritus","Advanced Program in Technology Leadership and Innovation","https://executive-ed.xpro.mit.edu/technology-leadership-and-innovation?src_trk=em680a3aebd165d2.3028779295613785&utm_campaign=organic&utm_medium=EmWebsite&utm_source=google","next_start","added from team sheet; confirm it is still sold"
"3","emeritus","Artificial Intelligence & GenAI: Business Strategies and Applications","https://em-executive.berkeley.edu/artificial-intelligence-and-genai-business-strategies-and-applications?src_trk=em680a3aebd165d2.302877921058966122&utm_campaign=organic&utm_medium=EmWebsite&utm_source=google","next_start","added from team sheet; confirm it is still sold"
"3","emeritus","Building AI Products and Services","https://executive-ed.xpro.mit.edu/building-ai-products-and-services?src_trk=em680a3aebd165d2.3028779295613785&utm_campaign=organic&utm_medium=EmWebsite&utm_source=google","next_start","added from team sheet; confirm it is still sold"
"3","emeritus","Data Analytics for Business Strategy: Essential Tools and Applications","https://iimkozhikode.emeritus.org/iimk-professional-certificate-programme-in-data-analytics-for-business-strategy?src_trk=em680a3aebd165d2.30287792886357090&utm_campaign=organic&utm_medium=EmWebsite&utm_source=google&_gl=1*qqq71a*_gcl_au*MTA2NjM2MDUyNy4xNzQ1NTA3MDc5*_ga*NjQ2NjMxNzg4LjE3NDU1MDExMzM.*_ga_Q6TD6R55VD*czE3NTA2MDM2MzEkbzI4JGcxJHQxNzUwNjA0NjM5JGo0MiRsMCRoMTI5NjEwOTE5MQ..","next_start","added from team sheet; confirm it is still sold"
"3","emeritus","General Management Programme for Business Excellence","https://iimkozhikode.emeritus.org/iimk-general-management-programme-for-business-excellence?src_trk=em680a3aebd165d2.30287792886357090&utm_campaign=organic&utm_medium=EmWebsite&utm_source=google&_gl=1*1lvhrp3*_gcl_au*MTA2NjM2MDUyNy4xNzQ1NTA3MDc5*_ga*NjQ2NjMxNzg4LjE3NDU1MDExMzM.*_ga_Q6TD6R55VD*czE3NTA2MDM2MzEkbzI4JGcxJHQxNzUwNjA1NjUwJGo2MCRsMCRoMTI5NjEwOTE5MQ..","next_start","added from team sheet; confirm it is still sold"
"3","emeritus","Post Graduate Certificate in Cybersecurity","https://executive-ed.xpro.mit.edu/post-graduate-certificate-in-cybersecurity?src_trk=em680a3aebd165d2.3028779295613785&utm_campaign=organic&utm_medium=EmWebsite&utm_source=google","next_start","added from team sheet; confirm it is still sold"
"3","emeritus","Post Graduate Program in AI and Machine Learning","https://em-executive.berkeley.edu/post-graduate-program-in-ai-and-ml?src_trk=em680a3aebd165d2.302877921058966122&utm_campaign=organic&utm_medium=EmWebsite&utm_source=google","next_start","added from team sheet; confirm it is still sold"
"3","emeritus","Post Graduate Program in Data Science and AI","https://executive-ed.xpro.mit.edu/post-graduate-program-in-data-science-and-ai?src_trk=em680a3aebd165d2.3028779295613785&utm_campaign=organic&utm_medium=EmWebsite&utm_source=google","next_start","added from team sheet; confirm it is still sold"
"3","emeritus","Professional Certificate in Data Engineering with Microsoft Azure","https://admissions.emeritus.org/programs/emeritus/professional-certificate-in-data-engineering-with-microsoft-azure?src_trk=em680a3aebd165d2.30287792886357090&utm_campaign=organic&utm_medium=EmWebsite&utm_source=google&_gl=1*ic5z79*_gcl_au*MTA2NjM2MDUyNy4xNzQ1NTA3MDc5*_ga*NjQ2NjMxNzg4LjE3NDU1MDExMzM.*_ga_Q6TD6R55VD*czE3NTA2MDM2MzEkbzI4JGcxJHQxNzUwNjA4NTg0JGozMSRsMCRoMTI5NjEwOTE5MQ..","next_start","added from team sheet; confirm it is still sold"
"3","emeritus","Professional Certificate in Instructional Design","https://admissions.emeritus.org/programs/emeritus/professional-certificate-in-instructional-design?src_trk=em680a3aebd165d2.30287792886357090&utm_campaign=organic&utm_medium=EmWebsite&utm_source=google&_gl=1*1a2ahvo*_gcl_au*MTA2NjM2MDUyNy4xNzQ1NTA3MDc5*_ga*NjQ2NjMxNzg4LjE3NDU1MDExMzM.*_ga_Q6TD6R55VD*czE3NTA2MDM2MzEkbzI4JGcxJHQxNzUwNjA4NTg0JGozMSRsMCRoMTI5NjEwOTE5MQ..","next_start","added from team sheet; confirm it is still sold"
"3","imarticus","Corporate and Investment Banking","https://imarticus.org/downloads/IIML_CIB_15102024-6bcce148e401a108e7347153669548b2.pdf","next_start","added from team sheet; confirm it is still sold"
"3","imarticus","Financial Services And Capital Markets","Financial Services Course | IIM Lucknow Program","next_start","added from team sheet; confirm it is still sold"
"3","imarticus","Global Senior Leadership Programme Specialisation: Chief Finance Officer","https://imarticus.org/chief-finance-officer-specialisation-gslp-iim-lucknow/","next_start","added from team sheet; confirm it is still sold"
"3","imarticus","Investment Banking and Capital Markets","https://imarticus.org/downloads/IIMC_EPIBCM_11102024-b507d3509360b9806f445692f02caf7e.pdf","next_start","added from team sheet; confirm it is still sold"
"3","imarticus","Private Equity & Venture Capital Programme","https://imarticus.org/iim-calcutta-private-equity-venture-capital-program/","next_start","added from team sheet; confirm it is still sold"
"3","jaro","Artificial Intelligence and Cyber Security for Organizations [EPAI&CSO]","https://www.jaroeducation.com/executive-programme-in-artificial-intelligence-and-cyber-security-for-organizations-iim-indore/","next_start","added from team sheet; confirm it is still sold"
"3","jaro","Digital Marketing: Business Models, Processes and Technologies","https://www.jaroeducation.com/digital-marketing-business-models-technologies-iim-ahmedabad/","next_start","added from team sheet; confirm it is still sold"
"3","jaro","Information Technology Management for Strategic Business Leadership: A Programme for Future CIOs and CTOs","https://www.jaroeducation.com/it-management-strategic-business-leadership-future-cio-cto-iim-ahmedabad/","next_start","added from team sheet; confirm it is still sold"
"3","jaro","Professional Certificate Programme In Strategic Sales Management And New Age Marketin","https://www.jaroeducation.com/professional-certificate-programme-in-strategic-sales-management-and-new-age-marketing-iim-kozhikode/","next_start","added from team sheet; confirm it is still sold"
